OrderID,OrderDate,CustomerName,CustomerAge,Gender,CustomerCity,ProductCategory,ProductName,Quantity,UnitPrice,DiscountPercent,DeliveryDays,PaymentMethod,CustomerRating,ShippingCost,CouponCode,ReturnReason,Year,Monthname,Dayname,Quarter,sales,QuantityType
ORD100674,2024-07-20,Diya Verma,34.0,Male,Delhi,Beauty & Personal Care,Lip Balm Pack,4.0,144.7,0.0,4.0,Net Banking,4.0,0.0,,,2024,July,Saturday,3,578.8,low
ORD102063,2024-10-17,Reyansh Sharma,31.0,Male,Kolkata,Footwear,Formal Leather Shoes,2.0,486.07,40.0,2.0,Debit Card,0.0,0.0,NEWUSER15,,2024,October,Thursday,4,583.284,low
ORD100377,2024-11-11,Sara Deshmukh,51.0,Male,Pune,Apparel,Men Cotton T-Shirt,1.0,852.46,10.0,3.0,Credit Card,4.0,0.0,FEST20,,2024,November,Monday,4,767.214,low
ORD100802,2024-04-14,Riya Kapoor,49.0,Male,Nagpur,Apparel,Men Cotton T-Shirt,1.0,1246.09,0.0,2.0,UPI,0.0,0.0,NEWUSER15,,2024,April,Sunday,2,1246.09,low
ORD101208,2023-09-17,Sneha Pillai,39.0,Male,Lucknow,Grocery,Green Tea Pack,1.0,379.31,25.0,4.0,Debit Card,0.0,80.0,FLAT100,,2023,September,Sunday,3,364.4825,low
ORD102726,2023-05-05,Anika Pillai,34.0,Female,Pune,Electronics,LED Bulb Smart,2.0,2346.35,15.0,5.0,UPI,5.0,80.0,,Size Issue,2023,May,Friday,2,4068.7949999999996,low
ORD100852,2025-05-27,Riya Shah,43.0,Female,Hyderabad,Apparel,Kids Hoodie,1.0,1256.96,10.0,4.0,Debit Card,5.0,0.0,,,2025,May,Tuesday,2,1131.2640000000001,low
ORD102868,2025-02-22,Vivaan Patel,31.0,Female,Chennai,Home & Kitchen,Wall Clock,4.0,856.51,10.0,9.0,UPI,0.0,40.0,,,2025,February,Saturday,1,3123.436,low
ORD102986,2024-11-12,Ananya Iyer,37.0,Female,Delhi,Grocery,Assorted Dry Fruits,2.0,200.1,0.0,9.0,Debit Card,2.0,40.0,,,2024,November,Tuesday,4,440.2,low
ORD102736,2024-06-07,Aditya Singh,47.0,Female,Indore,Beauty & Personal Care,Sunscreen SPF50,2.0,749.01,10.0,4.0,Cash on Delivery,0.0,0.0,,,2024,June,Friday,2,1348.218,low
ORD100429,2024-10-10,Sai Nair,24.0,Male,Chandigarh,Beauty & Personal Care,Lip Balm Pack,3.0,580.07,15.0,7.0,Debit Card,4.0,100.0,,,2024,October,Thursday,4,1579.1785,low
ORD102149,2023-10-02,Rohan Verma,29.0,Female,Surat,Electronics,USB-C Cable,2.0,2450.73,25.0,5.0,UPI,4.0,150.0,,,2023,October,Monday,4,3826.0950000000003,low
ORD100727,2023-01-10,Ishita Joshi,34.0,Male,Ahmedabad,Grocery,Whole Wheat Atta 5kg,4.0,405.44,0.0,8.0,UPI,4.0,0.0,,,2023,January,Tuesday,1,1621.76,low
ORD100454,2024-06-27,Kavya Chopra,34.0,Female,Hyderabad,Home & Kitchen,Cotton Bedsheet Set,1.0,524.56,20.0,2.0,UPI,5.0,0.0,,,2024,June,Thursday,2,419.64799999999997,low
ORD100740,2025-01-14,Rahul Gupta,34.0,Male,Kochi,Apparel,Sports Track Pant,3.0,1308.5,30.0,9.0,Credit Card,4.0,0.0,,Defective Product,2025,January,Tuesday,1,2747.85,low
ORD100362,2023-07-23,Krishna Kulkarni,34.0,Female,Hyderabad,Electronics,LED Bulb Smart,1.0,2079.98,0.0,2.0,UPI,5.0,0.0,FLAT100,,2023,July,Sunday,3,2079.98,low
ORD101337,2023-09-27,Krishna Nair,41.0,Female,Jaipur,Apparel,Women Kurti,1.0,1301.13,0.0,3.0,UPI,4.0,0.0,,,2023,September,Wednesday,3,1301.13,low
ORD101216,2024-04-06,Krishna Shah,27.0,Male,Pune,Beauty & Personal Care,Hair Oil 200ml,1.0,848.68,30.0,7.0,Credit Card,5.0,0.0,,,2024,April,Saturday,2,594.0759999999999,low
ORD100580,2023-03-27,Aditya Sharma,35.0,Female,Bengaluru,Electronics,Power Bank 10000mAh,1.0,2385.68,5.0,8.0,Cash on Delivery,3.0,0.0,,,2023,March,Monday,1,2266.3959999999997,low
ORD100125,2024-05-29,Sneha Agarwal,34.0,Female,Lucknow,Footwear,Flip Flops,1.0,622.23,0.0,7.0,Debit Card,4.0,0.0,NEWUSER15,Defective Product,2024,May,Wednesday,2,622.23,low
ORD101740,2024-11-19,Vihaan Sharma,30.0,Male,Mumbai,Footwear,Running Shoes,2.0,2135.92,5.0,9.0,Net Banking,5.0,150.0,,,2024,November,Tuesday,4,4208.248,low
ORD102441,2023-01-01,Rahul Reddy,35.0,Female,Nagpur,Grocery,Basmati Rice 5kg,1.0,322.01,0.0,2.0,Credit Card,3.0,0.0,,,2023,January,Sunday,1,322.01,low
ORD100502,2025-05-26,Aarav Patel,30.0,Female,Nagpur,Footwear,Sandals,1.0,788.62,0.0,5.0,UPI,3.0,0.0,,,2025,May,Monday,2,788.62,low
ORD101227,2025-06-15,Neha Chopra,30.0,Female,Chandigarh,Beauty & Personal Care,Face Wash 100ml,3.0,105.43,42.5,5.0,UPI,0.0,0.0,,,2025,June,Sunday,2,158.145,low
ORD100807,2024-12-03,Vihaan Shah,46.0,Male,Jaipur,Grocery,Whole Wheat Atta 5kg,1.0,259.53,40.0,7.0,Credit Card,5.0,0.0,SAVE10,Changed Mind,2024,December,Tuesday,4,155.718,low
ORD101495,2024-12-13,Ishita Gupta,25.0,Male,Delhi,Grocery,Whole Wheat Atta 5kg,5.0,579.45,0.0,6.0,UPI,1.0,0.0,SAVE10,,2024,December,Friday,4,2897.25,low
ORD101903,2023-08-15,Karan Pillai,23.0,Male,Chandigarh,Apparel,Men Cotton T-Shirt,2.0,1231.25,5.0,9.0,Cash on Delivery,0.0,0.0,SAVE10,,2023,August,Tuesday,3,2339.375,low
ORD102902,2025-02-25,Reyansh Rao,21.0,Male,Lucknow,Beauty & Personal Care,Body Lotion,5.0,2603.435,20.0,9.0,Cash on Delivery,0.0,150.0,SAVE10,,2025,February,Tuesday,1,4807.712,low
ORD101312,2024-12-11,Ishaan Nair,29.0,Female,Chennai,Footwear,Sandals,1.0,2603.435,0.0,5.0,Debit Card,3.0,0.0,NEWUSER15,,2024,December,Wednesday,4,4807.712,low
ORD100752,2023-10-26,Sara Bhat,48.0,Female,Chandigarh,Apparel,Women Kurti,1.0,1230.53,15.0,6.0,UPI,5.0,40.0,,,2023,October,Thursday,4,1085.9505,low
ORD101051,2023-11-29,Diya Singh,38.0,Male,Kolkata,Electronics,LED Bulb Smart,5.0,1358.32,15.0,7.0,Net Banking,0.0,0.0,,,2023,November,Wednesday,4,4807.712,low
ORD102434,2024-10-02,Vivaan Gupta,29.0,Male,Nagpur,Apparel,Ethnic Saree,2.0,427.32,0.0,4.0,Net Banking,4.0,150.0,,,2024,October,Wednesday,4,1004.64,low
ORD102843,2024-03-15,Rohan Mehta,27.0,Female,Chennai,Footwear,Flip Flops,4.0,2151.71,5.0,8.0,Debit Card,5.0,0.0,,,2024,March,Friday,1,4807.712,low
ORD100296,2025-02-13,Ananya Bhat,27.0,Female,Delhi,Electronics,LED Bulb Smart,6.0,1496.32,5.0,4.0,UPI,5.0,0.0,WELCOME50,,2025,February,Thursday,1,4807.712,high large
ORD101918,2024-10-07,Sneha Mehta,21.0,Male,Chennai,Beauty & Personal Care,Lip Balm Pack,4.0,180.65,5.0,9.0,Net Banking,0.0,100.0,,,2024,October,Monday,4,786.47,low
ORD100318,2025-05-05,Aditya Deshmukh,46.0,Male,Jaipur,Electronics,Portable Speaker,1.0,1406.92,0.0,5.0,Credit Card,0.0,80.0,,,2025,May,Monday,2,1486.92,low
ORD100889,2023-09-04,Amit Agarwal,44.0,Female,Bengaluru,Beauty & Personal Care,Face Wash 100ml,1.0,449.87,42.5,6.0,UPI,1.0,0.0,,,2023,September,Monday,3,224.935,low
ORD100699,2023-03-28,Sai Verma,55.0,Female,Chandigarh,Electronics,LED Bulb Smart,3.0,958.97,15.0,4.0,UPI,5.0,0.0,,,2023,March,Tuesday,1,2445.3734999999997,low
ORD101151,2024-04-04,Anika Sharma,35.0,Female,Hyderabad,Home & Kitchen,Curtain Set,1.0,1493.4,25.0,5.0,UPI,0.0,0.0,,,2024,April,Thursday,2,1120.0500000000002,low
ORD100720,2023-05-07,Reyansh Reddy,34.0,Female,Chandigarh,Beauty & Personal Care,Beard Trimmer,3.0,422.37,15.0,9.0,UPI,4.0,40.0,,,2023,May,Sunday,2,1117.0435,low
ORD101417,2024-02-04,Aarav Deshmukh,16.0,Female,Pune,Electronics,Wireless Mouse,1.0,1289.56,30.0,6.0,Credit Card,0.0,0.0,,,2024,February,Sunday,1,902.6919999999999,low
ORD100180,2024-12-24,Ishaan Sharma,53.0,Female,Mumbai,Footwear,Sandals,4.0,1294.42,0.0,2.0,UPI,2.0,150.0,SAVE10,,2024,December,Tuesday,4,4807.712,low
ORD100638,2024-12-17,Neha Kapoor,34.0,Female,Chennai,Grocery,Cooking Oil 1L,1.0,530.0,30.0,6.0,UPI,5.0,0.0,,,2024,December,Tuesday,4,371.0,low
ORD101496,2024-11-25,Pari Singh,28.0,Female,Surat,Electronics,Wireless Mouse,5.0,1229.45,5.0,9.0,UPI,0.0,0.0,WELCOME50,,2024,November,Monday,4,4807.712,low
ORD100206,2024-12-21,Nikhil Chopra,34.0,Female,Kolkata,Home & Kitchen,LED Table Lamp,2.0,843.82,0.0,2.0,Debit Card,0.0,0.0,SAVE10,,2024,December,Saturday,4,1687.64,low
ORD101533,2023-06-21,Vihaan Reddy,40.0,Male,Kolkata,Beauty & Personal Care,Lip Balm Pack,3.0,676.88,10.0,6.0,UPI,2.0,0.0,FEST20,,2023,June,Wednesday,2,1827.576,low
ORD101236,2023-11-03,Sneha Joshi,34.0,Male,Ahmedabad,Grocery,Cooking Oil 1L,1.0,430.97,25.0,3.0,Net Banking,4.0,150.0,,,2023,November,Friday,4,473.2275,low
ORD101463,2023-02-16,Aarav Bhat,28.0,Male,Kolkata,Grocery,Instant Noodles Pack,5.0,648.4,15.0,8.0,UPI,5.0,80.0,WELCOME50,,2023,February,Thursday,1,2835.7,low
ORD102730,2025-05-25,Aadhya Shah,25.0,Male,Pune,Electronics,Smartwatch Band,3.0,610.13,10.0,4.0,Debit Card,0.0,80.0,FEST20,,2025,May,Sunday,2,1727.3509999999999,low
ORD102101,2024-08-31,Vihaan Agarwal,39.0,Female,Jaipur,Apparel,Formal Shirt,2.0,1361.7,10.0,8.0,Credit Card,4.0,0.0,,,2024,August,Saturday,3,2451.06,low
ORD100717,2024-03-24,Nikhil Kapoor,42.0,Male,Kochi,Apparel,Ethnic Saree,4.0,328.52,25.0,5.0,UPI,0.0,0.0,,,2024,March,Sunday,1,985.56,low
ORD100275,2023-11-06,Sneha Deshmukh,26.0,Male,Pune,Grocery,Spices Combo Pack,1.0,211.71,10.0,2.0,UPI,0.0,0.0,SAVE10,,2023,November,Monday,4,190.53900000000002,low
ORD100415,2023-11-05,Rohan Sharma,27.0,Male,Kochi,Beauty & Personal Care,Beard Trimmer,1.0,384.35,10.0,7.0,Net Banking,0.0,0.0,,,2023,November,Sunday,4,345.915,low
ORD102263,2024-04-15,Karan Kulkarni,54.0,Male,Kolkata,Electronics,Smartphone Cover,3.0,649.84,0.0,9.0,Net Banking,5.0,60.0,,,2024,April,Monday,2,2009.52,low
ORD102922,2023-04-23,Amit Agarwal,30.0,Female,Hyderabad,Grocery,Spices Combo Pack,1.0,165.98,10.0,9.0,Credit Card,0.0,40.0,,Late Delivery,2023,April,Sunday,2,189.382,low
ORD102480,2024-08-16,Vivaan Chopra,42.0,Female,Pune,Electronics,Smartwatch Band,3.0,1813.36,15.0,2.0,Credit Card,4.0,0.0,,,2024,August,Friday,3,4624.068,low
ORD101808,2024-10-21,Aarav Reddy,41.0,Female,Pune,Grocery,Spices Combo Pack,1.0,270.69,15.0,3.0,UPI,5.0,40.0,,,2024,October,Monday,4,270.0865,low
ORD100095,2023-09-20,Priya Bhat,20.0,Male,Ahmedabad,Grocery,Basmati Rice 5kg,1.0,446.96,0.0,9.0,Credit Card,0.0,40.0,,,2023,September,Wednesday,3,486.96,low
ORD101491,2023-01-05,Vihaan Kapoor,30.0,Female,Lucknow,Apparel,Women Kurti,1.0,614.59,5.0,7.0,UPI,4.0,150.0,,,2023,January,Thursday,1,733.8605,low
ORD100603,2023-05-03,Arjun Rao,33.0,Female,Hyderabad,Footwear,Running Shoes,2.0,1611.8,42.5,7.0,Debit Card,0.0,0.0,,,2023,May,Wednesday,2,1611.8,low
ORD100527,2024-01-21,Amit Deshmukh,49.0,Female,Hyderabad,Apparel,Formal Shirt,1.0,849.31,10.0,5.0,UPI,1.0,0.0,,,2024,January,Sunday,1,764.379,low
ORD101526,2023-10-18,Myra Chopra,28.0,Male,Indore,Apparel,Formal Shirt,1.0,1065.63,25.0,9.0,Credit Card,5.0,40.0,,,2023,October,Wednesday,4,839.2225000000001,low
ORD102193,2023-11-13,Arjun Pillai,17.0,Female,Ahmedabad,Electronics,Smartwatch Band,1.0,740.84,15.0,2.0,UPI,0.0,0.0,,,2023,November,Monday,4,629.714,low
ORD101545,2024-06-21,Aadhya Menon,34.0,Male,Chennai,Footwear,Formal Leather Shoes,1.0,1211.0,5.0,9.0,Credit Card,0.0,0.0,,,2024,June,Friday,2,1150.45,low
ORD100742,2024-08-01,Navya Mehta,31.0,Female,Hyderabad,Beauty & Personal Care,Body Lotion,5.0,748.92,5.0,7.0,Credit Card,0.0,0.0,,,2024,August,Thursday,3,3557.37,low
ORD102836,2025-05-29,Aarav Kulkarni,21.0,Female,Ahmedabad,Beauty & Personal Care,Hair Oil 200ml,5.0,814.59,5.0,6.0,Cash on Delivery,2.0,0.0,,,2025,May,Thursday,2,3869.3025000000002,low
ORD101683,2024-12-26,Anika Menon,42.0,Male,Lucknow,Beauty & Personal Care,Face Wash 100ml,2.0,358.18,10.0,9.0,Credit Card,0.0,0.0,FEST20,,2024,December,Thursday,4,644.724,low
ORD100819,2025-06-29,Sneha Agarwal,30.0,Female,Surat,Grocery,Instant Noodles Pack,2.0,499.87,25.0,9.0,Credit Card,0.0,0.0,,,2025,June,Sunday,2,749.8050000000001,low
ORD100838,2024-01-04,Pari Nair,39.0,Male,Surat,Beauty & Personal Care,Face Wash 100ml,1.0,660.87,20.0,8.0,Credit Card,0.0,80.0,,,2024,January,Thursday,1,608.696,low
ORD100737,2023-10-31,Amit Shah,53.0,Female,Lucknow,Electronics,LED Bulb Smart,1.0,2370.28,20.0,3.0,UPI,0.0,150.0,,,2023,October,Tuesday,4,2046.2240000000002,low
ORD102527,2025-05-14,Aarav Pillai,34.0,Male,Indore,Electronics,Smartwatch Band,1.0,2210.96,15.0,4.0,UPI,0.0,80.0,,Size Issue,2025,May,Wednesday,2,1959.316,low
ORD100121,2023-11-20,Amit Reddy,16.0,Female,Kolkata,Home & Kitchen,Non-Stick Pan,1.0,1449.22,0.0,7.0,Net Banking,0.0,0.0,,,2023,November,Monday,4,1449.22,low
ORD100224,2024-10-19,Kavya Reddy,42.0,Male,Hyderabad,Grocery,Instant Noodles Pack,1.0,462.76,40.0,4.0,UPI,3.0,0.0,,Wrong Item Delivered,2024,October,Saturday,4,277.656,low
ORD100804,2024-11-03,Ishita Rao,26.0,Male,Lucknow,Beauty & Personal Care,Hair Oil 200ml,1.0,282.4,0.0,8.0,UPI,3.0,0.0,,,2024,November,Sunday,4,282.4,low
ORD101365,2023-01-17,Ishita Kapoor,34.0,Female,Kolkata,Electronics,Portable Speaker,2.0,734.69,5.0,7.0,Credit Card,0.0,0.0,,,2023,January,Tuesday,1,1395.911,low
ORD101549,2023-01-05,Pooja Rao,39.0,Female,Hyderabad,Home & Kitchen,Non-Stick Pan,2.0,824.87,10.0,7.0,Debit Card,4.0,0.0,,Changed Mind,2023,January,Thursday,1,1484.766,low
ORD101619,2025-06-22,Ananya Rao,40.0,Female,Lucknow,Electronics,Smartphone Cover,5.0,2103.18,30.0,4.0,UPI,2.0,40.0,,Changed Mind,2025,June,Sunday,2,4807.712,low
ORD102847,2023-12-18,Reyansh Nair,47.0,Male,Jaipur,Footwear,Running Shoes,3.0,2027.47,5.0,5.0,UPI,0.0,0.0,,,2023,December,Monday,4,4807.712,low
ORD100259,2024-01-16,Aadhya Kulkarni,24.0,Male,Indore,Electronics,Smartwatch Band,3.0,2483.83,30.0,6.0,UPI,0.0,0.0,SAVE10,,2024,January,Tuesday,1,4807.712,low
ORD101458,2023-08-29,Rohan Chopra,44.0,Male,Ahmedabad,Apparel,Sports Track Pant,2.0,834.13,0.0,2.0,Cash on Delivery,4.0,0.0,SAVE10,,2023,August,Tuesday,3,1668.26,low
ORD101831,2025-05-18,Aarav Menon,38.0,Female,Lucknow,Electronics,Portable Speaker,5.0,1985.31,25.0,5.0,Net Banking,2.0,60.0,,,2025,May,Sunday,2,4807.712,low
ORD102141,2025-03-08,Priya Chopra,34.0,Male,Mumbai,Grocery,Honey 500g,1.0,613.7,25.0,6.0,UPI,2.0,40.0,FLAT100,Late Delivery,2025,March,Saturday,1,500.27500000000003,low
ORD101382,2024-11-18,Aadhya Chopra,34.0,Female,Kolkata,Apparel,Formal Shirt,3.0,1058.21,20.0,7.0,Cash on Delivery,5.0,60.0,FEST20,,2024,November,Monday,4,2599.704,low
ORD102409,2023-01-25,Sneha Singh,42.0,Female,Hyderabad,Electronics,LED Bulb Smart,4.0,720.76,15.0,6.0,UPI,5.0,0.0,,,2023,January,Wednesday,1,2450.584,low
ORD102102,2023-06-06,Reyansh Verma,39.0,Male,Mumbai,Electronics,Power Bank 10000mAh,4.0,2191.9,30.0,8.0,Debit Card,5.0,40.0,,Late Delivery,2023,June,Tuesday,2,4807.712,low
ORD102334,2024-05-18,Vivaan Chopra,35.0,Male,Mumbai,Beauty & Personal Care,Sunscreen SPF50,5.0,579.52,0.0,4.0,Credit Card,4.0,0.0,,,2024,May,Saturday,2,2897.6,low
ORD102342,2024-05-12,Amit Reddy,34.0,Male,Bengaluru,Footwear,Sandals,1.0,1181.42,30.0,2.0,Debit Card,5.0,60.0,,,2024,May,Sunday,2,886.994,low
ORD102584,2023-11-16,Rohan Gupta,39.0,Male,Delhi,Beauty & Personal Care,Sunscreen SPF50,1.0,834.87,10.0,2.0,UPI,1.0,80.0,,,2023,November,Thursday,4,831.383,low
ORD102422,2023-04-05,Sara Chopra,36.0,Male,Lucknow,Home & Kitchen,Steel Water Bottle,2.0,1279.3,15.0,5.0,Debit Card,2.0,0.0,,,2023,April,Wednesday,2,2174.81,low
ORD102416,2023-10-19,Amit Iyer,36.0,Female,Jaipur,Electronics,Power Bank 10000mAh,1.0,2305.12,0.0,2.0,UPI,0.0,80.0,,,2023,October,Thursday,4,2385.12,low
ORD101778,2023-10-08,Myra Rao,56.5,Female,Jaipur,Electronics,LED Bulb Smart,1.0,645.04,0.0,6.0,Cash on Delivery,4.0,80.0,,,2023,October,Sunday,4,725.04,low
ORD100394,2024-10-17,Ishita Nair,40.0,Female,Nagpur,Electronics,Bluetooth Earbuds,1.0,1421.66,20.0,9.0,Credit Card,5.0,0.0,,,2024,October,Thursday,4,1137.3280000000002,low
ORD102779,2023-10-13,Ishaan Bhat,48.0,Female,Delhi,Electronics,Power Bank 10000mAh,5.0,1593.51,30.0,8.0,UPI,2.0,0.0,FLAT100,,2023,October,Friday,4,4807.712,low
ORD102634,2023-11-21,Rahul Verma,38.0,Female,Pune,Apparel,Formal Shirt,1.0,1135.96,30.0,5.0,Net Banking,5.0,0.0,SAVE10,,2023,November,Tuesday,4,795.172,low
ORD100748,2023-10-13,Pooja Joshi,32.0,Male,Jaipur,Electronics,Wireless Mouse,4.0,710.64,30.0,5.0,Net Banking,0.0,0.0,,,2023,October,Friday,4,1989.792,low
ORD101923,2024-01-31,Krishna Gupta,41.0,Female,Bengaluru,Apparel,Men Cotton T-Shirt,2.0,1135.65,20.0,7.0,Credit Card,3.0,60.0,,,2024,January,Wednesday,1,1877.0400000000002,low
ORD102662,2023-05-17,Neha Patel,37.0,Female,Lucknow,Electronics,LED Bulb Smart,1.0,716.3,42.5,8.0,UPI,5.0,0.0,,,2023,May,Wednesday,2,358.15,low
ORD101777,2023-05-29,Aditya Menon,28.0,Male,Delhi,Electronics,Smartphone Cover,3.0,980.35,0.0,4.0,UPI,5.0,0.0,FLAT100,Defective Product,2023,May,Monday,2,2941.05,low
ORD101324,2025-02-28,Sara Shah,21.0,Male,Lucknow,Electronics,Portable Speaker,2.0,1069.28,20.0,7.0,UPI,5.0,0.0,,,2025,February,Friday,1,1710.848,low
ORD102825,2025-02-06,Priya Verma,28.0,Male,Mumbai,Home & Kitchen,Steel Water Bottle,1.0,395.15,0.0,9.0,UPI,5.0,100.0,,,2025,February,Thursday,1,495.15,low
ORD101593,2023-01-18,Kabir Kapoor,38.0,Female,Ahmedabad,Electronics,Wireless Mouse,3.0,798.44,30.0,7.0,Credit Card,0.0,80.0,SAVE10,,2023,January,Wednesday,1,1756.724,low
ORD100658,2023-03-08,Ishita Reddy,32.0,Female,Lucknow,Electronics,Portable Speaker,3.0,1214.53,25.0,2.0,UPI,4.0,100.0,,,2023,March,Wednesday,1,2832.6925,low
ORD101969,2023-05-20,Navya Bhat,39.0,Female,Jaipur,Footwear,Casual Sneakers,4.0,571.33,0.0,6.0,UPI,0.0,0.0,,Changed Mind,2023,May,Saturday,2,2285.32,low
ORD101707,2025-04-11,Navya Joshi,45.0,Male,Mumbai,Electronics,Wireless Mouse,2.0,2482.86,5.0,7.0,UPI,3.0,0.0,WELCOME50,,2025,April,Friday,2,4717.434,low
ORD102501,2023-04-01,Myra Singh,46.0,Female,Lucknow,Apparel,Denim Jeans,1.0,1464.28,42.5,2.0,Net Banking,0.0,0.0,,Late Delivery,2023,April,Saturday,2,732.14,low
ORD100280,2023-09-09,Kabir Shah,35.0,Male,Lucknow,Apparel,Ethnic Saree,1.0,891.6,25.0,3.0,Debit Card,4.0,40.0,FLAT100,,2023,September,Saturday,3,708.7,low
ORD101825,2024-01-03,Anika Menon,50.0,Male,Kolkata,Footwear,Flip Flops,1.0,1886.72,15.0,2.0,Credit Card,1.0,0.0,NEWUSER15,,2024,January,Wednesday,1,1603.712,low
ORD102495,2023-10-24,Sai Chopra,29.0,Female,Delhi,Electronics,Power Bank 10000mAh,2.0,773.35,5.0,7.0,Credit Card,0.0,100.0,,,2023,October,Tuesday,4,1569.365,low
ORD100110,2023-09-10,Rohan Patel,37.0,Female,Jaipur,Apparel,Men Cotton T-Shirt,1.0,475.26,15.0,4.0,Debit Card,4.0,60.0,FLAT100,,2023,September,Sunday,3,463.971,low
ORD101537,2023-04-11,Pari Sharma,36.0,Female,Chandigarh,Electronics,Power Bank 10000mAh,2.0,2110.93,0.0,4.0,UPI,5.0,0.0,FLAT100,,2023,April,Tuesday,2,4221.86,low
ORD102755,2024-11-02,Vihaan Iyer,23.0,Female,Ahmedabad,Apparel,Formal Shirt,1.0,787.08,10.0,4.0,Debit Card,4.0,0.0,,,2024,November,Saturday,4,708.3720000000001,low
ORD100840,2023-09-21,Navya Verma,43.0,Male,Hyderabad,Electronics,USB-C Cable,1.0,1598.09,10.0,4.0,Debit Card,3.0,40.0,NEWUSER15,,2023,September,Thursday,3,1478.281,low
ORD102280,2024-11-26,Ishaan Menon,30.0,Male,Lucknow,Electronics,Bluetooth Earbuds,1.0,508.19,10.0,2.0,UPI,2.0,100.0,FLAT100,,2024,November,Tuesday,4,557.371,low
ORD101209,2025-05-27,Priya Rao,36.0,Female,Chandigarh,Apparel,Men Cotton T-Shirt,2.0,757.84,30.0,4.0,UPI,0.0,0.0,,,2025,May,Tuesday,2,1060.9759999999999,low
ORD102430,2023-05-01,Sara Gupta,39.0,Male,Delhi,Beauty & Personal Care,Sunscreen SPF50,2.0,770.1,42.5,5.0,Credit Card,3.0,40.0,FLAT100,,2023,May,Monday,2,40.0,low
ORD101144,2024-01-16,Nikhil Menon,21.0,Male,Mumbai,Apparel,Kids Hoodie,3.0,1200.98,15.0,2.0,Credit Card,0.0,0.0,,,2024,January,Tuesday,1,3062.499,low
ORD101308,2024-10-09,Nikhil Gupta,34.0,Female,Delhi,Grocery,Basmati Rice 5kg,1.0,385.12,15.0,6.0,UPI,4.0,0.0,WELCOME50,,2024,October,Wednesday,4,327.352,low
ORD100864,2025-02-09,Anika Chopra,25.0,Male,Indore,Home & Kitchen,Curtain Set,2.0,1221.87,20.0,2.0,Debit Card,0.0,100.0,,,2025,February,Sunday,1,2054.992,low
ORD102431,2024-04-20,Karan Shah,31.0,Female,Mumbai,Home & Kitchen,Kitchen Organizer,2.0,237.13,5.0,8.0,UPI,1.0,0.0,FEST20,,2024,April,Saturday,2,450.54699999999997,low
ORD100694,2023-10-20,Neha Shah,35.0,Male,Lucknow,Home & Kitchen,Kitchen Organizer,3.0,1473.02,10.0,4.0,Debit Card,5.0,40.0,,Defective Product,2023,October,Friday,4,4017.1539999999995,low
ORD100662,2023-02-02,Kabir Bhat,25.0,Female,Pune,Home & Kitchen,Steel Water Bottle,2.0,244.56,15.0,8.0,UPI,4.0,0.0,,,2023,February,Thursday,1,415.752,low
ORD101806,2023-01-08,Ishita Kapoor,49.0,Male,Lucknow,Electronics,Smartwatch Band,1.0,1651.09,10.0,3.0,Debit Card,3.0,0.0,,,2023,January,Sunday,1,1485.981,low
ORD102753,2024-08-16,Aarav Agarwal,31.0,Female,Pune,Apparel,Woolen Sweater,1.0,1470.25,40.0,9.0,Credit Card,1.0,80.0,,,2024,August,Friday,3,962.15,low
ORD100523,2024-11-12,Aadhya Shah,44.0,Female,Chennai,Grocery,Green Tea Pack,2.0,338.77,0.0,2.0,UPI,5.0,0.0,WELCOME50,Size Issue,2024,November,Tuesday,4,677.54,low
ORD102904,2023-10-21,Nikhil Joshi,33.0,Male,Hyderabad,Beauty & Personal Care,Beard Trimmer,2.0,508.73,10.0,3.0,UPI,5.0,0.0,,,2023,October,Saturday,4,915.714,low
ORD101785,2023-08-10,Kabir Menon,36.0,Male,Kolkata,Home & Kitchen,Kitchen Organizer,1.0,825.89,5.0,4.0,UPI,0.0,0.0,FEST20,,2023,August,Thursday,3,784.5954999999999,low
ORD100769,2023-12-09,Diya Singh,22.0,Male,Lucknow,Grocery,Honey 500g,2.0,554.17,5.0,6.0,Credit Card,0.0,0.0,,,2023,December,Saturday,4,1052.9229999999998,low
ORD102023,2024-10-04,Kabir Mehta,36.0,Male,Ahmedabad,Electronics,LED Bulb Smart,1.0,2265.08,20.0,3.0,Credit Card,5.0,0.0,,,2024,October,Friday,4,1812.064,low
ORD100666,2024-04-03,Pari Singh,17.0,Male,Lucknow,Grocery,Basmati Rice 5kg,2.0,165.53,20.0,3.0,Debit Card,0.0,0.0,,,2024,April,Wednesday,2,264.848,low
ORD100669,2023-05-01,Neha Deshmukh,30.0,Female,Delhi,Beauty & Personal Care,Beard Trimmer,4.0,2603.435,40.0,3.0,UPI,3.0,0.0,,,2023,May,Monday,2,4807.712,low
ORD101275,2024-10-11,Pari Reddy,32.0,Male,Delhi,Electronics,Portable Speaker,1.0,1240.75,5.0,4.0,UPI,5.0,80.0,WELCOME50,Defective Product,2024,October,Friday,4,1258.7124999999999,low
ORD102136,2024-11-01,Vihaan Rao,36.0,Other,Jaipur,Apparel,Formal Shirt,4.0,1473.39,10.0,6.0,UPI,0.0,100.0,,,2024,November,Friday,4,4807.712,low
ORD100612,2024-12-15,Reyansh Iyer,34.0,Female,Nagpur,Apparel,Formal Shirt,1.0,405.96,0.0,4.0,Net Banking,4.0,100.0,,,2024,December,Sunday,4,505.96,low
ORD100631,2023-11-08,Sai Verma,40.0,Male,Lucknow,Home & Kitchen,Non-Stick Pan,1.0,1697.87,25.0,4.0,Debit Card,5.0,0.0,,,2023,November,Wednesday,4,1273.4025,low
ORD102223,2024-01-21,Aadhya Patel,23.0,Male,Kochi,Apparel,Sports Track Pant,4.0,786.0,5.0,7.0,Net Banking,0.0,80.0,,,2024,January,Sunday,1,3066.7999999999997,low
ORD100863,2023-10-11,Pooja Kulkarni,34.0,Female,Delhi,Home & Kitchen,Curtain Set,3.0,643.09,20.0,3.0,Credit Card,0.0,0.0,SAVE10,,2023,October,Wednesday,4,1543.4160000000002,low
ORD100795,2023-09-27,Pari Shah,32.0,Male,Mumbai,Home & Kitchen,Storage Container Set,2.0,311.09,15.0,7.0,UPI,3.0,0.0,,,2023,September,Wednesday,3,528.853,low
ORD100444,2024-04-08,Rohan Bhat,45.0,Male,Delhi,Electronics,Bluetooth Earbuds,1.0,1592.71,0.0,8.0,Debit Card,0.0,150.0,,,2024,April,Monday,2,1742.71,low
ORD102189,2023-12-02,Sai Agarwal,40.0,Male,Lucknow,Apparel,Sports Track Pant,0.0,682.19,0.0,5.0,UPI,5.0,0.0,,,2023,December,Saturday,4,0.0,low
ORD100732,2025-04-19,Karan Verma,54.0,Male,Pune,Home & Kitchen,LED Table Lamp,1.0,555.39,20.0,6.0,Credit Card,0.0,0.0,,,2025,April,Saturday,2,444.312,low
ORD102837,2025-03-29,Nikhil Gupta,31.0,Male,Pune,Electronics,Wireless Mouse,2.0,819.05,0.0,8.0,Debit Card,4.0,40.0,WELCOME50,,2025,March,Saturday,1,1678.1,low
ORD102078,2023-08-24,Nikhil Shah,30.0,Female,Lucknow,Beauty & Personal Care,Beard Trimmer,2.0,422.17,15.0,4.0,Cash on Delivery,3.0,0.0,,,2023,August,Thursday,3,717.689,low
ORD102425,2024-05-26,Diya Shah,27.0,Male,Surat,Home & Kitchen,Non-Stick Pan,1.0,1308.14,30.0,2.0,Credit Card,5.0,100.0,,,2024,May,Sunday,2,1015.698,low
ORD100427,2025-01-02,Reyansh Verma,34.0,Male,Lucknow,Beauty & Personal Care,Beard Trimmer,4.0,109.89,15.0,6.0,Net Banking,3.0,100.0,,,2025,January,Thursday,1,473.626,low
ORD100412,2023-01-07,Kavya Singh,39.0,Female,Delhi,Home & Kitchen,Cotton Bedsheet Set,2.0,1676.52,15.0,9.0,UPI,3.0,0.0,,,2023,January,Saturday,1,2850.084,low
ORD102059,2024-01-03,Aadhya Mehta,40.0,Male,Hyderabad,Grocery,Cooking Oil 1L,3.0,690.88,30.0,4.0,UPI,3.0,0.0,,,2024,January,Wednesday,1,1450.8479999999997,low
ORD101414,2024-06-16,Arjun Iyer,32.0,Male,Ahmedabad,Apparel,Denim Jeans,1.0,738.71,0.0,4.0,UPI,4.0,0.0,,,2024,June,Sunday,2,738.71,low
ORD102268,2023-04-18,Rahul Verma,36.0,Female,Lucknow,Electronics,Power Bank 10000mAh,2.0,1255.58,5.0,4.0,UPI,3.0,100.0,,Defective Product,2023,April,Tuesday,2,2485.602,low
ORD101782,2023-01-22,Kabir Singh,54.0,Female,Mumbai,Apparel,Woolen Sweater,1.0,714.98,0.0,7.0,UPI,0.0,100.0,SAVE10,,2023,January,Sunday,1,814.98,low
ORD100301,2025-01-22,Pooja Mehta,19.0,Male,Surat,Beauty & Personal Care,Herbal Shampoo,2.0,721.96,15.0,2.0,UPI,3.0,150.0,,,2025,January,Wednesday,1,1377.332,low
ORD102869,2023-07-07,Rahul Iyer,53.0,Male,Mumbai,Home & Kitchen,Cotton Bedsheet Set,2.0,1024.81,0.0,9.0,UPI,2.0,100.0,,,2023,July,Friday,3,2149.62,low
ORD102502,2024-11-17,Riya Joshi,28.0,Female,Bengaluru,Apparel,Women Kurti,1.0,529.44,20.0,2.0,UPI,0.0,0.0,,,2024,November,Sunday,4,423.5520000000001,low
ORD101483,2023-04-13,Riya Chopra,46.0,Female,Pune,Apparel,Denim Jeans,3.0,1249.82,0.0,9.0,Net Banking,1.0,0.0,,Wrong Item Delivered,2023,April,Thursday,2,3749.46,low
ORD101134,2024-07-13,Nikhil Iyer,39.0,Female,Mumbai,Apparel,Women Kurti,5.0,1491.64,0.0,7.0,UPI,5.0,150.0,,,2024,July,Saturday,3,4807.712,low
ORD101977,2023-11-07,Nikhil Singh,51.0,Male,Surat,Apparel,Men Cotton T-Shirt,1.0,996.0,20.0,9.0,Debit Card,1.0,0.0,,,2023,November,Tuesday,4,796.8000000000001,low
ORD102157,2024-07-29,Sneha Bhat,29.0,Male,Lucknow,Beauty & Personal Care,Lip Balm Pack,2.0,586.3,10.0,2.0,UPI,2.0,100.0,,,2024,July,Monday,3,1155.34,low
ORD100640,2024-09-03,Anika Nair,30.0,Female,Nagpur,Home & Kitchen,Storage Container Set,2.0,1545.81,0.0,3.0,Debit Card,1.0,60.0,WELCOME50,,2024,September,Tuesday,3,3151.62,low
ORD102357,2023-10-14,Pooja Iyer,39.0,Female,Delhi,Electronics,LED Bulb Smart,2.0,1050.51,0.0,4.0,Credit Card,0.0,0.0,SAVE10,,2023,October,Saturday,4,2101.02,low
ORD101524,2024-07-03,Pooja Pillai,34.0,Female,Delhi,Electronics,Portable Speaker,1.0,704.76,20.0,6.0,UPI,5.0,0.0,FEST20,,2024,July,Wednesday,3,563.808,low
ORD102171,2024-11-09,Ishaan Verma,37.0,Female,Pune,Electronics,Smartphone Cover,1.0,1582.34,25.0,2.0,UPI,4.0,100.0,,,2024,November,Saturday,4,1286.7549999999999,low
ORD102200,2023-11-30,Kabir Sharma,41.0,Female,Kolkata,Grocery,Cooking Oil 1L,5.0,297.22,10.0,7.0,UPI,4.0,150.0,,,2023,November,Thursday,4,1487.4900000000002,low
ORD102265,2023-03-28,Anika Patel,34.0,Male,Jaipur,Electronics,Bluetooth Earbuds,3.0,2603.435,0.0,2.0,Debit Card,5.0,0.0,,Late Delivery,2023,March,Tuesday,1,4807.712,low
ORD102968,2024-10-17,Pooja Gupta,44.0,Female,Chandigarh,Beauty & Personal Care,Herbal Shampoo,3.0,344.93,10.0,4.0,Credit Card,4.0,0.0,,,2024,October,Thursday,4,931.311,low
ORD100440,2025-06-05,Aadhya Gupta,38.0,Female,Indore,Beauty & Personal Care,Sunscreen SPF50,1.0,356.62,0.0,9.0,UPI,4.0,0.0,FLAT100,Wrong Item Delivered,2025,June,Thursday,2,356.62,low
ORD100414,2023-12-25,Ananya Chopra,29.0,Male,Lucknow,Home & Kitchen,Cotton Bedsheet Set,2.0,230.49,42.5,6.0,Debit Card,0.0,0.0,WELCOME50,,2023,December,Monday,4,230.49,low
ORD102732,2025-04-28,Priya Sharma,34.0,Female,Lucknow,Footwear,Formal Leather Shoes,2.0,594.67,15.0,8.0,Credit Card,4.0,0.0,FLAT100,,2025,April,Monday,2,1010.9389999999999,low
ORD102589,2023-11-11,Kabir Menon,30.0,Female,Bengaluru,Electronics,USB-C Cable,4.0,1126.71,10.0,5.0,UPI,0.0,100.0,,,2023,November,Saturday,4,4156.156000000001,low
ORD102081,2023-03-25,Sara Patel,25.0,Male,Chennai,Footwear,Formal Leather Shoes,2.0,455.07,5.0,4.0,UPI,4.0,0.0,FEST20,,2023,March,Saturday,1,864.6329999999999,low
ORD100945,2023-04-19,Diya Kapoor,21.0,Male,Lucknow,Beauty & Personal Care,Sunscreen SPF50,1.0,178.18,5.0,9.0,Credit Card,0.0,0.0,SAVE10,Changed Mind,2023,April,Wednesday,2,169.271,low
ORD101875,2023-04-20,Amit Verma,30.0,Female,Ahmedabad,Home & Kitchen,Wall Clock,4.0,1288.02,0.0,3.0,Credit Card,5.0,0.0,FEST20,,2023,April,Thursday,2,4807.712,low
ORD100299,2023-01-20,Ananya Agarwal,33.0,Male,Mumbai,Grocery,Assorted Dry Fruits,1.0,573.73,5.0,5.0,Credit Card,5.0,100.0,,,2023,January,Friday,1,645.0435,low
ORD102905,2025-02-26,Vivaan Mehta,26.0,Male,Pune,Home & Kitchen,LED Table Lamp,3.0,1733.35,20.0,4.0,Credit Card,4.0,40.0,,,2025,February,Wednesday,1,4200.04,low
ORD101321,2023-09-08,Rohan Joshi,39.0,Male,Surat,Grocery,Instant Noodles Pack,3.0,111.32,5.0,3.0,Credit Card,0.0,0.0,,,2023,September,Friday,3,317.26199999999994,low
ORD102547,2023-12-08,Aarav Iyer,34.0,Female,Kochi,Electronics,Power Bank 10000mAh,4.0,1426.46,25.0,6.0,UPI,3.0,0.0,,,2023,December,Friday,4,4279.38,low
ORD102704,2023-03-04,Aditya Iyer,32.0,Male,Lucknow,Footwear,Formal Leather Shoes,3.0,472.01,20.0,3.0,UPI,5.0,0.0,,,2023,March,Saturday,1,1132.824,low
ORD102733,2023-07-15,Vihaan Sharma,30.0,Male,Surat,Apparel,Denim Jeans,1.0,836.45,10.0,2.0,UPI,0.0,0.0,,,2023,July,Saturday,3,752.8050000000001,low
ORD100833,2023-05-11,Vivaan Singh,41.0,Male,Kolkata,Electronics,LED Bulb Smart,3.0,982.5,20.0,7.0,Credit Card,3.0,0.0,,,2023,May,Thursday,2,2358.0,low
ORD102312,2024-10-24,Aditya Chopra,33.0,Female,Indore,Electronics,Wireless Mouse,3.0,590.21,20.0,8.0,Cash on Delivery,0.0,0.0,,,2024,October,Thursday,4,1416.5040000000001,low
ORD102537,2024-03-30,Vihaan Kapoor,34.0,Male,Mumbai,Home & Kitchen,Storage Container Set,3.0,708.02,0.0,4.0,Debit Card,1.0,40.0,,,2024,March,Saturday,1,2164.06,low
ORD100985,2024-08-17,Nikhil Pillai,42.0,Female,Indore,Home & Kitchen,Storage Container Set,3.0,888.33,15.0,9.0,Credit Card,5.0,0.0,,,2024,August,Saturday,3,2265.2415,low
ORD102363,2024-12-17,Rohan Verma,34.0,Male,Chandigarh,Apparel,Women Kurti,1.0,814.08,0.0,6.0,Credit Card,5.0,60.0,,,2024,December,Tuesday,4,874.08,low
ORD102407,2024-10-09,Priya Patel,47.0,Female,Jaipur,Beauty & Personal Care,Herbal Shampoo,2.0,311.3,15.0,3.0,Credit Card,5.0,0.0,,,2024,October,Wednesday,4,529.21,low
ORD102747,2025-01-06,Ananya Iyer,38.0,Female,Chandigarh,Electronics,Bluetooth Earbuds,2.0,915.37,30.0,9.0,UPI,0.0,150.0,,Defective Product,2025,January,Monday,1,1431.518,low
ORD100890,2023-04-02,Rohan Pillai,32.0,Male,Hyderabad,Electronics,Portable Speaker,1.0,1556.04,5.0,8.0,UPI,4.0,40.0,,,2023,April,Sunday,2,1518.2379999999998,low
ORD100172,2024-12-03,Myra Menon,49.0,Female,Lucknow,Grocery,Honey 500g,5.0,608.68,25.0,2.0,Credit Card,4.0,0.0,,,2024,December,Tuesday,4,2282.5499999999997,low
ORD102576,2023-09-04,Ananya Reddy,18.0,Male,Lucknow,Grocery,Instant Noodles Pack,1.0,556.12,42.5,6.0,Debit Card,0.0,80.0,,,2023,September,Monday,3,358.06,low
ORD101073,2024-04-23,Myra Nair,49.0,Male,Hyderabad,Apparel,Sports Track Pant,1.0,323.51,10.0,4.0,UPI,4.0,80.0,,,2024,April,Tuesday,2,371.159,low
ORD102164,2025-05-19,Diya Pillai,34.0,Female,Hyderabad,Grocery,Assorted Dry Fruits,2.0,497.37,20.0,6.0,UPI,0.0,0.0,WELCOME50,,2025,May,Monday,2,795.792,low
ORD100070,2024-12-25,Pooja Iyer,37.0,Male,Mumbai,Apparel,Women Kurti,3.0,1274.23,5.0,6.0,UPI,5.0,80.0,SAVE10,,2024,December,Wednesday,4,3711.5555,low
ORD101506,2025-04-12,Arjun Agarwal,21.0,Female,Ahmedabad,Grocery,Whole Wheat Atta 5kg,3.0,453.62,5.0,8.0,UPI,4.0,0.0,,Wrong Item Delivered,2025,April,Saturday,2,1292.817,low
ORD101966,2023-12-04,Ananya Rao,36.0,Male,Lucknow,Footwear,Sandals,4.0,762.41,30.0,5.0,UPI,2.0,0.0,,,2023,December,Monday,4,2134.7479999999996,low
ORD101078,2024-01-16,Ishita Shah,32.0,Male,Jaipur,Grocery,Honey 500g,4.0,371.83,10.0,6.0,Debit Card,0.0,80.0,,,2024,January,Tuesday,1,1418.588,low
ORD100868,2024-02-11,Myra Kulkarni,33.0,Male,Bengaluru,Apparel,Ethnic Saree,1.0,1038.33,0.0,8.0,UPI,0.0,80.0,,,2024,February,Sunday,1,1118.33,low
ORD102921,2024-12-03,Rahul Gupta,32.0,Female,Jaipur,Electronics,Wireless Mouse,3.0,1297.14,0.0,2.0,UPI,3.0,0.0,,,2024,December,Tuesday,4,3891.42,low
ORD101780,2023-02-12,Vivaan Mehta,28.0,Female,Bengaluru,Beauty & Personal Care,Body Lotion,2.0,640.13,0.0,6.0,Credit Card,5.0,100.0,FEST20,,2023,February,Sunday,1,1380.26,low
ORD101916,2023-12-06,Kabir Chopra,26.0,Female,Kolkata,Grocery,Spices Combo Pack,4.0,94.33,20.0,5.0,Net Banking,4.0,150.0,NEWUSER15,Size Issue,2023,December,Wednesday,4,451.856,low
ORD101445,2023-02-02,Anika Mehta,36.0,Male,Nagpur,Grocery,Honey 500g,1.0,530.88,15.0,9.0,UPI,0.0,0.0,,,2023,February,Thursday,1,451.248,low
ORD100034,2025-03-19,Sara Pillai,52.0,Male,Surat,Beauty & Personal Care,Face Wash 100ml,3.0,138.57,0.0,9.0,Credit Card,5.0,0.0,FEST20,,2025,March,Wednesday,1,415.71,low
ORD100935,2024-11-18,Riya Sharma,38.0,Female,Delhi,Electronics,Portable Speaker,3.0,1080.56,0.0,3.0,UPI,5.0,100.0,FLAT100,,2024,November,Monday,4,3341.68,low
ORD100992,2023-06-29,Myra Deshmukh,47.0,Male,Indore,Apparel,Sports Track Pant,1.0,1179.63,5.0,6.0,UPI,5.0,80.0,FLAT100,,2023,June,Thursday,2,1200.6485,low
ORD101223,2023-10-23,Sai Agarwal,35.0,Female,Chandigarh,Electronics,Power Bank 10000mAh,2.0,2431.24,0.0,2.0,UPI,4.0,0.0,FLAT100,,2023,October,Monday,4,4807.712,low
ORD100803,2023-12-07,Priya Agarwal,39.0,Female,Lucknow,Apparel,Sports Track Pant,1.0,856.22,0.0,9.0,UPI,5.0,0.0,NEWUSER15,,2023,December,Thursday,4,856.22,low
ORD100361,2025-03-22,Priya Reddy,33.0,Female,Nagpur,Footwear,Running Shoes,2.0,1033.89,10.0,3.0,UPI,5.0,0.0,,,2025,March,Saturday,1,1861.0020000000002,low
ORD100420,2023-12-16,Anika Iyer,35.0,Female,Mumbai,Apparel,Kids Hoodie,1.0,944.83,40.0,5.0,UPI,2.0,0.0,,,2023,December,Saturday,4,566.898,low
ORD100426,2025-02-26,Aarav Nair,40.0,Female,Lucknow,Grocery,Basmati Rice 5kg,1.0,173.37,5.0,4.0,Cash on Delivery,0.0,80.0,NEWUSER15,Size Issue,2025,February,Wednesday,1,244.7015,low
ORD100619,2023-05-08,Kabir Sharma,23.0,Female,Chandigarh,Beauty & Personal Care,Hair Oil 200ml,2.0,829.98,0.0,5.0,Credit Card,3.0,40.0,WELCOME50,,2023,May,Monday,2,1699.96,low
ORD100375,2023-03-28,Reyansh Shah,34.0,Male,Mumbai,Home & Kitchen,Steel Water Bottle,1.0,1620.61,0.0,8.0,Debit Card,5.0,0.0,,,2023,March,Tuesday,1,1620.61,low
ORD100030,2024-02-15,Pooja Bhat,50.0,Male,Lucknow,Home & Kitchen,LED Table Lamp,2.0,697.45,5.0,7.0,Credit Card,4.0,40.0,,Wrong Item Delivered,2024,February,Thursday,1,1365.155,low
ORD100372,2024-01-09,Krishna Shah,42.0,Male,Mumbai,Home & Kitchen,Wall Clock,2.0,1522.51,5.0,7.0,UPI,5.0,150.0,WELCOME50,,2024,January,Tuesday,1,3042.769,low
ORD100340,2023-11-10,Sneha Shah,27.0,Male,Pune,Footwear,Casual Sneakers,1.0,1700.69,10.0,4.0,Cash on Delivery,0.0,150.0,FEST20,,2023,November,Friday,4,1680.621,low
ORD100584,2024-01-04,Vihaan Verma,18.0,Male,Chennai,Electronics,LED Bulb Smart,1.0,1652.86,15.0,6.0,UPI,4.0,0.0,,,2024,January,Thursday,1,1404.9309999999998,low
ORD100118,2023-08-12,Sneha Singh,32.0,Male,Delhi,Apparel,Men Cotton T-Shirt,1.0,440.54,30.0,7.0,Credit Card,5.0,0.0,,,2023,August,Saturday,3,308.378,low
ORD101325,2023-06-20,Rahul Kulkarni,32.0,Female,Indore,Beauty & Personal Care,Herbal Shampoo,4.0,823.44,40.0,9.0,UPI,4.0,60.0,,,2023,June,Tuesday,2,2036.256,low
ORD102091,2023-10-25,Amit Iyer,39.0,Female,Chennai,Grocery,Basmati Rice 5kg,2.0,428.06,5.0,3.0,UPI,5.0,0.0,,,2023,October,Wednesday,4,813.314,low
ORD101391,2024-04-27,Ishaan Singh,41.0,Male,Chennai,Beauty & Personal Care,Hair Oil 200ml,4.0,231.85,25.0,6.0,Cash on Delivery,0.0,60.0,,Changed Mind,2024,April,Saturday,2,755.55,low
ORD101975,2023-02-15,Reyansh Kulkarni,36.0,Male,Hyderabad,Apparel,Kids Hoodie,1.0,546.83,10.0,5.0,UPI,0.0,60.0,,,2023,February,Wednesday,1,552.147,low
ORD102384,2023-06-17,Krishna Sharma,35.0,Male,Lucknow,Home & Kitchen,Kitchen Organizer,3.0,1015.27,5.0,7.0,UPI,4.0,0.0,,,2023,June,Saturday,2,2893.5195,low
ORD101086,2024-12-31,Aadhya Rao,36.0,Male,Chennai,Home & Kitchen,Non-Stick Pan,1.0,1675.39,0.0,9.0,UPI,0.0,0.0,,,2024,December,Tuesday,4,1675.39,low
ORD100305,2023-05-08,Vivaan Verma,36.0,Female,Ahmedabad,Grocery,Assorted Dry Fruits,1.0,205.39,30.0,8.0,UPI,2.0,0.0,,,2023,May,Monday,2,143.77299999999997,low
ORD101818,2024-10-04,Vihaan Patel,39.0,Female,Chandigarh,Electronics,Bluetooth Earbuds,1.0,2252.52,10.0,4.0,UPI,4.0,40.0,,,2024,October,Friday,4,2067.268,low
ORD100637,2023-09-28,Sai Patel,53.0,Male,Jaipur,Grocery,Assorted Dry Fruits,1.0,411.84,25.0,5.0,Debit Card,0.0,60.0,,,2023,September,Thursday,3,368.88,low
ORD102612,2023-01-04,Vivaan Joshi,36.0,Female,Lucknow,Electronics,Smartphone Cover,2.0,2364.27,20.0,7.0,UPI,4.0,100.0,,,2023,January,Wednesday,1,3882.8320000000003,low
ORD101040,2024-10-05,Krishna Agarwal,35.0,Male,Chandigarh,Footwear,Flip Flops,2.0,1485.8,20.0,2.0,Debit Card,3.0,0.0,,Late Delivery,2024,October,Saturday,4,2377.28,low
ORD100707,2023-10-16,Ishaan Nair,20.0,Male,Chennai,Footwear,Sandals,4.0,839.8,25.0,9.0,Credit Card,2.0,0.0,,,2023,October,Monday,4,2519.3999999999996,low
ORD101705,2025-02-21,Karan Bhat,56.5,Male,Lucknow,Beauty & Personal Care,Beard Trimmer,2.0,340.38,30.0,3.0,Credit Card,4.0,40.0,,,2025,February,Friday,1,516.5319999999999,low
ORD102812,2023-06-30,Karan Iyer,39.0,Male,Chandigarh,Electronics,Portable Speaker,3.0,818.46,15.0,6.0,Credit Card,0.0,40.0,,,2023,June,Friday,2,2127.073,low
ORD102996,2023-10-02,Pooja Nair,34.0,Male,Surat,Grocery,Instant Noodles Pack,4.0,172.46,15.0,7.0,UPI,2.0,150.0,WELCOME50,Quality Not as Expected,2023,October,Monday,4,736.364,low
ORD100468,2023-06-15,Ishita Verma,20.0,Female,Jaipur,Grocery,Spices Combo Pack,2.0,220.54,0.0,9.0,UPI,0.0,80.0,FEST20,,2023,June,Thursday,2,521.0799999999999,low
ORD102220,2025-05-11,Navya Reddy,37.0,Male,Kolkata,Grocery,Green Tea Pack,1.0,207.99,15.0,7.0,UPI,3.0,0.0,FLAT100,,2025,May,Sunday,2,176.7915,low
ORD100079,2024-09-02,Vivaan Patel,28.0,Male,Lucknow,Footwear,Sandals,1.0,1149.01,40.0,4.0,Credit Card,5.0,0.0,,Defective Product,2024,September,Monday,3,689.406,low
ORD102944,2025-01-18,Myra Chopra,34.0,Female,Nagpur,Apparel,Women Kurti,3.0,1314.63,10.0,5.0,Debit Card,5.0,80.0,,,2025,January,Saturday,1,3629.501,low
ORD100734,2023-12-09,Neha Kulkarni,48.0,Female,Delhi,Beauty & Personal Care,Beard Trimmer,2.0,304.57,0.0,5.0,UPI,3.0,40.0,FEST20,,2023,December,Saturday,4,649.14,low
ORD100847,2023-02-17,Aarav Pillai,27.0,Female,Indore,Electronics,LED Bulb Smart,1.0,1856.38,15.0,8.0,Cash on Delivery,5.0,40.0,,,2023,February,Friday,1,1617.923,low
ORD102993,2025-02-19,Reyansh Mehta,45.0,Male,Chennai,Footwear,Running Shoes,1.0,1080.59,15.0,6.0,Debit Card,0.0,0.0,FLAT100,,2025,February,Wednesday,1,918.5014999999999,low
ORD102403,2024-05-16,Anika Mehta,34.0,Male,Chennai,Apparel,Formal Shirt,1.0,572.41,15.0,8.0,UPI,4.0,40.0,NEWUSER15,,2024,May,Thursday,2,526.5484999999999,low
ORD101576,2024-05-14,Reyansh Nair,29.0,Female,Nagpur,Home & Kitchen,Steel Water Bottle,1.0,1356.84,0.0,8.0,UPI,5.0,150.0,,,2024,May,Tuesday,2,1506.84,low
ORD100757,2023-12-16,Riya Verma,48.0,Female,Ahmedabad,Electronics,Smartwatch Band,1.0,1498.96,15.0,3.0,UPI,5.0,100.0,,,2023,December,Saturday,4,1374.116,low
ORD102287,2025-01-18,Aarav Nair,36.0,Male,Chandigarh,Electronics,Wireless Mouse,2.0,814.69,0.0,4.0,Net Banking,0.0,0.0,NEWUSER15,,2025,January,Saturday,1,1629.38,low
ORD102316,2023-03-21,Anika Verma,40.0,Female,Pune,Home & Kitchen,Storage Container Set,2.0,904.82,5.0,5.0,Net Banking,2.0,0.0,NEWUSER15,,2023,March,Tuesday,1,1719.158,low
ORD102376,2024-10-21,Vivaan Deshmukh,26.0,Female,Chennai,Electronics,Power Bank 10000mAh,2.0,1216.04,10.0,9.0,UPI,5.0,60.0,,,2024,October,Monday,4,2248.872,low
ORD101680,2025-05-08,Amit Singh,51.0,Male,Kochi,Grocery,Cooking Oil 1L,2.0,296.4,5.0,9.0,Cash on Delivery,5.0,0.0,,Wrong Item Delivered,2025,May,Thursday,2,563.16,low
ORD100474,2024-10-13,Krishna Verma,49.0,Male,Nagpur,Beauty & Personal Care,Herbal Shampoo,1.0,227.15,0.0,3.0,UPI,0.0,0.0,WELCOME50,,2024,October,Sunday,4,227.15,low
ORD102616,2025-06-23,Vihaan Kulkarni,17.0,Male,Chandigarh,Grocery,Cooking Oil 1L,4.0,177.24,20.0,3.0,UPI,3.0,0.0,FLAT100,,2025,June,Monday,2,567.168,low
ORD100203,2024-09-29,Krishna Pillai,33.0,Male,Chennai,Grocery,Honey 500g,4.0,558.03,0.0,9.0,UPI,1.0,40.0,,,2024,September,Sunday,3,2272.12,low
ORD102317,2024-02-02,Vihaan Reddy,41.0,Male,Hyderabad,Beauty & Personal Care,Body Lotion,2.0,398.17,20.0,4.0,Credit Card,0.0,40.0,FLAT100,Wrong Item Delivered,2024,February,Friday,1,677.0720000000001,low
ORD101157,2025-02-13,Kabir Chopra,40.0,Female,Delhi,Home & Kitchen,LED Table Lamp,1.0,827.33,10.0,5.0,UPI,0.0,0.0,,,2025,February,Thursday,1,744.5970000000001,low
ORD101338,2024-01-11,Riya Joshi,35.0,Male,Chandigarh,Beauty & Personal Care,Body Lotion,3.0,546.5,0.0,2.0,UPI,5.0,0.0,,Changed Mind,2024,January,Thursday,1,1639.5,low
ORD101189,2023-12-18,Amit Verma,25.0,Female,Chandigarh,Apparel,Woolen Sweater,3.0,678.63,42.5,6.0,Debit Card,0.0,80.0,,Defective Product,2023,December,Monday,4,1097.945,low
ORD100186,2023-06-01,Karan Chopra,45.0,Male,Bengaluru,Electronics,Power Bank 10000mAh,1.0,961.09,30.0,5.0,Net Banking,3.0,0.0,FLAT100,,2023,June,Thursday,2,672.763,low
ORD102943,2023-06-21,Karan Shah,51.0,Female,Jaipur,Home & Kitchen,Non-Stick Pan,5.0,1363.22,15.0,3.0,UPI,3.0,0.0,,,2023,June,Wednesday,2,4807.712,low
ORD100691,2024-12-25,Rahul Rao,42.0,Female,Kolkata,Apparel,Woolen Sweater,1.0,491.13,0.0,5.0,Credit Card,4.0,80.0,,,2024,December,Wednesday,4,571.13,low
ORD102570,2023-12-02,Vivaan Kulkarni,31.0,Female,Ahmedabad,Grocery,Cooking Oil 1L,3.0,638.74,25.0,3.0,UPI,0.0,0.0,WELCOME50,,2023,December,Saturday,4,1437.165,low
ORD101490,2023-09-08,Ishita Agarwal,35.0,Female,Chennai,Apparel,Formal Shirt,1.0,341.18,10.0,8.0,Cash on Delivery,2.0,60.0,NEWUSER15,,2023,September,Friday,3,367.062,low
ORD102763,2023-12-05,Sai Shah,36.0,Female,Chennai,Electronics,USB-C Cable,1.0,2603.435,30.0,3.0,UPI,0.0,0.0,,,2023,December,Tuesday,4,4807.712,low
ORD100536,2024-02-20,Sara Sharma,34.0,Male,Indore,Grocery,Assorted Dry Fruits,1.0,235.28,25.0,5.0,UPI,2.0,0.0,,,2024,February,Tuesday,1,176.46,low
ORD102642,2023-07-05,Arjun Joshi,23.0,Male,Bengaluru,Grocery,Instant Noodles Pack,1.0,603.22,10.0,8.0,UPI,5.0,0.0,SAVE10,,2023,July,Wednesday,3,542.898,low
ORD101801,2024-03-02,Vivaan Reddy,46.0,Male,Hyderabad,Home & Kitchen,Non-Stick Pan,1.0,532.56,0.0,2.0,UPI,5.0,0.0,,,2024,March,Saturday,1,532.56,low
ORD100547,2024-06-22,Pooja Patel,30.0,Male,Surat,Home & Kitchen,LED Table Lamp,1.0,1338.52,15.0,4.0,UPI,0.0,0.0,,,2024,June,Saturday,2,1137.742,low
ORD102047,2024-04-29,Myra Deshmukh,37.0,Male,Chandigarh,Home & Kitchen,Curtain Set,4.0,297.06,42.5,8.0,UPI,0.0,0.0,FEST20,,2024,April,Monday,2,594.12,low
ORD101693,2023-12-26,Ananya Mehta,20.0,Male,Jaipur,Footwear,Casual Sneakers,1.0,1924.94,10.0,9.0,UPI,2.0,150.0,,Wrong Item Delivered,2023,December,Tuesday,4,1882.4460000000001,low
ORD101294,2024-11-19,Pooja Rao,27.0,Male,Pune,Footwear,Casual Sneakers,2.0,1029.69,5.0,4.0,Debit Card,4.0,0.0,,,2024,November,Tuesday,4,1956.411,low
ORD102234,2024-06-20,Aadhya Nair,21.0,Female,Lucknow,Home & Kitchen,Wall Clock,5.0,1269.48,5.0,7.0,Net Banking,4.0,0.0,,,2024,June,Thursday,2,4807.712,low
ORD101589,2024-10-11,Krishna Reddy,20.0,Male,Lucknow,Grocery,Basmati Rice 5kg,4.0,175.62,0.0,2.0,Debit Card,0.0,0.0,,,2024,October,Friday,4,702.48,low
ORD102618,2023-10-13,Kavya Kulkarni,22.0,Female,Chennai,Electronics,LED Bulb Smart,1.0,910.09,5.0,2.0,Net Banking,4.0,0.0,FLAT100,Late Delivery,2023,October,Friday,4,864.5855,low
ORD100190,2024-09-14,Priya Gupta,32.0,Male,Chennai,Grocery,Cooking Oil 1L,1.0,552.04,0.0,5.0,UPI,4.0,100.0,FLAT100,,2024,September,Saturday,3,652.04,low
ORD102714,2024-04-06,Ananya Sharma,31.0,Male,Surat,Beauty & Personal Care,Lip Balm Pack,1.0,549.26,0.0,3.0,Credit Card,5.0,100.0,SAVE10,,2024,April,Saturday,2,649.26,low
ORD100430,2023-03-18,Aarav Verma,28.0,Female,Lucknow,Electronics,LED Bulb Smart,6.0,1562.06,40.0,6.0,Debit Card,4.0,0.0,FLAT100,,2023,March,Saturday,1,4807.712, very large
ORD102622,2023-11-21,Navya Agarwal,35.0,Male,Surat,Home & Kitchen,Wall Clock,1.0,266.28,20.0,6.0,UPI,4.0,150.0,,,2023,November,Tuesday,4,363.024,low
ORD101234,2024-08-03,Vihaan Iyer,45.0,Female,Lucknow,Apparel,Denim Jeans,2.0,914.13,10.0,9.0,Debit Card,5.0,60.0,,,2024,August,Saturday,3,1705.434,low
ORD102096,2025-05-06,Riya Chopra,21.0,Male,Bengaluru,Apparel,Men Cotton T-Shirt,5.0,641.31,0.0,2.0,UPI,0.0,0.0,WELCOME50,,2025,May,Tuesday,2,3206.5499999999997,low
ORD102620,2025-02-10,Navya Verma,22.0,Male,Kolkata,Footwear,Formal Leather Shoes,1.0,435.97,0.0,8.0,Credit Card,5.0,0.0,,,2025,February,Monday,1,435.97,low
ORD101374,2025-03-19,Pooja Agarwal,22.0,Male,Lucknow,Footwear,Sandals,5.0,1340.72,15.0,3.0,UPI,4.0,0.0,,Changed Mind,2025,March,Wednesday,1,4807.712,low
ORD100002,2024-08-19,Aarav Rao,34.0,Male,Lucknow,Grocery,Green Tea Pack,1.0,242.49,40.0,2.0,Debit Card,4.0,0.0,WELCOME50,,2024,August,Monday,3,145.494,low
ORD101159,2023-11-07,Myra Singh,25.0,Male,Lucknow,Grocery,Assorted Dry Fruits,3.0,285.28,25.0,4.0,Cash on Delivery,5.0,0.0,,,2023,November,Tuesday,4,641.8799999999999,low
ORD100314,2023-08-11,Riya Mehta,47.0,Female,Lucknow,Electronics,Portable Speaker,5.0,887.65,25.0,5.0,Credit Card,4.0,100.0,,,2023,August,Friday,3,3428.6875,low
ORD102115,2023-07-04,Nikhil Singh,43.0,Male,Kochi,Beauty & Personal Care,Sunscreen SPF50,1.0,110.41,10.0,3.0,UPI,0.0,80.0,,,2023,July,Tuesday,3,179.369,low
ORD100358,2023-03-24,Navya Rao,49.0,Male,Chandigarh,Beauty & Personal Care,Perfume 50ml,2.0,498.97,0.0,2.0,UPI,0.0,60.0,,,2023,March,Friday,1,1057.94,low
ORD100568,2024-08-08,Sai Gupta,22.0,Female,Chandigarh,Beauty & Personal Care,Body Lotion,2.0,752.35,20.0,8.0,Net Banking,0.0,40.0,,,2024,August,Thursday,3,1243.76,low
ORD101582,2024-04-14,Sneha Singh,28.0,Male,Nagpur,Beauty & Personal Care,Perfume 50ml,2.0,415.85,5.0,6.0,UPI,2.0,0.0,,,2024,April,Sunday,2,790.115,low
ORD100716,2024-04-16,Vihaan Pillai,20.0,Male,Lucknow,Beauty & Personal Care,Sunscreen SPF50,2.0,673.45,15.0,7.0,Debit Card,5.0,80.0,,,2024,April,Tuesday,2,1224.865,low
ORD101279,2025-02-27,Vihaan Rao,16.0,Female,Kolkata,Grocery,Basmati Rice 5kg,2.0,401.39,30.0,9.0,Debit Card,5.0,0.0,FEST20,,2025,February,Thursday,1,561.9459999999999,low
ORD101609,2024-11-03,Arjun Reddy,50.0,Male,Jaipur,Footwear,Casual Sneakers,1.0,2126.4,10.0,2.0,Credit Card,4.0,60.0,WELCOME50,,2024,November,Sunday,4,1973.7600000000002,low
ORD101485,2025-02-24,Ishaan Bhat,41.0,Female,Nagpur,Grocery,Green Tea Pack,2.0,83.18,0.0,7.0,Credit Card,0.0,0.0,,,2025,February,Monday,1,166.36,low
ORD102037,2023-02-06,Rahul Rao,32.0,Female,Lucknow,Electronics,USB-C Cable,3.0,1708.97,15.0,2.0,UPI,5.0,0.0,FEST20,Defective Product,2023,February,Monday,1,4357.8735,low
ORD100632,2023-12-25,Myra Deshmukh,31.0,Male,Jaipur,Grocery,Spices Combo Pack,1.0,228.94,20.0,3.0,UPI,0.0,0.0,,,2023,December,Monday,4,183.15200000000002,low
ORD102596,2024-04-01,Diya Mehta,29.0,Female,Lucknow,Home & Kitchen,Steel Water Bottle,2.0,770.22,5.0,5.0,Debit Card,4.0,80.0,FEST20,,2024,April,Monday,2,1543.418,low
ORD100713,2023-11-07,Riya Patel,32.0,Female,Lucknow,Grocery,Honey 500g,2.0,258.42,0.0,6.0,Credit Card,0.0,0.0,,,2023,November,Tuesday,4,516.84,low
ORD100485,2023-07-31,Aditya Sharma,43.0,Male,Bengaluru,Electronics,Smartwatch Band,4.0,1173.17,30.0,5.0,UPI,0.0,60.0,,,2023,July,Monday,3,3344.876,low
ORD102866,2024-01-26,Ishita Sharma,27.0,Female,Jaipur,Grocery,Green Tea Pack,4.0,529.92,0.0,7.0,UPI,0.0,150.0,,,2024,January,Friday,1,2269.68,low
ORD100933,2024-08-14,Ananya Deshmukh,40.0,Male,Nagpur,Grocery,Honey 500g,2.0,355.54,25.0,7.0,Debit Card,5.0,0.0,FEST20,,2024,August,Wednesday,3,533.3100000000001,low
ORD101991,2024-02-04,Kavya Reddy,30.0,Female,Kolkata,Apparel,Denim Jeans,3.0,306.97,5.0,3.0,Debit Card,4.0,0.0,,,2024,February,Sunday,1,874.8645,low
ORD102173,2024-11-27,Riya Deshmukh,50.0,Female,Hyderabad,Home & Kitchen,Wall Clock,3.0,1254.96,10.0,6.0,UPI,0.0,0.0,,,2024,November,Wednesday,4,3388.3920000000003,low
ORD102613,2024-06-28,Diya Singh,41.0,Female,Surat,Grocery,Green Tea Pack,1.0,594.06,30.0,4.0,UPI,5.0,0.0,,,2024,June,Friday,2,415.8419999999999,low
ORD102455,2023-12-25,Rahul Mehta,34.0,Female,Kochi,Beauty & Personal Care,Lip Balm Pack,2.0,487.18,30.0,9.0,UPI,5.0,0.0,,,2023,December,Monday,4,682.052,low
ORD102582,2024-11-10,Anika Verma,46.0,Female,Kolkata,Home & Kitchen,Storage Container Set,1.0,1032.08,10.0,9.0,Credit Card,4.0,0.0,,,2024,November,Sunday,4,928.872,low
ORD102955,2024-12-04,Krishna Kulkarni,43.0,Male,Pune,Grocery,Assorted Dry Fruits,1.0,109.44,20.0,4.0,Credit Card,0.0,0.0,SAVE10,Quality Not as Expected,2024,December,Wednesday,4,87.552,low
ORD100450,2025-05-24,Karan Mehta,27.0,Female,Jaipur,Grocery,Assorted Dry Fruits,2.0,667.82,30.0,8.0,Debit Card,0.0,0.0,,,2025,May,Saturday,2,934.948,low
ORD102224,2024-01-01,Navya Singh,44.0,Female,Surat,Electronics,Smartphone Cover,1.0,1884.65,5.0,6.0,Net Banking,5.0,80.0,,,2024,January,Monday,1,1870.4175,low
ORD101263,2024-01-21,Rohan Patel,36.0,Female,Ahmedabad,Beauty & Personal Care,Face Wash 100ml,2.0,507.54,5.0,6.0,UPI,1.0,0.0,,,2024,January,Sunday,1,964.326,low
ORD102414,2023-12-05,Amit Menon,32.0,Male,Lucknow,Apparel,Sports Track Pant,1.0,995.74,30.0,9.0,Net Banking,1.0,40.0,,,2023,December,Tuesday,4,737.0179999999999,low
ORD101796,2025-06-07,Karan Bhat,38.0,Female,Chennai,Home & Kitchen,Kitchen Organizer,3.0,1131.08,10.0,2.0,Debit Card,0.0,0.0,FEST20,Defective Product,2025,June,Saturday,2,3053.9159999999997,low
ORD100278,2024-11-10,Kabir Singh,23.0,Female,Indore,Beauty & Personal Care,Hair Oil 200ml,4.0,853.5,30.0,8.0,UPI,0.0,0.0,FEST20,,2024,November,Sunday,4,2389.7999999999997,low
ORD100151,2023-09-14,Aadhya Rao,31.0,Male,Pune,Beauty & Personal Care,Body Lotion,2.0,576.69,0.0,9.0,Net Banking,0.0,0.0,,,2023,September,Thursday,3,1153.38,low
ORD101102,2025-04-17,Anika Shah,22.0,Male,Lucknow,Home & Kitchen,Non-Stick Pan,4.0,1585.54,0.0,2.0,UPI,4.0,100.0,,,2025,April,Thursday,2,4807.712,low
ORD101513,2023-01-21,Rohan Bhat,49.0,Female,Bengaluru,Electronics,USB-C Cable,1.0,1401.52,0.0,4.0,UPI,4.0,80.0,NEWUSER15,,2023,January,Saturday,1,1481.52,low
ORD102314,2023-07-26,Rahul Iyer,32.0,Female,Kochi,Grocery,Cooking Oil 1L,2.0,447.0,0.0,4.0,UPI,0.0,0.0,NEWUSER15,,2023,July,Wednesday,3,894.0,low
ORD100773,2024-10-15,Rohan Deshmukh,41.0,Female,Bengaluru,Beauty & Personal Care,Herbal Shampoo,3.0,388.66,0.0,6.0,UPI,0.0,0.0,,,2024,October,Tuesday,4,1165.98,low
ORD101179,2024-01-22,Rohan Gupta,34.0,Female,Surat,Footwear,Casual Sneakers,4.0,1674.38,10.0,3.0,UPI,0.0,0.0,FEST20,,2024,January,Monday,1,4807.712,low
ORD102984,2024-10-17,Sara Bhat,56.0,Male,Indore,Grocery,Instant Noodles Pack,1.0,542.18,5.0,5.0,Cash on Delivery,4.0,150.0,,,2024,October,Thursday,4,665.0709999999999,low
ORD101368,2025-05-27,Rahul Mehta,41.0,Male,Indore,Electronics,Bluetooth Earbuds,3.0,1357.38,25.0,9.0,UPI,0.0,100.0,,,2025,May,Tuesday,2,3154.1050000000005,low
ORD102826,2023-11-26,Sara Joshi,40.0,Male,Hyderabad,Beauty & Personal Care,Perfume 50ml,1.0,561.96,25.0,3.0,UPI,0.0,0.0,,,2023,November,Sunday,4,421.47,low
ORD101922,2025-01-21,Priya Chopra,24.0,Female,Ahmedabad,Electronics,Portable Speaker,2.0,1581.71,0.0,8.0,Credit Card,2.0,0.0,,,2025,January,Tuesday,1,3163.42,low
ORD102252,2024-11-26,Nikhil Chopra,26.0,Other,Lucknow,Home & Kitchen,Cotton Bedsheet Set,1.0,629.71,5.0,5.0,UPI,0.0,80.0,,,2024,November,Tuesday,4,678.2245,low
ORD101420,2025-05-15,Kabir Reddy,44.0,Male,Ahmedabad,Electronics,Smartwatch Band,2.0,2051.88,20.0,8.0,UPI,1.0,0.0,,,2025,May,Thursday,2,3283.0080000000003,low
ORD100142,2023-09-09,Riya Bhat,42.0,Female,Lucknow,Beauty & Personal Care,Herbal Shampoo,4.0,778.82,10.0,7.0,UPI,4.0,80.0,,Changed Mind,2023,September,Saturday,3,2883.7520000000004,low
ORD102041,2024-10-04,Myra Gupta,36.0,Male,Kochi,Home & Kitchen,Curtain Set,3.0,427.11,20.0,4.0,UPI,5.0,0.0,,,2024,October,Friday,4,1025.064,low
ORD100705,2024-05-29,Pari Patel,21.0,Female,Chandigarh,Home & Kitchen,Curtain Set,1.0,1446.81,20.0,2.0,Debit Card,4.0,0.0,FLAT100,,2024,May,Wednesday,2,1157.448,low
ORD100099,2023-05-08,Aadhya Mehta,34.0,Male,Kochi,Footwear,Casual Sneakers,2.0,477.27,0.0,8.0,Credit Card,0.0,150.0,NEWUSER15,Quality Not as Expected,2023,May,Monday,2,1104.54,low
ORD101813,2024-03-27,Sara Kulkarni,43.0,Male,Indore,Electronics,USB-C Cable,1.0,1302.49,30.0,2.0,Credit Card,2.0,0.0,,Defective Product,2024,March,Wednesday,1,911.7429999999999,low
ORD102533,2023-06-05,Riya Kapoor,38.0,Female,Lucknow,Grocery,Honey 500g,1.0,686.8,25.0,7.0,Debit Card,0.0,0.0,,,2023,June,Monday,2,515.0999999999999,low
ORD102321,2023-02-01,Ishaan Patel,28.0,Female,Jaipur,Electronics,Smartphone Cover,5.0,983.41,0.0,5.0,UPI,0.0,0.0,,Late Delivery,2023,February,Wednesday,1,4807.712,low
ORD101005,2025-04-19,Aarav Menon,25.0,Female,Nagpur,Home & Kitchen,Cotton Bedsheet Set,1.0,1206.26,0.0,4.0,UPI,0.0,80.0,,,2025,April,Saturday,2,1286.26,low
ORD100325,2024-01-17,Aadhya Pillai,31.0,Male,Delhi,Beauty & Personal Care,Hair Oil 200ml,2.0,555.94,15.0,7.0,UPI,5.0,80.0,,,2024,January,Wednesday,1,1025.098,low
ORD102371,2025-01-19,Aditya Sharma,46.0,Male,Lucknow,Home & Kitchen,Wall Clock,4.0,412.1,0.0,5.0,UPI,3.0,150.0,,,2025,January,Sunday,1,1798.4,low
ORD102467,2024-09-11,Kabir Chopra,41.0,Male,Pune,Electronics,Power Bank 10000mAh,2.0,789.06,5.0,6.0,Debit Card,2.0,0.0,,,2024,September,Wednesday,3,1499.2139999999997,low
ORD100891,2023-12-02,Sara Gupta,33.0,Male,Lucknow,Apparel,Kids Hoodie,3.0,1098.94,20.0,4.0,UPI,5.0,0.0,,,2023,December,Saturday,4,2637.456,low
ORD101203,2024-11-24,Aditya Bhat,26.0,Male,Delhi,Apparel,Woolen Sweater,1.0,1100.68,0.0,4.0,UPI,5.0,60.0,SAVE10,,2024,November,Sunday,4,1160.68,low
ORD100513,2025-01-13,Sneha Bhat,32.0,Female,Surat,Grocery,Green Tea Pack,1.0,477.48,20.0,9.0,Cash on Delivery,4.0,0.0,,,2025,January,Monday,1,381.98400000000004,low
ORD100356,2023-05-19,Kavya Reddy,27.0,Female,Kolkata,Apparel,Woolen Sweater,2.0,1205.8,0.0,9.0,Debit Card,2.0,80.0,,Changed Mind,2023,May,Friday,2,2491.6,low
ORD102877,2025-05-02,Reyansh Kulkarni,36.0,Male,Mumbai,Grocery,Assorted Dry Fruits,3.0,102.07,0.0,4.0,Cash on Delivery,5.0,0.0,,Wrong Item Delivered,2025,May,Friday,2,306.21,low
ORD101902,2024-10-17,Navya Agarwal,39.0,Male,Chennai,Footwear,Formal Leather Shoes,1.0,1106.38,0.0,2.0,UPI,0.0,40.0,,,2024,October,Thursday,4,1146.38,low
ORD102277,2023-02-16,Pari Pillai,55.0,Female,Indore,Apparel,Sports Track Pant,1.0,473.16,40.0,2.0,UPI,4.0,80.0,,,2023,February,Thursday,1,363.896,low
ORD101167,2023-12-30,Aarav Joshi,26.0,Male,Pune,Home & Kitchen,Steel Water Bottle,3.0,1121.86,10.0,2.0,Credit Card,0.0,0.0,,,2023,December,Saturday,4,3029.022,low
ORD101218,2025-01-07,Karan Sharma,48.0,Female,Chandigarh,Home & Kitchen,Storage Container Set,1.0,1401.89,20.0,2.0,UPI,1.0,40.0,,,2025,January,Tuesday,1,1161.5120000000002,low
ORD102230,2024-07-30,Anika Joshi,41.0,Female,Hyderabad,Apparel,Kids Hoodie,1.0,1315.03,30.0,6.0,UPI,3.0,60.0,,,2024,July,Tuesday,3,980.521,low
ORD102319,2024-12-06,Sneha Patel,36.0,Male,Chandigarh,Home & Kitchen,Storage Container Set,1.0,470.39,20.0,7.0,Debit Card,0.0,80.0,NEWUSER15,,2024,December,Friday,4,456.312,low
ORD100962,2023-12-14,Aarav Menon,38.0,Male,Ahmedabad,Apparel,Denim Jeans,5.0,488.66,0.0,4.0,UPI,3.0,60.0,FLAT100,,2023,December,Thursday,4,2503.3,low
ORD101703,2023-07-01,Arjun Iyer,35.0,Male,Kolkata,Grocery,Spices Combo Pack,2.0,349.9,30.0,9.0,UPI,4.0,60.0,,Quality Not as Expected,2023,July,Saturday,3,549.8599999999999,low
ORD100036,2025-02-20,Ishita Menon,31.0,Male,Jaipur,Apparel,Kids Hoodie,1.0,982.03,20.0,7.0,UPI,1.0,80.0,,,2025,February,Thursday,1,865.624,low
ORD102526,2024-03-02,Amit Singh,38.0,Female,Chandigarh,Beauty & Personal Care,Body Lotion,3.0,747.42,15.0,4.0,Net Banking,4.0,0.0,FLAT100,,2024,March,Saturday,1,1905.9209999999998,low
ORD102867,2023-05-24,Sai Joshi,31.0,Male,Lucknow,Grocery,Instant Noodles Pack,4.0,158.64,10.0,5.0,Credit Card,5.0,0.0,,,2023,May,Wednesday,2,571.1039999999999,low
ORD101635,2024-05-03,Aadhya Reddy,40.0,Male,Bengaluru,Beauty & Personal Care,Body Lotion,1.0,406.6,0.0,8.0,Credit Card,3.0,0.0,,,2024,May,Friday,2,406.6,low
ORD101166,2023-01-20,Vivaan Patel,33.0,Male,Lucknow,Home & Kitchen,LED Table Lamp,1.0,891.4,10.0,7.0,UPI,4.0,100.0,NEWUSER15,,2023,January,Friday,1,902.26,low
ORD101673,2024-11-21,Amit Menon,20.0,Female,Mumbai,Electronics,Wireless Mouse,1.0,1896.54,15.0,7.0,Cash on Delivery,5.0,0.0,,,2024,November,Thursday,4,1612.059,low
ORD101961,2025-06-19,Rahul Gupta,22.0,Male,Kochi,Apparel,Men Cotton T-Shirt,2.0,1489.71,5.0,5.0,Credit Card,0.0,80.0,,,2025,June,Thursday,2,2910.449,low
ORD100562,2024-03-25,Ananya Nair,26.0,Male,Chennai,Electronics,Smartphone Cover,3.0,1975.19,5.0,8.0,UPI,5.0,0.0,,,2024,March,Monday,1,4807.712,low
ORD102478,2023-03-12,Aarav Menon,32.0,Male,Indore,Beauty & Personal Care,Sunscreen SPF50,2.0,701.27,42.5,4.0,UPI,1.0,0.0,,,2023,March,Sunday,1,701.27,low
ORD101096,2025-01-31,Neha Agarwal,25.0,Male,Lucknow,Electronics,Wireless Mouse,2.0,2334.85,15.0,4.0,Cash on Delivery,0.0,60.0,,,2025,January,Friday,1,4029.245,low
ORD102839,2025-06-04,Navya Agarwal,39.0,Female,Jaipur,Beauty & Personal Care,Hair Oil 200ml,3.0,738.34,30.0,2.0,UPI,4.0,60.0,,,2025,June,Wednesday,2,1610.514,low
ORD101022,2025-03-02,Sai Joshi,51.0,Male,Ahmedabad,Grocery,Assorted Dry Fruits,4.0,89.43,10.0,2.0,Debit Card,4.0,80.0,,,2025,March,Sunday,1,401.94800000000004,low
ORD101682,2023-02-02,Anika Pillai,21.0,Female,Delhi,Electronics,Smartwatch Band,4.0,1463.76,0.0,9.0,UPI,4.0,0.0,,,2023,February,Thursday,1,4807.712,low
ORD100672,2023-12-09,Krishna Gupta,33.0,Male,Mumbai,Grocery,Assorted Dry Fruits,2.0,196.4,0.0,4.0,UPI,2.0,0.0,SAVE10,,2023,December,Saturday,4,392.8,low
ORD101206,2024-04-14,Rohan Rao,36.0,Female,Lucknow,Grocery,Honey 500g,1.0,367.19,25.0,6.0,Cash on Delivery,4.0,100.0,SAVE10,,2024,April,Sunday,2,375.3925,low
ORD102272,2023-09-28,Navya Bhat,33.0,Female,Kolkata,Footwear,Running Shoes,1.0,2192.6,20.0,8.0,Credit Card,0.0,80.0,WELCOME50,,2023,September,Thursday,3,1834.08,low
ORD101058,2024-01-22,Amit Iyer,19.0,Female,Chennai,Beauty & Personal Care,Sunscreen SPF50,3.0,390.61,0.0,4.0,UPI,3.0,80.0,,Size Issue,2024,January,Monday,1,1251.83,low
ORD102666,2023-08-08,Pari Deshmukh,29.0,Male,Lucknow,Electronics,Smartphone Cover,2.0,1810.43,10.0,9.0,UPI,4.0,0.0,,,2023,August,Tuesday,3,3258.7740000000003,low
ORD101783,2025-05-19,Navya Gupta,21.0,Female,Kolkata,Electronics,Power Bank 10000mAh,2.0,667.65,25.0,3.0,UPI,4.0,0.0,NEWUSER15,,2025,May,Monday,2,1001.4749999999999,low
ORD100587,2024-01-19,Vihaan Iyer,45.0,Male,Kolkata,Beauty & Personal Care,Hair Oil 200ml,1.0,842.79,0.0,6.0,UPI,4.0,80.0,,,2024,January,Friday,1,922.79,low
ORD101315,2023-09-30,Karan Sharma,51.0,Male,Surat,Footwear,Running Shoes,1.0,1399.13,0.0,2.0,UPI,1.0,0.0,NEWUSER15,,2023,September,Saturday,3,1399.13,low
ORD101416,2024-10-09,Myra Bhat,44.0,Male,Mumbai,Grocery,Honey 500g,2.0,520.61,10.0,9.0,Debit Card,5.0,0.0,,,2024,October,Wednesday,4,937.0980000000001,low
ORD102217,2025-06-28,Rahul Nair,36.0,Male,Chandigarh,Electronics,Smartphone Cover,1.0,1025.95,10.0,3.0,UPI,5.0,0.0,,,2025,June,Saturday,2,923.355,low
ORD102003,2024-02-22,Karan Patel,23.0,Female,Ahmedabad,Apparel,Denim Jeans,3.0,443.22,5.0,7.0,UPI,5.0,0.0,,,2024,February,Thursday,1,1263.177,low
ORD101430,2024-03-04,Amit Menon,39.0,Female,Lucknow,Apparel,Formal Shirt,2.0,337.18,0.0,6.0,UPI,0.0,0.0,FLAT100,,2024,March,Monday,1,674.36,low
ORD100798,2023-10-15,Priya Nair,30.0,Female,Chandigarh,Grocery,Basmati Rice 5kg,0.0,484.18,5.0,2.0,Credit Card,5.0,100.0,FLAT100,,2023,October,Sunday,4,100.0,low
ORD100071,2023-06-22,Ananya Sharma,21.0,Female,Delhi,Grocery,Cooking Oil 1L,2.0,697.99,30.0,8.0,Debit Card,0.0,60.0,,,2023,June,Thursday,2,1037.186,low
ORD102365,2023-03-20,Diya Reddy,51.0,Male,Lucknow,Footwear,Formal Leather Shoes,1.0,1908.67,15.0,5.0,Debit Card,4.0,0.0,,,2023,March,Monday,1,1622.3695,low
ORD102629,2023-02-05,Arjun Singh,42.0,Female,Bengaluru,Apparel,Formal Shirt,5.0,1202.71,0.0,3.0,Credit Card,4.0,150.0,,,2023,February,Sunday,1,4807.712,low
ORD100416,2023-10-26,Reyansh Rao,37.0,Female,Hyderabad,Electronics,LED Bulb Smart,2.0,947.88,15.0,2.0,Debit Card,3.0,150.0,,Defective Product,2023,October,Thursday,4,1761.396,low
ORD102604,2024-11-21,Arjun Sharma,32.0,Male,Chennai,Beauty & Personal Care,Herbal Shampoo,1.0,729.27,0.0,6.0,Net Banking,4.0,60.0,WELCOME50,,2024,November,Thursday,4,789.27,low
ORD102821,2024-12-03,Aadhya Kulkarni,52.0,Male,Kochi,Grocery,Honey 500g,1.0,642.67,5.0,4.0,Debit Card,5.0,0.0,,,2024,December,Tuesday,4,610.5364999999999,low
ORD101670,2024-11-21,Krishna Patel,22.0,Female,Chandigarh,Apparel,Ethnic Saree,1.0,575.16,10.0,2.0,UPI,5.0,40.0,,,2024,November,Thursday,4,557.644,low
ORD101629,2023-04-26,Arjun Agarwal,26.0,Male,Pune,Electronics,LED Bulb Smart,3.0,1965.44,10.0,8.0,Credit Card,4.0,0.0,WELCOME50,,2023,April,Wednesday,2,4807.712,low
ORD100770,2024-08-16,Myra Joshi,23.0,Male,Kochi,Home & Kitchen,Storage Container Set,1.0,1650.75,20.0,6.0,UPI,4.0,150.0,NEWUSER15,,2024,August,Friday,3,1470.6000000000001,low
ORD101140,2025-03-13,Vihaan Reddy,36.0,Male,Chandigarh,Apparel,Woolen Sweater,4.0,668.23,40.0,9.0,UPI,4.0,80.0,WELCOME50,,2025,March,Thursday,1,1683.752,low
ORD100178,2025-03-31,Ananya Iyer,38.0,Female,Kolkata,Grocery,Cooking Oil 1L,1.0,371.59,10.0,5.0,UPI,4.0,0.0,FEST20,Changed Mind,2025,March,Monday,1,334.431,low
ORD102459,2023-02-24,Ishita Chopra,45.0,Female,Hyderabad,Apparel,Women Kurti,1.0,1420.89,15.0,4.0,Debit Card,3.0,40.0,,,2023,February,Friday,1,1247.7565,low
ORD100879,2023-01-08,Sara Sharma,29.0,Female,Hyderabad,Electronics,Smartphone Cover,3.0,1051.9,10.0,3.0,UPI,4.0,0.0,,,2023,January,Sunday,1,2840.13,low
ORD102024,2023-03-08,Rohan Verma,38.0,Male,Indore,Footwear,Sandals,2.0,1821.18,10.0,6.0,UPI,4.0,0.0,WELCOME50,,2023,March,Wednesday,1,3278.1240000000003,low
ORD102002,2023-12-29,Krishna Pillai,23.0,Female,Indore,Beauty & Personal Care,Hair Oil 200ml,1.0,158.53,0.0,8.0,Credit Card,4.0,40.0,WELCOME50,,2023,December,Friday,4,198.53,low
ORD100841,2024-08-20,Sai Verma,16.0,Female,Kolkata,Home & Kitchen,Steel Water Bottle,2.0,743.72,30.0,7.0,Credit Card,4.0,0.0,,,2024,August,Tuesday,3,1041.208,low
ORD101061,2023-10-27,Navya Bhat,28.0,Male,Bengaluru,Beauty & Personal Care,Sunscreen SPF50,2.0,209.77,25.0,3.0,Cash on Delivery,0.0,60.0,,,2023,October,Friday,4,374.65500000000003,low
ORD102260,2023-01-22,Vihaan Joshi,36.0,Female,Hyderabad,Grocery,Cooking Oil 1L,1.0,194.84,15.0,9.0,Credit Card,3.0,80.0,FLAT100,,2023,January,Sunday,1,245.614,low
ORD101897,2024-01-07,Pooja Kapoor,34.0,Male,Chandigarh,Beauty & Personal Care,Face Wash 100ml,1.0,593.32,10.0,2.0,Credit Card,3.0,0.0,WELCOME50,,2024,January,Sunday,1,533.988,low
ORD100087,2023-10-12,Rahul Gupta,27.0,Male,Kochi,Apparel,Denim Jeans,3.0,986.12,20.0,9.0,Net Banking,0.0,100.0,WELCOME50,,2023,October,Thursday,4,2466.688,low
ORD100883,2023-05-22,Pari Singh,34.0,Male,Hyderabad,Beauty & Personal Care,Body Lotion,1.0,691.38,0.0,9.0,UPI,5.0,0.0,,,2023,May,Monday,2,691.38,low
ORD101732,2024-09-29,Arjun Bhat,40.0,Male,Kolkata,Electronics,Wireless Mouse,3.0,1951.13,0.0,7.0,Debit Card,2.0,40.0,FLAT100,,2024,September,Sunday,3,4807.712,low
ORD102827,2025-05-09,Myra Gupta,46.0,Male,Delhi,Beauty & Personal Care,Body Lotion,2.0,780.36,10.0,9.0,UPI,3.0,0.0,SAVE10,,2025,May,Friday,2,1404.6480000000001,low
ORD100652,2024-11-16,Ishita Rao,28.0,Female,Ahmedabad,Electronics,Portable Speaker,1.0,1908.84,5.0,4.0,UPI,4.0,0.0,,,2024,November,Saturday,4,1813.398,low
ORD101515,2025-04-27,Priya Gupta,23.0,Male,Surat,Beauty & Personal Care,Face Wash 100ml,2.0,263.44,5.0,4.0,Net Banking,0.0,40.0,,,2025,April,Sunday,2,540.536,low
ORD100526,2025-04-21,Arjun Pillai,20.0,Male,Lucknow,Grocery,Instant Noodles Pack,3.0,634.35,15.0,6.0,UPI,4.0,60.0,,,2025,April,Monday,2,1677.5925000000002,low
ORD101847,2024-05-09,Anika Shah,24.0,Male,Lucknow,Electronics,USB-C Cable,4.0,1522.48,0.0,7.0,Debit Card,0.0,100.0,,,2024,May,Thursday,2,4807.712,low
ORD102489,2023-11-22,Nikhil Menon,46.0,Female,Surat,Grocery,Assorted Dry Fruits,1.0,559.19,15.0,7.0,UPI,5.0,150.0,,,2023,November,Wednesday,4,625.3115,low
ORD100532,2023-05-22,Amit Kulkarni,34.0,Female,Bengaluru,Footwear,Sandals,2.0,438.07,0.0,3.0,UPI,4.0,0.0,,,2023,May,Monday,2,876.14,low
ORD101481,2023-01-02,Kavya Singh,43.0,Female,Jaipur,Footwear,Running Shoes,1.0,1835.43,10.0,9.0,Debit Card,5.0,0.0,,Changed Mind,2023,January,Monday,1,1651.8870000000002,low
ORD102089,2023-10-15,Nikhil Nair,37.0,Male,Lucknow,Grocery,Cooking Oil 1L,1.0,665.18,25.0,9.0,Net Banking,4.0,100.0,WELCOME50,Changed Mind,2023,October,Sunday,4,598.885,low
ORD102328,2023-01-25,Vivaan Menon,31.0,Female,Delhi,Home & Kitchen,Storage Container Set,1.0,202.26,20.0,5.0,UPI,4.0,0.0,,,2023,January,Wednesday,1,161.808,low
ORD101443,2024-01-30,Sara Menon,30.0,Female,Lucknow,Footwear,Flip Flops,1.0,1399.57,40.0,8.0,Cash on Delivery,4.0,0.0,,,2024,January,Tuesday,1,839.742,low
ORD102553,2024-10-19,Amit Chopra,35.0,Male,Chandigarh,Grocery,Instant Noodles Pack,2.0,516.35,5.0,2.0,Cash on Delivery,4.0,100.0,,,2024,October,Saturday,4,1081.065,low
ORD102987,2024-12-13,Ishita Agarwal,24.0,Female,Hyderabad,Beauty & Personal Care,Face Wash 100ml,4.0,435.61,5.0,8.0,UPI,3.0,0.0,,,2024,December,Friday,4,1655.318,low
ORD102519,2025-06-26,Sneha Singh,33.0,Male,Chandigarh,Beauty & Personal Care,Perfume 50ml,3.0,504.8,15.0,9.0,Credit Card,4.0,0.0,,,2025,June,Thursday,2,1287.24,low
ORD102963,2023-03-02,Ananya Kulkarni,46.0,Male,Chandigarh,Grocery,Green Tea Pack,3.0,482.06,0.0,2.0,UPI,2.0,150.0,,,2023,March,Thursday,1,1596.18,low
ORD102301,2023-05-12,Neha Kapoor,34.0,Male,Kolkata,Grocery,Basmati Rice 5kg,1.0,88.64,15.0,2.0,UPI,3.0,0.0,,,2023,May,Friday,2,75.344,low
ORD101561,2023-08-20,Arjun Deshmukh,23.0,Female,Lucknow,Home & Kitchen,Storage Container Set,2.0,767.97,40.0,5.0,UPI,4.0,150.0,,,2023,August,Sunday,3,1071.5639999999999,low
ORD102966,2023-08-08,Pooja Menon,17.0,Male,Kolkata,Home & Kitchen,Cotton Bedsheet Set,1.0,1391.24,0.0,6.0,UPI,4.0,60.0,NEWUSER15,,2023,August,Tuesday,3,1451.24,low
ORD100701,2024-07-15,Aadhya Joshi,26.0,Female,Lucknow,Electronics,Bluetooth Earbuds,3.0,871.72,5.0,3.0,Net Banking,5.0,100.0,SAVE10,,2024,July,Monday,3,2584.4019999999996,low
ORD102391,2023-10-14,Aadhya Agarwal,23.0,Male,Kochi,Home & Kitchen,Steel Water Bottle,1.0,555.37,5.0,6.0,Debit Card,2.0,0.0,,,2023,October,Saturday,4,527.6015,low
ORD102811,2023-09-18,Karan Sharma,23.0,Male,Kolkata,Home & Kitchen,Steel Water Bottle,2.0,1314.08,25.0,8.0,Credit Card,4.0,0.0,,,2023,September,Monday,3,1971.12,low
ORD102619,2025-05-11,Neha Menon,48.0,Male,Bengaluru,Beauty & Personal Care,Herbal Shampoo,2.0,810.55,10.0,6.0,UPI,5.0,100.0,,Wrong Item Delivered,2025,May,Sunday,2,1558.99,low
ORD100226,2025-01-06,Ishaan Nair,40.0,Male,Ahmedabad,Grocery,Cooking Oil 1L,2.0,147.26,0.0,8.0,Credit Card,1.0,80.0,SAVE10,,2025,January,Monday,1,374.52,low
ORD101543,2024-06-02,Rohan Kapoor,36.0,Male,Hyderabad,Electronics,Portable Speaker,1.0,1313.95,20.0,3.0,Debit Card,1.0,100.0,,,2024,June,Sunday,2,1151.16,low
ORD102786,2024-10-02,Rohan Sharma,35.0,Male,Surat,Beauty & Personal Care,Face Wash 100ml,1.0,755.13,20.0,1.0,UPI,5.0,0.0,,,2024,October,Wednesday,4,604.104,low
ORD100400,2025-06-28,Rahul Mehta,51.0,Female,Mumbai,Footwear,Running Shoes,2.0,1551.55,10.0,7.0,Credit Card,1.0,60.0,WELCOME50,,2025,June,Saturday,2,2852.79,low
ORD100855,2025-02-12,Krishna Pillai,38.0,Male,Delhi,Apparel,Women Kurti,2.0,806.02,5.0,7.0,UPI,4.0,0.0,,,2025,February,Wednesday,1,1531.4379999999999,low
ORD101595,2023-05-31,Riya Kapoor,38.0,Male,Nagpur,Beauty & Personal Care,Hair Oil 200ml,1.0,119.12,30.0,3.0,Debit Card,4.0,0.0,,Changed Mind,2023,May,Wednesday,2,83.384,low
ORD102246,2023-01-16,Pari Nair,29.0,Female,Ahmedabad,Electronics,LED Bulb Smart,2.0,622.92,5.0,7.0,UPI,0.0,40.0,,,2023,January,Monday,1,1223.5479999999998,low
ORD101945,2024-11-15,Kabir Kulkarni,32.0,Male,Nagpur,Apparel,Kids Hoodie,2.0,846.82,0.0,5.0,UPI,5.0,80.0,,,2024,November,Friday,4,1773.64,low
ORD102033,2024-09-09,Arjun Deshmukh,23.0,Female,Chandigarh,Beauty & Personal Care,Lip Balm Pack,5.0,785.86,0.0,5.0,UPI,5.0,0.0,,,2024,September,Monday,3,3929.3,low
ORD101864,2025-01-30,Pari Chopra,40.0,Male,Lucknow,Apparel,Ethnic Saree,1.0,946.05,42.5,5.0,UPI,0.0,0.0,,Late Delivery,2025,January,Thursday,1,473.025,low
ORD102774,2023-01-24,Neha Bhat,24.0,Male,Chennai,Beauty & Personal Care,Lip Balm Pack,2.0,429.39,42.5,7.0,Debit Card,4.0,80.0,,,2023,January,Tuesday,1,509.39,low
ORD101081,2025-06-20,Ananya Rao,37.0,Female,Bengaluru,Beauty & Personal Care,Face Wash 100ml,2.0,122.28,20.0,8.0,Cash on Delivery,2.0,0.0,NEWUSER15,,2025,June,Friday,2,195.64800000000002,low
ORD101573,2025-01-10,Rahul Bhat,40.0,Male,Pune,Apparel,Women Kurti,4.0,387.78,10.0,4.0,Credit Card,4.0,0.0,FLAT100,,2025,January,Friday,1,1396.008,low
ORD102888,2023-05-16,Vivaan Kulkarni,26.0,Female,Nagpur,Apparel,Ethnic Saree,1.0,1168.5,15.0,9.0,Debit Card,2.0,100.0,,,2023,May,Tuesday,2,1093.225,low
ORD100456,2023-05-16,Myra Joshi,32.0,Male,Ahmedabad,Footwear,Running Shoes,1.0,812.58,25.0,7.0,Cash on Delivery,0.0,150.0,,,2023,May,Tuesday,2,759.4350000000001,low
ORD100842,2023-01-09,Rohan Gupta,56.5,Male,Bengaluru,Electronics,USB-C Cable,2.0,2271.55,25.0,9.0,UPI,5.0,60.0,NEWUSER15,Late Delivery,2023,January,Monday,1,3467.3250000000003,low
ORD102724,2024-12-21,Ishita Mehta,47.0,Male,Kolkata,Grocery,Whole Wheat Atta 5kg,2.0,354.53,15.0,5.0,Debit Card,1.0,0.0,,,2024,December,Saturday,4,602.7009999999999,low
ORD100338,2023-01-01,Priya Kapoor,31.0,Female,Lucknow,Home & Kitchen,Kitchen Organizer,2.0,634.39,5.0,2.0,UPI,0.0,0.0,,,2023,January,Sunday,1,1205.341,low
ORD100026,2024-10-07,Aditya Singh,45.0,Male,Ahmedabad,Apparel,Sports Track Pant,4.0,752.19,15.0,6.0,Net Banking,0.0,60.0,NEWUSER15,,2024,October,Monday,4,2617.446,low
ORD101183,2023-01-10,Karan Mehta,43.0,Female,Surat,Electronics,USB-C Cable,1.0,1984.24,10.0,9.0,Credit Card,4.0,0.0,WELCOME50,,2023,January,Tuesday,1,1785.816,low
ORD101684,2023-01-15,Riya Singh,32.0,Male,Delhi,Grocery,Cooking Oil 1L,1.0,125.38,20.0,7.0,UPI,4.0,100.0,,,2023,January,Sunday,1,200.304,low
ORD100024,2024-12-13,Rohan Kulkarni,24.0,Female,Kochi,Electronics,Portable Speaker,4.0,1177.89,20.0,6.0,UPI,4.0,40.0,,,2024,December,Friday,4,3809.2480000000005,low
ORD101459,2023-01-13,Nikhil Patel,28.0,Female,Kochi,Grocery,Basmati Rice 5kg,2.0,97.96,0.0,4.0,UPI,5.0,0.0,NEWUSER15,,2023,January,Friday,1,195.92,low
ORD102180,2024-09-29,Ishita Nair,39.0,Female,Ahmedabad,Electronics,Bluetooth Earbuds,3.0,1967.77,25.0,3.0,UPI,5.0,0.0,,,2024,September,Sunday,3,4427.4825,low
ORD100000,2023-03-23,Sara Pillai,42.0,Male,Bengaluru,Beauty & Personal Care,Lip Balm Pack,1.0,523.49,15.0,7.0,Net Banking,0.0,60.0,,,2023,March,Thursday,1,504.9665,low
ORD102109,2023-09-16,Ananya Sharma,41.0,Female,Surat,Electronics,Wireless Mouse,1.0,910.51,25.0,6.0,Credit Card,4.0,0.0,,,2023,September,Saturday,3,682.8824999999999,low
ORD102194,2024-08-21,Sai Kapoor,44.0,Female,Chennai,Apparel,Formal Shirt,1.0,1239.24,0.0,3.0,Debit Card,5.0,0.0,,,2024,August,Wednesday,3,1239.24,low
ORD102609,2025-01-23,Ananya Chopra,33.0,Female,Chandigarh,Electronics,LED Bulb Smart,1.0,865.7,10.0,5.0,UPI,5.0,0.0,,,2025,January,Thursday,1,779.1300000000001,low
ORD102131,2025-06-08,Ananya Sharma,43.0,Female,Chennai,Apparel,Formal Shirt,3.0,1457.1,0.0,6.0,Cash on Delivery,0.0,0.0,FLAT100,Wrong Item Delivered,2025,June,Sunday,2,4371.299999999999,low
ORD100060,2024-12-15,Aditya Patel,33.0,Male,Kolkata,Beauty & Personal Care,Perfume 50ml,1.0,421.03,20.0,9.0,Cash on Delivery,0.0,80.0,,Wrong Item Delivered,2024,December,Sunday,4,416.824,low
ORD100690,2025-06-26,Vihaan Iyer,26.0,Female,Lucknow,Apparel,Women Kurti,3.0,1412.86,0.0,8.0,Cash on Delivery,0.0,0.0,,,2025,June,Thursday,2,4238.58,low
ORD101010,2023-09-02,Sneha Singh,26.0,Female,Chennai,Home & Kitchen,Cotton Bedsheet Set,2.0,1779.27,15.0,14.0,Credit Card,5.0,0.0,,Defective Product,2023,September,Saturday,3,3024.759,low
ORD101751,2024-01-01,Vivaan Chopra,25.0,Female,Delhi,Home & Kitchen,Storage Container Set,3.0,882.51,5.0,8.0,Debit Card,5.0,40.0,FLAT100,Defective Product,2024,January,Monday,1,2555.1534999999994,low
ORD101795,2023-07-04,Kabir Chopra,17.0,Female,Ahmedabad,Apparel,Ethnic Saree,1.0,945.14,5.0,8.0,Debit Card,5.0,0.0,,,2023,July,Tuesday,3,897.8829999999999,low
ORD100563,2023-06-15,Ishita Joshi,33.0,Male,Indore,Electronics,Smartphone Cover,2.0,1942.7,15.0,5.0,UPI,4.0,150.0,SAVE10,,2023,June,Thursday,2,3452.59,low
ORD102850,2023-06-27,Sara Rao,27.0,Female,Chandigarh,Electronics,Smartphone Cover,2.0,2180.22,0.0,6.0,Credit Card,4.0,40.0,,,2023,June,Tuesday,2,4400.44,low
ORD101965,2024-11-06,Ishaan Shah,52.0,Female,Kolkata,Electronics,USB-C Cable,2.0,713.63,0.0,4.0,UPI,1.0,0.0,,,2024,November,Wednesday,4,1427.26,low
ORD100582,2023-04-08,Priya Iyer,31.0,Female,Hyderabad,Electronics,LED Bulb Smart,2.0,1304.44,10.0,6.0,Debit Card,0.0,100.0,,Defective Product,2023,April,Saturday,2,2447.992,low
ORD100433,2024-01-23,Riya Chopra,35.0,Male,Kochi,Electronics,Smartwatch Band,3.0,887.88,10.0,7.0,Net Banking,3.0,80.0,,,2024,January,Tuesday,1,2477.276,low
ORD101306,2023-08-20,Kavya Agarwal,34.0,Male,Lucknow,Beauty & Personal Care,Herbal Shampoo,2.0,478.18,42.5,9.0,Cash on Delivery,0.0,0.0,,,2023,August,Sunday,3,478.18,low
ORD102668,2023-03-11,Rahul Bhat,24.0,Female,Hyderabad,Apparel,Woolen Sweater,2.0,1081.33,10.0,8.0,Cash on Delivery,1.0,0.0,,,2023,March,Saturday,1,1946.394,low
ORD101816,2023-12-09,Riya Reddy,39.0,Male,Kochi,Electronics,Bluetooth Earbuds,1.0,723.57,20.0,7.0,UPI,5.0,80.0,,,2023,December,Saturday,4,658.8560000000001,low
ORD100947,2023-05-03,Anika Sharma,36.0,Female,Bengaluru,Electronics,Portable Speaker,1.0,529.6,42.5,9.0,Credit Card,5.0,0.0,WELCOME50,,2023,May,Wednesday,2,264.8,low
ORD102320,2023-04-01,Nikhil Sharma,35.0,Female,Lucknow,Home & Kitchen,Cotton Bedsheet Set,1.0,880.88,5.0,4.0,Credit Card,5.0,0.0,NEWUSER15,,2023,April,Saturday,2,836.836,low
ORD100539,2023-12-12,Diya Kapoor,40.0,Male,Lucknow,Grocery,Honey 500g,4.0,586.36,10.0,3.0,Credit Card,4.0,0.0,FEST20,Late Delivery,2023,December,Tuesday,4,2110.896,low
ORD100423,2024-06-13,Rahul Chopra,36.0,Male,Surat,Beauty & Personal Care,Perfume 50ml,1.0,256.77,0.0,5.0,Credit Card,0.0,0.0,,,2024,June,Thursday,2,256.77,low
ORD100241,2024-06-16,Rohan Joshi,34.0,Female,Kolkata,Electronics,Smartphone Cover,4.0,2284.78,0.0,8.0,UPI,4.0,100.0,,,2024,June,Sunday,2,4807.712,low
ORD100858,2024-09-01,Karan Mehta,30.0,Male,Jaipur,Grocery,Spices Combo Pack,1.0,630.49,0.0,3.0,Credit Card,5.0,40.0,,,2024,September,Sunday,3,670.49,low
ORD101974,2024-05-24,Ishita Deshmukh,41.0,Male,Jaipur,Beauty & Personal Care,Lip Balm Pack,3.0,2603.435,5.0,9.0,Debit Card,3.0,0.0,,Size Issue,2024,May,Friday,2,4807.712,low
ORD100746,2024-04-29,Kavya Singh,34.0,Male,Kochi,Electronics,Smartphone Cover,2.0,1029.75,0.0,9.0,Debit Card,4.0,0.0,,,2024,April,Monday,2,2059.5,low
ORD100131,2024-05-19,Navya Pillai,46.0,Female,Bengaluru,Footwear,Sandals,1.0,1454.19,5.0,3.0,UPI,5.0,40.0,,,2024,May,Sunday,2,1421.4805,low
ORD102215,2023-12-22,Riya Joshi,46.0,Female,Lucknow,Home & Kitchen,Steel Water Bottle,2.0,1156.62,15.0,3.0,UPI,3.0,0.0,,,2023,December,Friday,4,1966.2539999999997,low
ORD102746,2023-07-24,Vivaan Singh,32.0,Female,Ahmedabad,Home & Kitchen,Steel Water Bottle,1.0,1566.76,10.0,6.0,UPI,0.0,0.0,,Quality Not as Expected,2023,July,Monday,3,1410.084,low
ORD102242,2024-02-17,Pari Verma,41.0,Male,Indore,Electronics,Portable Speaker,2.0,1413.25,0.0,2.0,UPI,3.0,0.0,SAVE10,,2024,February,Saturday,1,2826.5,low
ORD100194,2025-05-24,Sneha Reddy,23.0,Female,Lucknow,Beauty & Personal Care,Hair Oil 200ml,1.0,292.91,5.0,3.0,UPI,0.0,0.0,,,2025,May,Saturday,2,278.2645,low
ORD101617,2023-01-21,Sneha Nair,55.0,Female,Surat,Grocery,Basmati Rice 5kg,5.0,245.97,0.0,7.0,UPI,3.0,40.0,SAVE10,,2023,January,Saturday,1,1269.85,low
ORD101068,2023-12-16,Pooja Rao,46.0,Male,Chennai,Electronics,Power Bank 10000mAh,4.0,2153.2,0.0,5.0,UPI,4.0,100.0,,,2023,December,Saturday,4,4807.712,low
ORD100832,2024-02-17,Sai Rao,40.0,Other,Hyderabad,Beauty & Personal Care,Perfume 50ml,4.0,769.93,5.0,8.0,UPI,4.0,0.0,,,2024,February,Saturday,1,2925.7339999999995,low
ORD100735,2024-10-17,Sara Gupta,42.0,Male,Chandigarh,Beauty & Personal Care,Hair Oil 200ml,1.0,176.44,20.0,3.0,UPI,0.0,0.0,,,2024,October,Thursday,4,141.15200000000002,low
ORD101659,2023-08-20,Sara Gupta,28.0,Female,Indore,Home & Kitchen,LED Table Lamp,1.0,742.35,25.0,3.0,UPI,4.0,100.0,,,2023,August,Sunday,3,656.7625,low
ORD100170,2024-10-14,Kabir Rao,39.0,Male,Chennai,Footwear,Formal Leather Shoes,3.0,1882.17,10.0,7.0,UPI,5.0,60.0,,,2024,October,Monday,4,4807.712,low
ORD101163,2024-04-29,Sneha Pillai,34.0,Male,Nagpur,Grocery,Assorted Dry Fruits,3.0,253.78,25.0,5.0,Debit Card,4.0,0.0,,,2024,April,Monday,2,571.005,low
ORD102673,2023-06-20,Aditya Gupta,29.0,Female,Pune,Home & Kitchen,Wall Clock,1.0,307.51,0.0,5.0,UPI,5.0,0.0,,,2023,June,Tuesday,2,307.51,low
ORD100643,2024-03-14,Pari Menon,50.0,Female,Lucknow,Electronics,Smartphone Cover,1.0,1147.29,5.0,7.0,UPI,0.0,100.0,SAVE10,,2024,March,Thursday,1,1189.9254999999998,low
ORD100561,2023-12-14,Krishna Joshi,45.0,Female,Kochi,Electronics,Smartphone Cover,1.0,1878.87,30.0,5.0,Debit Card,4.0,0.0,,,2023,December,Thursday,4,1315.2089999999998,low
ORD102515,2024-12-17,Aditya Iyer,22.0,Female,Mumbai,Home & Kitchen,Non-Stick Pan,4.0,752.07,15.0,5.0,Credit Card,0.0,40.0,,,2024,December,Tuesday,4,2597.038,low
ORD102594,2023-10-06,Riya Chopra,38.0,Female,Hyderabad,Apparel,Formal Shirt,1.0,944.32,5.0,5.0,UPI,4.0,100.0,,,2023,October,Friday,4,997.104,low
ORD100219,2025-04-02,Aditya Nair,49.0,Male,Nagpur,Apparel,Sports Track Pant,1.0,952.51,20.0,4.0,UPI,5.0,60.0,SAVE10,,2025,April,Wednesday,2,822.008,low
ORD102973,2025-06-13,Karan Singh,28.0,Male,Ahmedabad,Grocery,Honey 500g,1.0,302.28,15.0,3.0,Credit Card,3.0,0.0,FLAT100,,2025,June,Friday,2,256.938,low
ORD101942,2024-12-07,Vivaan Verma,32.0,Male,Hyderabad,Home & Kitchen,Wall Clock,1.0,1465.3,5.0,8.0,Credit Card,3.0,0.0,NEWUSER15,Late Delivery,2024,December,Saturday,4,1392.0349999999999,low
ORD102309,2024-05-01,Navya Shah,30.0,Male,Lucknow,Electronics,Smartwatch Band,2.0,1682.23,0.0,9.0,UPI,0.0,0.0,,,2024,May,Wednesday,2,3364.46,low
ORD102292,2023-08-03,Krishna Kapoor,31.0,Male,Lucknow,Grocery,Honey 500g,1.0,400.58,15.0,7.0,Credit Card,5.0,0.0,,,2023,August,Thursday,3,340.493,low
ORD101715,2023-01-26,Ishaan Bhat,51.0,Male,Bengaluru,Electronics,Smartphone Cover,4.0,1020.31,0.0,6.0,UPI,0.0,80.0,FLAT100,,2023,January,Thursday,1,4161.24,low
ORD102998,2024-02-01,Priya Gupta,43.0,Female,Kochi,Beauty & Personal Care,Lip Balm Pack,1.0,485.21,5.0,3.0,Debit Card,0.0,0.0,,Late Delivery,2024,February,Thursday,1,460.94949999999994,low
ORD101587,2023-03-13,Arjun Verma,44.0,Female,Delhi,Beauty & Personal Care,Lip Balm Pack,3.0,589.54,30.0,6.0,Debit Card,5.0,0.0,,,2023,March,Monday,1,1238.0339999999999,low
ORD101979,2024-12-24,Ishita Deshmukh,28.0,Female,Ahmedabad,Electronics,LED Bulb Smart,1.0,2291.96,25.0,5.0,Credit Card,0.0,0.0,,Wrong Item Delivered,2024,December,Tuesday,4,1718.97,low
ORD101578,2024-10-12,Krishna Shah,32.0,Male,Lucknow,Electronics,Smartwatch Band,2.0,968.58,20.0,3.0,UPI,0.0,0.0,,,2024,October,Saturday,4,1549.728,low
ORD100267,2023-11-12,Aarav Iyer,27.0,Male,Hyderabad,Electronics,Smartphone Cover,4.0,1992.05,25.0,5.0,Debit Card,4.0,60.0,FLAT100,,2023,November,Sunday,4,4807.712,low
ORD102791,2023-05-22,Ishita Chopra,34.0,Female,Delhi,Home & Kitchen,Curtain Set,1.0,751.51,5.0,2.0,Credit Card,1.0,0.0,,,2023,May,Monday,2,713.9345,low
ORD101776,2023-10-30,Ishita Iyer,35.0,Male,Surat,Beauty & Personal Care,Body Lotion,2.0,225.75,10.0,4.0,Debit Card,5.0,0.0,,,2023,October,Monday,4,406.35,low
ORD100514,2025-05-23,Neha Joshi,52.0,Male,Kochi,Beauty & Personal Care,Sunscreen SPF50,2.0,247.96,15.0,4.0,UPI,1.0,100.0,,,2025,May,Friday,2,521.5319999999999,low
ORD101098,2023-02-07,Ishita Verma,34.0,Female,Delhi,Beauty & Personal Care,Sunscreen SPF50,2.0,287.07,25.0,8.0,Debit Card,0.0,40.0,,,2023,February,Tuesday,1,470.605,low
ORD100273,2025-05-23,Diya Nair,34.0,Female,Indore,Electronics,Smartwatch Band,3.0,2107.57,15.0,8.0,UPI,5.0,0.0,,Defective Product,2025,May,Friday,2,4807.712,low
ORD100704,2023-10-08,Arjun Agarwal,31.0,Male,Hyderabad,Electronics,Power Bank 10000mAh,3.0,1826.83,0.0,2.0,UPI,0.0,100.0,,,2023,October,Sunday,4,4807.712,low
ORD100592,2024-12-19,Myra Rao,45.0,Male,Kolkata,Apparel,Men Cotton T-Shirt,1.0,1049.0,25.0,2.0,Net Banking,1.0,0.0,,,2024,December,Thursday,4,786.75,low
ORD100836,2024-12-06,Rohan Reddy,39.0,Female,Chandigarh,Electronics,Smartphone Cover,4.0,2341.95,25.0,8.0,UPI,2.0,0.0,SAVE10,Changed Mind,2024,December,Friday,4,4807.712,low
ORD101580,2023-09-28,Reyansh Agarwal,46.0,Female,Kolkata,Apparel,Denim Jeans,1.0,787.58,0.0,3.0,Credit Card,4.0,150.0,,Quality Not as Expected,2023,September,Thursday,3,937.58,low
ORD101070,2024-09-06,Vihaan Agarwal,18.0,Female,Nagpur,Electronics,Portable Speaker,1.0,2240.54,10.0,8.0,UPI,0.0,0.0,,,2024,September,Friday,3,2016.486,low
ORD101650,2023-10-09,Ishita Gupta,22.0,Female,Ahmedabad,Electronics,Bluetooth Earbuds,1.0,1278.63,20.0,6.0,Debit Card,0.0,0.0,,,2023,October,Monday,4,1022.9040000000001,low
ORD102857,2024-12-11,Myra Menon,34.0,Female,Lucknow,Electronics,Portable Speaker,1.0,2603.435,5.0,7.0,Debit Card,3.0,0.0,,,2024,December,Wednesday,4,4807.712,low
ORD101547,2025-02-12,Arjun Pillai,24.0,Male,Lucknow,Electronics,LED Bulb Smart,1.0,755.4,5.0,6.0,Debit Card,0.0,100.0,FLAT100,Late Delivery,2025,February,Wednesday,1,817.63,low
ORD101193,2024-10-02,Vivaan Chopra,28.0,Male,Jaipur,Electronics,Wireless Mouse,1.0,1981.4,5.0,8.0,Debit Card,5.0,100.0,FEST20,,2024,October,Wednesday,4,1982.33,low
ORD100684,2023-06-04,Diya Joshi,24.0,Female,Kochi,Electronics,Smartwatch Band,3.0,2310.79,5.0,9.0,Credit Card,0.0,0.0,,,2023,June,Sunday,2,4807.712,low
ORD100253,2024-01-27,Rohan Agarwal,35.0,Female,Surat,Home & Kitchen,Kitchen Organizer,4.0,1435.08,0.0,2.0,Net Banking,0.0,150.0,WELCOME50,Quality Not as Expected,2024,January,Saturday,1,4807.712,low
ORD100636,2023-08-03,Krishna Menon,46.0,Male,Jaipur,Footwear,Sandals,2.0,427.45,5.0,2.0,Credit Card,4.0,100.0,,,2023,August,Thursday,3,912.155,low
ORD102948,2024-04-28,Sneha Nair,46.0,Male,Indore,Home & Kitchen,Kitchen Organizer,2.0,1331.47,30.0,4.0,Credit Card,5.0,0.0,,,2024,April,Sunday,2,1864.058,low
ORD100295,2024-12-21,Navya Shah,38.0,Female,Surat,Electronics,Portable Speaker,3.0,732.22,15.0,7.0,Debit Card,2.0,0.0,FLAT100,,2024,December,Saturday,4,1867.1609999999998,low
ORD101454,2024-06-05,Rahul Deshmukh,43.0,Male,Chennai,Electronics,Wireless Mouse,4.0,1589.95,0.0,4.0,Credit Card,5.0,80.0,,,2024,June,Wednesday,2,4807.712,low
ORD100053,2024-03-01,Pooja Rao,45.0,Male,Lucknow,Beauty & Personal Care,Face Wash 100ml,1.0,691.09,15.0,2.0,Net Banking,0.0,0.0,,,2024,March,Friday,1,587.4265,low
ORD101779,2023-10-05,Reyansh Iyer,20.0,Male,Chennai,Home & Kitchen,LED Table Lamp,1.0,769.11,0.0,8.0,Debit Card,2.0,0.0,WELCOME50,,2023,October,Thursday,4,769.11,low
ORD100328,2023-05-09,Navya Menon,41.0,Male,Chennai,Grocery,Spices Combo Pack,5.0,686.81,15.0,6.0,Credit Card,4.0,40.0,,,2023,May,Tuesday,2,2958.9424999999997,low
ORD100596,2024-06-11,Kavya Kapoor,37.0,Male,Kolkata,Grocery,Honey 500g,5.0,116.92,20.0,4.0,Credit Card,4.0,0.0,,,2024,June,Tuesday,2,467.68000000000006,low
ORD100270,2023-09-26,Vivaan Rao,41.0,Male,Chandigarh,Beauty & Personal Care,Body Lotion,2.0,456.49,10.0,4.0,UPI,2.0,0.0,NEWUSER15,,2023,September,Tuesday,3,821.682,low
ORD100365,2024-04-17,Pari Chopra,39.0,Female,Kochi,Electronics,USB-C Cable,3.0,1872.5,10.0,4.0,UPI,5.0,0.0,,,2024,April,Wednesday,2,4807.712,low
ORD101390,2023-10-06,Pari Rao,29.0,Female,Bengaluru,Apparel,Women Kurti,3.0,568.14,5.0,9.0,Cash on Delivery,4.0,60.0,FEST20,,2023,October,Friday,4,1679.199,low
ORD102561,2023-11-23,Anika Sharma,17.0,Female,Lucknow,Electronics,Smartphone Cover,3.0,927.16,0.0,8.0,Debit Card,0.0,0.0,,,2023,November,Thursday,4,2781.48,low
ORD100651,2024-12-22,Kavya Joshi,39.0,Female,Delhi,Apparel,Kids Hoodie,2.0,451.76,10.0,2.0,Debit Card,0.0,40.0,,,2024,December,Sunday,4,853.168,low
ORD101724,2024-05-01,Amit Menon,40.0,Male,Pune,Electronics,Wireless Mouse,2.0,562.07,25.0,7.0,Credit Card,2.0,60.0,,,2024,May,Wednesday,2,903.105,low
ORD101240,2024-04-07,Kabir Kapoor,31.0,Female,Chennai,Grocery,Instant Noodles Pack,3.0,2603.435,0.0,8.0,Net Banking,5.0,0.0,,,2024,April,Sunday,2,4807.712,low
ORD102819,2024-10-06,Myra Deshmukh,46.0,Female,Jaipur,Apparel,Formal Shirt,3.0,396.48,0.0,8.0,Cash on Delivery,4.0,0.0,,Defective Product,2024,October,Sunday,4,1189.44,low
ORD100191,2023-11-17,Amit Deshmukh,42.0,Male,Chandigarh,Beauty & Personal Care,Face Wash 100ml,1.0,525.72,30.0,4.0,Debit Card,5.0,0.0,FLAT100,,2023,November,Friday,4,368.004,low
ORD101016,2023-12-16,Reyansh Iyer,31.0,Male,Pune,Beauty & Personal Care,Lip Balm Pack,4.0,567.59,0.0,6.0,Credit Card,4.0,100.0,,,2023,December,Saturday,4,2370.36,low
ORD102203,2023-11-03,Rohan Reddy,32.0,Female,Hyderabad,Grocery,Instant Noodles Pack,2.0,255.27,5.0,2.0,Credit Card,0.0,40.0,WELCOME50,,2023,November,Friday,4,525.0129999999999,low
ORD100374,2025-03-18,Kabir Kapoor,28.0,Male,Lucknow,Apparel,Denim Jeans,1.0,549.55,5.0,9.0,Net Banking,4.0,40.0,,,2025,March,Tuesday,1,562.0724999999999,low
ORD102310,2023-09-13,Aadhya Bhat,50.0,Female,Jaipur,Footwear,Formal Leather Shoes,3.0,1220.1,0.0,4.0,UPI,4.0,100.0,FLAT100,,2023,September,Wednesday,3,3760.2999999999997,low
ORD101893,2024-10-09,Pooja Iyer,44.0,Male,Chandigarh,Apparel,Men Cotton T-Shirt,1.0,729.87,42.5,4.0,UPI,4.0,0.0,SAVE10,,2024,October,Wednesday,4,364.935,low
ORD100291,2023-09-01,Aadhya Gupta,44.0,Male,Kochi,Apparel,Woolen Sweater,1.0,1236.78,5.0,5.0,UPI,0.0,0.0,FLAT100,,2023,September,Friday,3,1174.941,low
ORD101364,2024-05-20,Vihaan Nair,47.0,Male,Ahmedabad,Beauty & Personal Care,Lip Balm Pack,4.0,750.94,30.0,9.0,Credit Card,4.0,150.0,,,2024,May,Monday,2,2252.632,low
ORD101205,2025-04-02,Aditya Rao,21.0,Female,Lucknow,Apparel,Sports Track Pant,4.0,1082.03,15.0,9.0,UPI,4.0,0.0,,,2025,April,Wednesday,2,3678.9019999999996,low
ORD102118,2024-05-12,Krishna Bhat,56.0,Male,Mumbai,Home & Kitchen,Kitchen Organizer,1.0,468.37,5.0,9.0,Debit Card,4.0,0.0,WELCOME50,,2024,May,Sunday,2,444.9515,low
ORD102643,2024-02-29,Amit Singh,43.0,Female,Bengaluru,Apparel,Sports Track Pant,1.0,664.46,20.0,3.0,UPI,4.0,60.0,,,2024,February,Thursday,1,591.5680000000001,low
ORD101303,2025-03-26,Vihaan Pillai,32.0,Male,Chennai,Apparel,Ethnic Saree,1.0,1405.18,30.0,6.0,Net Banking,5.0,40.0,NEWUSER15,,2025,March,Wednesday,1,1023.626,low
ORD100857,2023-02-22,Aarav Kulkarni,44.0,Male,Lucknow,Home & Kitchen,Storage Container Set,5.0,1156.12,5.0,8.0,Cash on Delivery,2.0,0.0,,Quality Not as Expected,2023,February,Wednesday,1,4807.712,low
ORD102383,2024-01-22,Myra Joshi,39.0,Male,Kochi,Electronics,Power Bank 10000mAh,1.0,1709.12,0.0,5.0,UPI,0.0,0.0,SAVE10,Late Delivery,2024,January,Monday,1,1709.12,low
ORD101423,2024-10-10,Myra Rao,41.0,Female,Bengaluru,Home & Kitchen,Curtain Set,2.0,994.09,25.0,2.0,Debit Card,5.0,0.0,,,2024,October,Thursday,4,1491.135,low
ORD102293,2024-11-13,Pooja Mehta,19.0,Male,Hyderabad,Electronics,Portable Speaker,1.0,1187.91,15.0,8.0,Debit Card,5.0,0.0,,,2024,November,Wednesday,4,1009.7235000000001,low
ORD102211,2024-12-06,Kavya Reddy,39.0,Female,Chennai,Apparel,Women Kurti,2.0,661.77,10.0,8.0,UPI,0.0,60.0,,,2024,December,Friday,4,1251.186,low
ORD100393,2024-06-30,Ananya Reddy,33.0,Male,Mumbai,Electronics,Bluetooth Earbuds,3.0,930.04,10.0,5.0,Net Banking,0.0,0.0,,,2024,June,Sunday,2,2511.108,low
ORD102590,2023-03-06,Rohan Reddy,45.0,Female,Ahmedabad,Home & Kitchen,Curtain Set,1.0,725.95,0.0,2.0,Net Banking,4.0,80.0,,,2023,March,Monday,1,805.95,low
ORD102245,2025-01-28,Aditya Chopra,38.0,Male,Bengaluru,Electronics,Smartwatch Band,2.0,1614.92,0.0,8.0,UPI,0.0,0.0,,,2025,January,Tuesday,1,3229.84,low
ORD100179,2024-04-01,Sara Nair,34.0,Female,Chandigarh,Apparel,Kids Hoodie,1.0,478.67,0.0,3.0,Net Banking,3.0,40.0,NEWUSER15,,2024,April,Monday,2,518.6700000000001,low
ORD101611,2023-05-11,Kabir Chopra,34.0,Male,Lucknow,Beauty & Personal Care,Hair Oil 200ml,1.0,178.49,0.0,9.0,Debit Card,0.0,0.0,,,2023,May,Thursday,2,178.49,low
ORD100939,2024-04-08,Amit Nair,35.0,Female,Chennai,Beauty & Personal Care,Lip Balm Pack,3.0,280.55,10.0,14.0,Debit Card,0.0,0.0,,,2024,April,Monday,2,757.4850000000001,low
ORD101521,2024-10-10,Myra Verma,24.0,Male,Chandigarh,Apparel,Women Kurti,2.0,452.16,25.0,5.0,Cash on Delivery,0.0,60.0,,,2024,October,Thursday,4,738.24,low
ORD100488,2023-11-23,Rohan Sharma,21.0,Female,Lucknow,Electronics,Smartwatch Band,3.0,2603.435,0.0,9.0,UPI,5.0,100.0,,,2023,November,Thursday,4,4807.712,low
ORD101758,2024-06-04,Reyansh Gupta,31.0,Male,Surat,Apparel,Denim Jeans,3.0,1440.72,20.0,5.0,UPI,5.0,150.0,,Wrong Item Delivered,2024,June,Tuesday,2,3607.728,low
ORD100760,2023-06-10,Sara Gupta,48.0,Male,Kolkata,Electronics,USB-C Cable,1.0,944.75,30.0,9.0,UPI,5.0,0.0,,Defective Product,2023,June,Saturday,2,661.3249999999999,low
ORD100051,2023-06-27,Sara Rao,23.0,Female,Lucknow,Apparel,Woolen Sweater,2.0,426.3,0.0,2.0,UPI,0.0,0.0,FEST20,Changed Mind,2023,June,Tuesday,2,852.6,low
ORD102222,2024-01-27,Neha Sharma,34.0,Male,Kochi,Electronics,Power Bank 10000mAh,2.0,1426.79,15.0,5.0,UPI,4.0,0.0,NEWUSER15,,2024,January,Saturday,1,2425.5429999999997,low
ORD102700,2025-03-13,Amit Iyer,45.0,Male,Ahmedabad,Beauty & Personal Care,Face Wash 100ml,3.0,800.82,5.0,3.0,Credit Card,0.0,0.0,WELCOME50,,2025,March,Thursday,1,2282.337,low
ORD101971,2025-04-18,Aditya Rao,22.0,Male,Delhi,Beauty & Personal Care,Perfume 50ml,1.0,877.54,25.0,6.0,Cash on Delivery,0.0,0.0,,,2025,April,Friday,2,658.155,low
ORD102841,2023-11-06,Arjun Rao,29.0,Male,Ahmedabad,Beauty & Personal Care,Sunscreen SPF50,5.0,583.95,0.0,8.0,UPI,0.0,0.0,,,2023,November,Monday,4,2919.75,low
ORD100063,2025-05-31,Kabir Joshi,50.0,Female,Lucknow,Apparel,Kids Hoodie,5.0,1211.51,25.0,4.0,UPI,4.0,0.0,WELCOME50,,2025,May,Saturday,2,4543.1625,low
ORD101884,2024-07-16,Aadhya Singh,34.0,Female,Mumbai,Apparel,Ethnic Saree,2.0,945.69,10.0,6.0,Cash on Delivery,0.0,0.0,SAVE10,,2024,July,Tuesday,3,1702.2420000000002,low
ORD101767,2024-03-02,Anika Kapoor,36.0,Male,Hyderabad,Grocery,Instant Noodles Pack,1.0,596.35,10.0,5.0,UPI,4.0,0.0,,,2024,March,Saturday,1,536.715,low
ORD102066,2024-10-22,Vihaan Mehta,38.0,Female,Nagpur,Apparel,Denim Jeans,1.0,417.98,25.0,9.0,Credit Card,4.0,0.0,,,2024,October,Tuesday,4,313.485,low
ORD102555,2023-04-05,Vivaan Iyer,34.0,Female,Surat,Grocery,Honey 500g,1.0,426.59,10.0,2.0,Credit Card,5.0,40.0,FLAT100,Wrong Item Delivered,2023,April,Wednesday,2,423.931,low
ORD100210,2023-08-26,Neha Shah,34.0,Female,Chandigarh,Grocery,Cooking Oil 1L,1.0,334.92,15.0,7.0,Credit Card,4.0,0.0,,Size Issue,2023,August,Saturday,3,284.682,low
ORD101447,2025-05-24,Ishaan Kulkarni,43.0,Male,Indore,Apparel,Women Kurti,1.0,732.55,5.0,2.0,Credit Card,5.0,0.0,,,2025,May,Saturday,2,695.9224999999999,low
ORD102580,2023-12-16,Aadhya Reddy,36.0,Female,Kochi,Home & Kitchen,Steel Water Bottle,2.0,1601.74,5.0,9.0,Debit Card,5.0,80.0,WELCOME50,,2023,December,Saturday,4,3123.306,low
ORD101029,2024-12-10,Ishaan Deshmukh,34.0,Male,Mumbai,Beauty & Personal Care,Perfume 50ml,1.0,302.83,25.0,5.0,UPI,5.0,0.0,,,2024,December,Tuesday,4,227.1225,low
ORD102734,2024-02-12,Diya Agarwal,30.0,Female,Surat,Electronics,Portable Speaker,1.0,1773.85,0.0,7.0,Credit Card,3.0,0.0,SAVE10,,2024,February,Monday,1,1773.85,low
ORD100993,2024-01-29,Navya Joshi,42.0,Male,Delhi,Apparel,Formal Shirt,1.0,760.95,5.0,5.0,UPI,5.0,40.0,,,2024,January,Monday,1,762.9025,low
ORD100871,2024-11-24,Krishna Kulkarni,33.0,Female,Lucknow,Home & Kitchen,Non-Stick Pan,4.0,954.13,0.0,2.0,Net Banking,3.0,0.0,,,2024,November,Sunday,4,3816.52,low
ORD101353,2023-12-23,Krishna Verma,37.0,Female,Nagpur,Beauty & Personal Care,Face Wash 100ml,4.0,396.97,40.0,3.0,Debit Card,4.0,40.0,,Late Delivery,2023,December,Saturday,4,992.7280000000001,low
ORD101095,2023-03-14,Krishna Verma,31.0,Male,Surat,Home & Kitchen,Non-Stick Pan,1.0,528.94,10.0,8.0,Cash on Delivery,2.0,40.0,FEST20,,2023,March,Tuesday,1,516.046,low
ORD100339,2025-05-18,Nikhil Shah,33.0,Female,Nagpur,Apparel,Denim Jeans,3.0,1386.44,0.0,4.0,Credit Card,0.0,150.0,,,2025,May,Sunday,2,4309.32,low
ORD102672,2024-10-19,Diya Kapoor,32.0,Female,Mumbai,Apparel,Women Kurti,5.0,1346.77,10.0,7.0,UPI,0.0,0.0,,,2024,October,Saturday,4,4807.712,low
ORD101297,2024-09-09,Kabir Menon,22.0,Male,Ahmedabad,Electronics,LED Bulb Smart,1.0,1086.34,30.0,3.0,UPI,4.0,0.0,,,2024,September,Monday,3,760.4379999999999,low
ORD100670,2025-05-17,Myra Singh,32.0,Female,Lucknow,Home & Kitchen,Steel Water Bottle,3.0,1107.38,25.0,3.0,Debit Card,4.0,0.0,FEST20,Size Issue,2025,May,Saturday,2,2491.6050000000005,low
ORD101520,2023-12-21,Rohan Reddy,49.0,Other,Lucknow,Beauty & Personal Care,Herbal Shampoo,2.0,748.27,0.0,3.0,Credit Card,3.0,100.0,,,2023,December,Thursday,4,1596.54,low
ORD102386,2025-05-18,Aditya Reddy,38.0,Female,Mumbai,Grocery,Green Tea Pack,2.0,638.19,20.0,6.0,UPI,5.0,0.0,,,2025,May,Sunday,2,1021.1040000000002,low
ORD102021,2024-10-20,Aadhya Gupta,31.0,Male,Chennai,Electronics,USB-C Cable,2.0,1381.8,0.0,6.0,Cash on Delivery,0.0,80.0,,,2024,October,Sunday,4,2843.6,low
ORD101116,2024-12-20,Sara Shah,35.0,Female,Mumbai,Grocery,Instant Noodles Pack,1.0,375.36,30.0,8.0,Credit Card,2.0,150.0,SAVE10,,2024,December,Friday,4,412.752,low
ORD101742,2024-10-27,Riya Bhat,33.0,Male,Chandigarh,Electronics,Power Bank 10000mAh,2.0,1738.38,5.0,14.0,Credit Card,4.0,0.0,NEWUSER15,,2024,October,Sunday,4,3302.922,low
ORD100974,2024-10-04,Sara Joshi,25.0,Female,Jaipur,Footwear,Running Shoes,1.0,806.92,0.0,9.0,Credit Card,4.0,100.0,,,2024,October,Friday,4,906.92,low
ORD102721,2024-01-23,Diya Joshi,45.0,Male,Lucknow,Home & Kitchen,Cotton Bedsheet Set,2.0,1009.94,10.0,5.0,Debit Card,1.0,0.0,,,2024,January,Tuesday,1,1817.892,low
ORD101608,2023-08-04,Kabir Deshmukh,36.0,Female,Hyderabad,Apparel,Sports Track Pant,5.0,501.7,15.0,5.0,Debit Card,0.0,0.0,SAVE10,,2023,August,Friday,3,2132.225,low
ORD101926,2023-11-24,Anika Verma,40.0,Female,Kochi,Beauty & Personal Care,Beard Trimmer,2.0,382.95,25.0,2.0,Net Banking,4.0,80.0,,,2023,November,Friday,4,654.425,low
ORD101939,2023-07-09,Ishita Rao,45.0,Male,Lucknow,Home & Kitchen,Cotton Bedsheet Set,2.0,1317.26,25.0,7.0,UPI,0.0,60.0,,,2023,July,Sunday,3,2035.8899999999999,low
ORD102845,2023-12-02,Pari Joshi,40.0,Male,Chandigarh,Grocery,Assorted Dry Fruits,4.0,668.03,30.0,6.0,Credit Card,4.0,80.0,,,2023,December,Saturday,4,1950.4839999999997,low
ORD102703,2025-02-02,Ananya Shah,39.0,Female,Chandigarh,Footwear,Casual Sneakers,1.0,1391.13,0.0,5.0,UPI,0.0,0.0,FEST20,,2025,February,Sunday,1,1391.13,low
ORD102082,2023-10-23,Sai Sharma,34.0,Male,Indore,Grocery,Green Tea Pack,5.0,411.75,42.5,5.0,UPI,3.0,60.0,,,2023,October,Monday,4,1089.375,low
ORD100354,2025-06-02,Karan Iyer,34.0,Female,Hyderabad,Beauty & Personal Care,Face Wash 100ml,2.0,209.94,25.0,6.0,Credit Card,4.0,0.0,,,2025,June,Monday,2,314.90999999999997,low
ORD102828,2024-07-24,Anika Kulkarni,22.0,Female,Nagpur,Home & Kitchen,LED Table Lamp,2.0,1010.74,15.0,8.0,UPI,3.0,0.0,,,2024,July,Wednesday,3,1718.258,low
ORD101082,2025-05-22,Arjun Rao,32.0,Female,Lucknow,Footwear,Formal Leather Shoes,1.0,1559.41,5.0,9.0,UPI,5.0,150.0,,,2025,May,Thursday,2,1631.4395,low
ORD102462,2024-01-07,Pooja Shah,34.0,Male,Chennai,Electronics,Bluetooth Earbuds,1.0,1621.91,10.0,4.0,UPI,2.0,0.0,FEST20,,2024,January,Sunday,1,1459.719,low
ORD102531,2025-01-04,Pooja Kapoor,34.0,Male,Chennai,Footwear,Running Shoes,3.0,1631.58,0.0,4.0,Credit Card,4.0,40.0,NEWUSER15,,2025,January,Saturday,1,4807.712,low
ORD100767,2024-03-12,Sara Deshmukh,28.0,Female,Nagpur,Beauty & Personal Care,Lip Balm Pack,5.0,151.51,30.0,7.0,Credit Card,3.0,150.0,,,2024,March,Tuesday,1,680.285,low
ORD102168,2025-05-02,Navya Joshi,49.0,Female,Delhi,Beauty & Personal Care,Perfume 50ml,2.0,266.54,42.5,8.0,UPI,0.0,60.0,,,2025,May,Friday,2,326.54,low
ORD102853,2023-03-23,Kabir Reddy,49.0,Female,Lucknow,Apparel,Denim Jeans,3.0,842.65,25.0,3.0,Credit Card,4.0,0.0,SAVE10,Late Delivery,2023,March,Thursday,1,1895.9624999999999,low
ORD100058,2024-11-08,Priya Joshi,39.0,Male,Chandigarh,Apparel,Men Cotton T-Shirt,1.0,1349.12,15.0,5.0,UPI,4.0,80.0,,,2024,November,Friday,4,1226.752,low
ORD101921,2024-12-27,Navya Nair,40.0,Male,Delhi,Footwear,Formal Leather Shoes,1.0,2057.36,10.0,8.0,UPI,5.0,0.0,SAVE10,,2024,December,Friday,4,1851.6240000000003,low
ORD102087,2024-08-26,Vihaan Sharma,28.0,Female,Kolkata,Home & Kitchen,LED Table Lamp,1.0,1559.9,42.5,9.0,Credit Card,0.0,100.0,,,2024,August,Monday,3,879.95,low
ORD102776,2023-10-03,Amit Nair,41.0,Male,Delhi,Beauty & Personal Care,Sunscreen SPF50,1.0,617.18,30.0,9.0,Cash on Delivery,4.0,0.0,,,2023,October,Tuesday,4,432.02599999999995,low
ORD102271,2023-10-17,Reyansh Deshmukh,47.0,Female,Kochi,Electronics,Wireless Mouse,3.0,918.12,10.0,4.0,Debit Card,5.0,80.0,FEST20,,2023,October,Tuesday,4,2558.924,low
ORD100214,2024-11-02,Rahul Mehta,46.0,Male,Lucknow,Grocery,Whole Wheat Atta 5kg,2.0,86.89,15.0,8.0,Credit Card,5.0,0.0,,Late Delivery,2024,November,Saturday,4,147.713,low
ORD102551,2023-10-20,Sai Singh,37.0,Male,Lucknow,Home & Kitchen,LED Table Lamp,1.0,616.67,20.0,5.0,UPI,3.0,0.0,,,2023,October,Friday,4,493.336,low
ORD101083,2024-05-21,Navya Gupta,32.0,Male,Hyderabad,Grocery,Cooking Oil 1L,3.0,322.08,5.0,4.0,UPI,0.0,40.0,NEWUSER15,,2024,May,Tuesday,2,957.928,low
ORD101192,2023-06-05,Nikhil Reddy,34.0,Female,Jaipur,Electronics,Portable Speaker,1.0,1764.38,5.0,4.0,UPI,5.0,0.0,,,2023,June,Monday,2,1676.161,low
ORD102457,2025-05-02,Ishaan Bhat,35.0,Male,Mumbai,Beauty & Personal Care,Face Wash 100ml,2.0,608.36,0.0,5.0,Credit Card,2.0,0.0,,,2025,May,Friday,2,1216.72,low
ORD101213,2025-02-28,Neha Verma,31.0,Female,Kochi,Home & Kitchen,Wall Clock,1.0,1734.5,42.5,9.0,UPI,4.0,0.0,FLAT100,,2025,February,Friday,1,867.25,low
ORD101196,2024-10-11,Kabir Verma,42.0,Female,Chennai,Apparel,Kids Hoodie,2.0,630.76,25.0,7.0,UPI,5.0,100.0,FEST20,Changed Mind,2024,October,Friday,4,1046.1399999999999,low
ORD102387,2025-06-07,Neha Gupta,42.0,Male,Kochi,Beauty & Personal Care,Body Lotion,2.0,335.26,15.0,3.0,Credit Card,5.0,60.0,,Defective Product,2025,June,Saturday,2,629.942,low
ORD100453,2023-01-23,Kabir Bhat,42.0,Male,Delhi,Footwear,Sandals,4.0,1422.12,42.5,5.0,UPI,5.0,40.0,,,2023,January,Monday,1,40.0,low
ORD102603,2024-05-27,Ananya Bhat,21.0,Female,Chandigarh,Beauty & Personal Care,Sunscreen SPF50,4.0,161.76,0.0,3.0,UPI,5.0,60.0,,,2024,May,Monday,2,707.04,low
ORD102297,2024-03-23,Pooja Rao,30.0,Male,Delhi,Footwear,Formal Leather Shoes,1.0,543.75,15.0,6.0,UPI,0.0,40.0,FLAT100,,2024,March,Saturday,1,502.1875,low
ORD102852,2023-04-14,Myra Patel,43.0,Male,Chandigarh,Beauty & Personal Care,Herbal Shampoo,4.0,107.95,5.0,3.0,UPI,4.0,80.0,,,2023,April,Friday,2,490.21,low
ORD100213,2024-02-14,Myra Pillai,23.0,Male,Mumbai,Home & Kitchen,Steel Water Bottle,5.0,587.12,5.0,8.0,Credit Card,0.0,40.0,,,2024,February,Wednesday,1,2828.8199999999997,low
ORD101180,2024-07-07,Krishna Patel,21.0,Male,Pune,Footwear,Sandals,1.0,1626.75,0.0,9.0,Net Banking,2.0,0.0,,,2024,July,Sunday,3,1626.75,low
ORD102701,2024-12-25,Sara Pillai,32.0,Male,Ahmedabad,Home & Kitchen,LED Table Lamp,3.0,661.73,0.0,2.0,UPI,0.0,80.0,,,2024,December,Wednesday,4,2065.19,low
ORD101748,2025-01-03,Aadhya Nair,55.0,Male,Mumbai,Apparel,Men Cotton T-Shirt,1.0,741.71,0.0,7.0,UPI,1.0,80.0,,Changed Mind,2025,January,Friday,1,821.71,low
ORD100341,2023-09-23,Amit Mehta,35.0,Female,Nagpur,Home & Kitchen,Non-Stick Pan,3.0,429.25,5.0,9.0,UPI,5.0,40.0,,,2023,September,Saturday,3,1263.3625,low
ORD100147,2023-12-05,Pooja Bhat,52.0,Male,Delhi,Apparel,Formal Shirt,2.0,1055.04,10.0,9.0,Credit Card,0.0,0.0,,Size Issue,2023,December,Tuesday,4,1899.072,low
ORD101674,2024-10-15,Arjun Chopra,20.0,Female,Chandigarh,Apparel,Woolen Sweater,1.0,642.78,10.0,7.0,UPI,5.0,0.0,,,2024,October,Tuesday,4,578.502,low
ORD102483,2023-10-19,Sara Joshi,31.0,Male,Kochi,Grocery,Green Tea Pack,5.0,655.58,25.0,2.0,UPI,0.0,0.0,,Size Issue,2023,October,Thursday,4,2458.425,low
ORD102914,2024-01-06,Ananya Mehta,40.0,Female,Kochi,Electronics,Power Bank 10000mAh,2.0,1798.76,5.0,3.0,Credit Card,4.0,40.0,,,2024,January,Saturday,1,3457.644,low
ORD101448,2024-11-04,Ishita Mehta,28.0,Male,Lucknow,Electronics,Bluetooth Earbuds,3.0,2325.31,10.0,7.0,UPI,4.0,60.0,,,2024,November,Monday,4,4807.712,low
ORD100217,2023-03-29,Kabir Reddy,36.0,Male,Kolkata,Footwear,Casual Sneakers,4.0,1627.84,0.0,8.0,UPI,3.0,0.0,,,2023,March,Wednesday,1,4807.712,low
ORD102030,2024-11-04,Anika Mehta,36.0,Other,Delhi,Apparel,Kids Hoodie,3.0,650.98,15.0,2.0,Credit Card,5.0,0.0,WELCOME50,,2024,November,Monday,4,1659.999,low
ORD100452,2024-12-06,Ishaan Iyer,30.0,Female,Kochi,Electronics,LED Bulb Smart,1.0,534.62,20.0,7.0,UPI,5.0,0.0,,,2024,December,Friday,4,427.696,low
ORD102197,2024-12-24,Aarav Rao,41.0,Female,Kochi,Electronics,Wireless Mouse,4.0,2198.0,15.0,7.0,UPI,4.0,60.0,,,2024,December,Tuesday,4,4807.712,low
ORD101293,2023-01-05,Ananya Mehta,26.0,Male,Kochi,Apparel,Formal Shirt,3.0,549.07,10.0,9.0,Credit Card,3.0,150.0,,,2023,January,Thursday,1,1632.489,low
ORD101251,2024-01-10,Riya Nair,38.0,Male,Chandigarh,Electronics,Bluetooth Earbuds,5.0,2134.84,10.0,4.0,Credit Card,4.0,80.0,,,2024,January,Wednesday,1,4807.712,low
ORD100676,2024-06-13,Kavya Patel,23.0,Male,Lucknow,Beauty & Personal Care,Perfume 50ml,3.0,462.98,20.0,9.0,UPI,2.0,150.0,,Changed Mind,2024,June,Thursday,2,1261.152,low
ORD100943,2024-03-07,Rahul Sharma,37.0,Female,Kolkata,Apparel,Formal Shirt,3.0,454.02,5.0,3.0,UPI,3.0,0.0,,,2024,March,Thursday,1,1293.9569999999999,low
ORD101232,2023-11-13,Sneha Shah,36.0,Male,Hyderabad,Beauty & Personal Care,Lip Balm Pack,2.0,711.28,25.0,3.0,Net Banking,4.0,0.0,WELCOME50,,2023,November,Monday,4,1066.92,low
ORD101872,2024-07-03,Sara Joshi,44.0,Male,Lucknow,Beauty & Personal Care,Perfume 50ml,1.0,105.12,25.0,2.0,Credit Card,1.0,80.0,,,2024,July,Wednesday,3,158.84,low
ORD102347,2024-11-16,Vivaan Gupta,45.0,Female,Mumbai,Electronics,Power Bank 10000mAh,2.0,1933.85,0.0,2.0,UPI,0.0,100.0,,,2024,November,Saturday,4,3967.7,low
ORD102940,2024-10-06,Rohan Sharma,39.0,Male,Surat,Grocery,Cooking Oil 1L,5.0,596.16,30.0,3.0,Net Banking,0.0,0.0,,,2024,October,Sunday,4,2086.5599999999995,low
ORD101412,2023-08-17,Kabir Pillai,37.0,Female,Surat,Grocery,Green Tea Pack,2.0,478.68,30.0,3.0,Debit Card,0.0,80.0,NEWUSER15,,2023,August,Thursday,3,750.1519999999999,low
ORD102050,2023-06-06,Neha Iyer,34.0,Female,Indore,Beauty & Personal Care,Herbal Shampoo,5.0,755.26,5.0,5.0,Debit Card,5.0,150.0,FLAT100,,2023,June,Tuesday,2,3737.485,low
ORD102154,2024-10-03,Kavya Shah,37.0,Female,Bengaluru,Footwear,Formal Leather Shoes,2.0,1369.63,5.0,2.0,Credit Card,0.0,80.0,,,2024,October,Thursday,4,2682.297,low
ORD102125,2023-08-21,Krishna Bhat,49.0,Female,Surat,Electronics,Smartphone Cover,2.0,1044.1,30.0,8.0,Debit Card,4.0,0.0,,,2023,August,Monday,3,1461.7399999999998,low
ORD101124,2025-02-04,Sneha Verma,29.0,Male,Bengaluru,Beauty & Personal Care,Lip Balm Pack,5.0,287.0,5.0,4.0,Credit Card,0.0,0.0,FLAT100,,2025,February,Tuesday,1,1363.25,low
ORD100920,2023-10-01,Amit Joshi,30.0,Male,Lucknow,Grocery,Green Tea Pack,2.0,608.54,20.0,7.0,Net Banking,5.0,150.0,FEST20,,2023,October,Sunday,4,1123.664,low
ORD102451,2025-03-22,Arjun Kulkarni,34.0,Other,Delhi,Home & Kitchen,Storage Container Set,1.0,1231.76,30.0,7.0,UPI,0.0,40.0,SAVE10,Late Delivery,2025,March,Saturday,1,902.232,low
ORD102355,2023-12-02,Ishaan Patel,27.0,Female,Pune,Electronics,Wireless Mouse,3.0,1948.49,15.0,5.0,UPI,2.0,0.0,,,2023,December,Saturday,4,4807.712,low
ORD102741,2023-03-30,Nikhil Kulkarni,17.0,Female,Nagpur,Beauty & Personal Care,Herbal Shampoo,3.0,502.36,0.0,7.0,UPI,4.0,60.0,NEWUSER15,,2023,March,Thursday,1,1567.08,low
ORD101544,2023-07-30,Neha Iyer,29.0,Male,Bengaluru,Beauty & Personal Care,Lip Balm Pack,4.0,568.73,0.0,7.0,Credit Card,0.0,150.0,,,2023,July,Sunday,3,2424.92,low
ORD102159,2023-11-01,Ananya Joshi,48.0,Male,Delhi,Grocery,Green Tea Pack,1.0,217.04,5.0,5.0,UPI,2.0,0.0,FEST20,,2023,November,Wednesday,4,206.188,low
ORD100751,2023-05-15,Arjun Sharma,37.0,Male,Ahmedabad,Electronics,Portable Speaker,5.0,2018.92,30.0,3.0,UPI,2.0,0.0,,,2023,May,Monday,2,4807.712,low
ORD101084,2023-07-02,Vivaan Pillai,34.0,Male,Indore,Grocery,Instant Noodles Pack,1.0,198.63,15.0,3.0,UPI,0.0,0.0,,,2023,July,Sunday,3,168.8355,low
ORD100150,2025-02-18,Sara Menon,29.0,Male,Jaipur,Electronics,Smartwatch Band,2.0,2441.44,20.0,3.0,Credit Card,2.0,0.0,,,2025,February,Tuesday,1,3906.304,low
ORD102401,2024-05-31,Vivaan Rao,31.0,Male,Ahmedabad,Apparel,Sports Track Pant,1.0,1190.29,20.0,5.0,UPI,5.0,0.0,,Quality Not as Expected,2024,May,Friday,2,952.232,low
ORD102935,2024-01-13,Karan Shah,36.0,Male,Jaipur,Home & Kitchen,Curtain Set,2.0,1513.28,30.0,3.0,UPI,3.0,0.0,,Late Delivery,2024,January,Saturday,1,2118.5919999999996,low
ORD102470,2025-03-23,Pari Iyer,56.5,Male,Hyderabad,Footwear,Formal Leather Shoes,5.0,1501.22,42.5,9.0,UPI,4.0,0.0,WELCOME50,,2025,March,Sunday,1,0.0,low
ORD102395,2023-10-05,Nikhil Bhat,24.0,Male,Kochi,Grocery,Whole Wheat Atta 5kg,1.0,550.41,5.0,2.0,Cash on Delivery,5.0,40.0,,,2023,October,Thursday,4,562.8895,low
ORD100484,2024-02-26,Karan Joshi,31.0,Other,Chennai,Footwear,Sandals,1.0,1085.42,0.0,9.0,Credit Card,0.0,80.0,FLAT100,,2024,February,Monday,1,1165.42,low
ORD102658,2024-09-04,Vihaan Nair,34.0,Male,Lucknow,Beauty & Personal Care,Perfume 50ml,3.0,524.49,0.0,9.0,UPI,4.0,0.0,FEST20,,2024,September,Wednesday,3,1573.47,low
ORD102698,2023-01-20,Aarav Sharma,21.0,Male,Kochi,Electronics,USB-C Cable,1.0,974.14,30.0,2.0,Credit Card,5.0,0.0,FEST20,,2023,January,Friday,1,681.8979999999999,low
ORD101882,2023-06-12,Riya Mehta,32.0,Male,Lucknow,Footwear,Casual Sneakers,1.0,436.38,0.0,6.0,UPI,4.0,0.0,SAVE10,,2023,June,Monday,2,436.38,low
ORD102361,2024-11-15,Kavya Agarwal,38.0,Male,Indore,Electronics,Portable Speaker,1.0,2487.32,20.0,9.0,UPI,0.0,0.0,,,2024,November,Friday,4,1989.8560000000002,low
ORD100649,2025-02-12,Neha Pillai,35.0,Female,Lucknow,Apparel,Woolen Sweater,2.0,473.75,0.0,8.0,Debit Card,2.0,0.0,,,2025,February,Wednesday,1,947.5,low
ORD102720,2024-07-24,Priya Pillai,50.0,Male,Chennai,Apparel,Formal Shirt,4.0,796.12,5.0,7.0,UPI,5.0,0.0,FLAT100,,2024,July,Wednesday,3,3025.256,low
ORD102536,2023-10-25,Kavya Kapoor,16.0,Other,Surat,Beauty & Personal Care,Body Lotion,3.0,155.03,15.0,4.0,UPI,4.0,60.0,,,2023,October,Wednesday,4,455.3265,low
ORD101583,2024-01-13,Krishna Verma,34.0,Male,Delhi,Beauty & Personal Care,Perfume 50ml,1.0,205.0,20.0,7.0,UPI,4.0,100.0,WELCOME50,,2024,January,Saturday,1,264.0,low
ORD100569,2024-06-04,Riya Bhat,49.0,Female,Lucknow,Apparel,Women Kurti,1.0,1166.71,25.0,4.0,UPI,3.0,0.0,,,2024,June,Tuesday,2,875.0325,low
ORD100736,2024-11-02,Kabir Chopra,51.0,Female,Hyderabad,Electronics,Bluetooth Earbuds,2.0,1161.38,20.0,6.0,UPI,0.0,0.0,SAVE10,,2024,November,Saturday,4,1858.2080000000003,low
ORD102338,2023-02-09,Priya Menon,31.0,Male,Bengaluru,Grocery,Cooking Oil 1L,5.0,255.84,30.0,4.0,UPI,3.0,0.0,WELCOME50,,2023,February,Thursday,1,895.4399999999999,low
ORD100517,2023-03-02,Ishita Kulkarni,33.0,Male,Kochi,Home & Kitchen,Curtain Set,3.0,1456.25,40.0,4.0,Debit Card,0.0,100.0,,,2023,March,Thursday,1,2721.25,low
ORD102294,2024-10-12,Ishita Rao,34.0,Male,Lucknow,Grocery,Whole Wheat Atta 5kg,4.0,287.56,10.0,2.0,UPI,0.0,60.0,,,2024,October,Saturday,4,1095.2160000000001,low
ORD102088,2023-10-05,Vihaan Deshmukh,40.0,Female,Chennai,Footwear,Casual Sneakers,2.0,2603.435,40.0,6.0,Net Banking,5.0,0.0,,,2023,October,Thursday,4,4807.712,low
ORD100895,2024-07-11,Nikhil Singh,40.0,Male,Nagpur,Apparel,Kids Hoodie,2.0,1225.7,5.0,7.0,Credit Card,5.0,0.0,,,2024,July,Thursday,3,2328.83,low
ORD102427,2023-12-18,Riya Rao,51.0,Male,Mumbai,Electronics,Smartphone Cover,2.0,1993.83,20.0,9.0,Credit Card,0.0,0.0,,,2023,December,Monday,4,3190.128,low
ORD102289,2024-01-15,Vihaan Sharma,20.0,Female,Bengaluru,Beauty & Personal Care,Sunscreen SPF50,4.0,668.02,20.0,5.0,Debit Card,5.0,0.0,,,2024,January,Monday,1,2137.664,low
ORD100192,2024-07-07,Sneha Sharma,30.0,Female,Indore,Footwear,Sandals,2.0,1336.71,0.0,14.0,UPI,0.0,150.0,,,2024,July,Sunday,3,2823.42,low
ORD101471,2024-09-28,Kabir Kapoor,19.0,Female,Ahmedabad,Footwear,Formal Leather Shoes,1.0,1803.36,5.0,9.0,UPI,5.0,0.0,NEWUSER15,,2024,September,Saturday,3,1713.1919999999998,low
ORD100959,2023-11-13,Myra Sharma,29.0,Male,Kolkata,Home & Kitchen,Cotton Bedsheet Set,3.0,344.31,0.0,6.0,UPI,3.0,0.0,SAVE10,,2023,November,Monday,4,1032.93,low
ORD102195,2025-01-13,Pooja Verma,33.0,Female,Hyderabad,Beauty & Personal Care,Herbal Shampoo,2.0,267.31,15.0,7.0,Credit Card,5.0,0.0,FEST20,,2025,January,Monday,1,454.42699999999996,low
ORD100072,2024-02-26,Rohan Rao,46.0,Male,Bengaluru,Apparel,Women Kurti,1.0,860.16,5.0,9.0,Debit Card,2.0,0.0,FLAT100,Wrong Item Delivered,2024,February,Monday,1,817.1519999999999,low
ORD101302,2024-09-29,Vihaan Joshi,42.0,Female,Kochi,Electronics,Smartphone Cover,1.0,1821.12,5.0,3.0,UPI,0.0,80.0,,,2024,September,Sunday,3,1810.0639999999999,low
ORD100089,2025-01-28,Ishaan Pillai,23.0,Female,Lucknow,Home & Kitchen,Curtain Set,2.0,782.22,0.0,3.0,UPI,3.0,40.0,,,2025,January,Tuesday,1,1604.44,low
ORD101170,2024-07-27,Ananya Singh,45.0,Female,Surat,Apparel,Women Kurti,4.0,808.42,0.0,5.0,UPI,5.0,0.0,,,2024,July,Saturday,3,3233.68,low
ORD100017,2023-04-27,Rohan Reddy,43.0,Female,Chennai,Footwear,Casual Sneakers,3.0,1775.45,0.0,3.0,UPI,5.0,80.0,,,2023,April,Thursday,2,4807.712,low
ORD100877,2024-11-09,Arjun Patel,17.0,Female,Mumbai,Electronics,Bluetooth Earbuds,2.0,671.44,5.0,5.0,UPI,4.0,0.0,,,2024,November,Saturday,4,1275.736,low
ORD100664,2024-06-28,Diya Sharma,34.0,Male,Jaipur,Electronics,LED Bulb Smart,3.0,649.15,0.0,9.0,UPI,0.0,0.0,,,2024,June,Friday,2,1947.4499999999998,low
ORD101990,2024-04-28,Pooja Joshi,47.0,Male,Ahmedabad,Beauty & Personal Care,Perfume 50ml,3.0,547.47,40.0,3.0,Credit Card,5.0,0.0,,Changed Mind,2024,April,Sunday,2,985.446,low
ORD102682,2023-12-03,Arjun Rao,43.0,Male,Hyderabad,Footwear,Formal Leather Shoes,1.0,2018.18,10.0,4.0,Debit Card,0.0,100.0,,,2023,December,Sunday,4,1916.362,low
ORD100115,2024-06-02,Myra Nair,36.0,Male,Hyderabad,Apparel,Woolen Sweater,1.0,803.92,10.0,6.0,Credit Card,0.0,0.0,WELCOME50,Defective Product,2024,June,Sunday,2,723.528,low
ORD102378,2025-06-18,Nikhil Gupta,35.0,Female,Delhi,Electronics,LED Bulb Smart,2.0,806.28,5.0,8.0,UPI,1.0,0.0,,,2025,June,Wednesday,2,1531.9319999999998,low
ORD102999,2023-11-03,Karan Bhat,46.0,Female,Indore,Apparel,Ethnic Saree,3.0,1150.99,0.0,3.0,Debit Card,3.0,0.0,,,2023,November,Friday,4,3452.9700000000003,low
ORD101057,2023-01-04,Neha Bhat,41.0,Female,Kolkata,Grocery,Green Tea Pack,3.0,672.9,20.0,8.0,Debit Card,4.0,0.0,FLAT100,,2023,January,Wednesday,1,1614.96,low
ORD102532,2024-10-13,Ishita Iyer,34.0,Male,Kolkata,Apparel,Ethnic Saree,1.0,524.68,25.0,8.0,UPI,4.0,0.0,FEST20,,2024,October,Sunday,4,393.51,low
ORD102103,2023-10-11,Pari Singh,34.0,Male,Pune,Electronics,Power Bank 10000mAh,2.0,2224.86,15.0,9.0,UPI,5.0,0.0,SAVE10,,2023,October,Wednesday,4,3782.262,low
ORD100262,2023-10-01,Amit Verma,34.0,Male,Kolkata,Apparel,Kids Hoodie,2.0,554.12,25.0,4.0,Cash on Delivery,4.0,0.0,,,2023,October,Sunday,4,831.1800000000001,low
ORD100524,2023-10-18,Arjun Singh,28.0,Female,Kolkata,Beauty & Personal Care,Perfume 50ml,2.0,491.28,20.0,6.0,UPI,5.0,60.0,FEST20,,2023,October,Wednesday,4,846.048,low
ORD101849,2023-05-31,Vihaan Joshi,39.0,Female,Delhi,Home & Kitchen,Steel Water Bottle,4.0,679.3,0.0,9.0,UPI,4.0,80.0,NEWUSER15,,2023,May,Wednesday,2,2797.2,low
ORD100750,2025-05-25,Priya Chopra,49.0,Male,Kolkata,Grocery,Green Tea Pack,2.0,682.5,20.0,8.0,Cash on Delivery,5.0,0.0,FLAT100,,2025,May,Sunday,2,1092.0,low
ORD101395,2023-12-21,Karan Sharma,34.0,Female,Mumbai,Beauty & Personal Care,Sunscreen SPF50,4.0,566.37,25.0,9.0,Credit Card,4.0,0.0,WELCOME50,,2023,December,Thursday,4,1699.1100000000001,low
ORD101135,2023-02-22,Kabir Deshmukh,40.0,Female,Lucknow,Grocery,Spices Combo Pack,5.0,552.94,42.5,3.0,UPI,0.0,60.0,,Defective Product,2023,February,Wednesday,1,1442.3500000000001,low
ORD100298,2023-09-17,Ishaan Sharma,38.0,Female,Indore,Beauty & Personal Care,Beard Trimmer,2.0,371.48,0.0,7.0,Debit Card,5.0,80.0,,,2023,September,Sunday,3,822.96,low
ORD102485,2023-11-25,Krishna Kulkarni,20.0,Male,Jaipur,Electronics,Smartphone Cover,5.0,1211.42,0.0,9.0,Cash on Delivery,5.0,0.0,,,2023,November,Saturday,4,4807.712,low
ORD101141,2023-11-05,Kabir Chopra,24.0,Female,Surat,Home & Kitchen,Wall Clock,6.0,1281.27,0.0,9.0,Net Banking,0.0,0.0,,,2023,November,Sunday,4,4807.712, very large
ORD101997,2023-11-19,Priya Bhat,32.0,Female,Delhi,Apparel,Sports Track Pant,1.0,885.81,40.0,6.0,Credit Card,0.0,0.0,,,2023,November,Sunday,4,531.486,low
ORD101733,2025-02-27,Ishaan Kapoor,34.0,Female,Hyderabad,Footwear,Sandals,1.0,883.49,15.0,9.0,UPI,4.0,0.0,,,2025,February,Thursday,1,750.9665,low
ORD100512,2025-02-05,Priya Verma,45.0,Male,Pune,Home & Kitchen,LED Table Lamp,3.0,1730.75,15.0,4.0,Credit Card,4.0,60.0,,,2025,February,Wednesday,1,4473.412499999999,low
ORD100037,2024-11-08,Arjun Singh,41.0,Male,Chandigarh,Electronics,Wireless Mouse,2.0,1288.05,5.0,4.0,UPI,0.0,0.0,,,2024,November,Friday,4,2447.2949999999996,low
ORD102443,2023-07-13,Reyansh Gupta,18.0,Female,Hyderabad,Electronics,Bluetooth Earbuds,1.0,1591.7,15.0,3.0,Debit Card,0.0,40.0,,,2023,July,Thursday,3,1392.945,low
ORD100984,2024-06-18,Myra Chopra,24.0,Female,Kochi,Beauty & Personal Care,Body Lotion,1.0,711.67,5.0,6.0,Credit Card,4.0,0.0,,,2024,June,Tuesday,2,676.0864999999999,low
ORD100739,2025-03-29,Sara Gupta,41.0,Female,Kolkata,Apparel,Women Kurti,1.0,990.52,40.0,9.0,UPI,4.0,60.0,,,2025,March,Saturday,1,654.312,low
ORD100398,2023-09-13,Rohan Rao,33.0,Female,Kolkata,Grocery,Honey 500g,1.0,91.5,25.0,4.0,Debit Card,5.0,0.0,,,2023,September,Wednesday,3,68.625,low
ORD102095,2023-01-24,Aditya Mehta,34.0,Female,Lucknow,Beauty & Personal Care,Beard Trimmer,2.0,433.0,10.0,2.0,Debit Card,5.0,0.0,NEWUSER15,,2023,January,Tuesday,1,779.4,low
ORD100801,2023-10-03,Anika Gupta,27.0,Female,Nagpur,Electronics,Bluetooth Earbuds,2.0,1787.73,0.0,2.0,Net Banking,3.0,100.0,,Wrong Item Delivered,2023,October,Tuesday,4,3675.46,low
ORD100045,2025-06-03,Sneha Nair,24.0,Male,Surat,Grocery,Whole Wheat Atta 5kg,5.0,174.2,10.0,8.0,Debit Card,4.0,0.0,,,2025,June,Tuesday,2,783.9,low
ORD102065,2024-10-13,Arjun Verma,38.0,Male,Chandigarh,Electronics,LED Bulb Smart,1.0,1442.38,5.0,6.0,Credit Card,4.0,100.0,,,2024,October,Sunday,4,1470.261,low
ORD101842,2025-01-13,Diya Chopra,28.0,Male,Surat,Electronics,USB-C Cable,1.0,522.34,30.0,2.0,Credit Card,5.0,0.0,,,2025,January,Monday,1,365.638,low
ORD102980,2023-10-16,Ishaan Shah,34.0,Male,Bengaluru,Apparel,Woolen Sweater,2.0,415.23,0.0,2.0,UPI,5.0,0.0,,,2023,October,Monday,4,830.46,low
ORD101252,2023-03-09,Sneha Shah,30.0,Male,Ahmedabad,Home & Kitchen,Non-Stick Pan,1.0,991.87,15.0,1.0,UPI,0.0,40.0,,Late Delivery,2023,March,Thursday,1,883.0894999999999,low
ORD100395,2025-03-07,Riya Rao,28.0,Male,Mumbai,Footwear,Casual Sneakers,4.0,678.63,20.0,6.0,UPI,5.0,0.0,,,2025,March,Friday,1,2171.616,low
ORD100094,2023-11-24,Kabir Deshmukh,47.0,Male,Nagpur,Electronics,Wireless Mouse,3.0,2101.62,20.0,8.0,Credit Card,4.0,0.0,SAVE10,,2023,November,Friday,4,4807.712,low
ORD102031,2024-12-24,Karan Singh,30.0,Female,Surat,Grocery,Spices Combo Pack,1.0,568.54,15.0,7.0,UPI,1.0,100.0,,,2024,December,Tuesday,4,583.259,low
ORD100729,2024-08-22,Kabir Gupta,38.0,Male,Indore,Electronics,Power Bank 10000mAh,1.0,1390.29,10.0,2.0,UPI,5.0,0.0,,,2024,August,Thursday,3,1251.261,low
ORD101631,2023-11-16,Pari Rao,44.0,Male,Kolkata,Beauty & Personal Care,Beard Trimmer,1.0,460.13,0.0,9.0,Credit Card,0.0,0.0,SAVE10,,2023,November,Thursday,4,460.13,low
ORD101313,2023-10-27,Pari Joshi,38.0,Female,Surat,Grocery,Assorted Dry Fruits,3.0,298.33,25.0,9.0,Cash on Delivery,0.0,0.0,,,2023,October,Friday,4,671.2425000000001,low
ORD100961,2024-01-08,Aditya Nair,48.0,Female,Indore,Home & Kitchen,Cotton Bedsheet Set,1.0,845.88,0.0,5.0,UPI,3.0,40.0,,,2024,January,Monday,1,885.88,low
ORD101283,2024-10-04,Vihaan Menon,36.0,Female,Chennai,Grocery,Cooking Oil 1L,1.0,228.22,25.0,8.0,Credit Card,4.0,0.0,,,2024,October,Friday,4,171.165,low
ORD102712,2025-05-06,Myra Iyer,34.0,Female,Hyderabad,Apparel,Ethnic Saree,3.0,1306.55,10.0,2.0,UPI,0.0,80.0,FEST20,,2025,May,Tuesday,2,3607.685,low
ORD102681,2023-10-06,Vivaan Agarwal,47.0,Male,Kolkata,Grocery,Cooking Oil 1L,2.0,292.88,25.0,7.0,Debit Card,4.0,40.0,,,2023,October,Friday,4,479.32,low
ORD101957,2024-04-29,Nikhil Nair,27.0,Male,Bengaluru,Beauty & Personal Care,Sunscreen SPF50,3.0,703.15,15.0,6.0,Debit Card,0.0,60.0,NEWUSER15,,2024,April,Monday,2,1853.0324999999998,low
ORD101286,2025-04-07,Rohan Bhat,43.0,Male,Mumbai,Apparel,Formal Shirt,4.0,1180.83,10.0,3.0,UPI,5.0,0.0,,,2025,April,Monday,2,4250.988,low
ORD100196,2023-11-09,Nikhil Menon,52.0,Male,Chennai,Beauty & Personal Care,Perfume 50ml,2.0,781.52,5.0,8.0,Debit Card,4.0,0.0,,Quality Not as Expected,2023,November,Thursday,4,1484.888,low
ORD100407,2023-05-12,Sneha Nair,23.0,Male,Indore,Electronics,Wireless Mouse,1.0,1033.38,0.0,9.0,Credit Card,4.0,0.0,FLAT100,,2023,May,Friday,2,1033.38,low
ORD100661,2024-10-31,Diya Rao,42.0,Male,Pune,Beauty & Personal Care,Sunscreen SPF50,1.0,825.17,10.0,8.0,UPI,4.0,150.0,,,2024,October,Thursday,4,892.653,low
ORD100578,2024-12-15,Kavya Deshmukh,38.0,Female,Indore,Home & Kitchen,Steel Water Bottle,3.0,1485.55,40.0,2.0,UPI,5.0,0.0,FEST20,,2024,December,Sunday,4,2673.99,low
ORD102442,2023-11-27,Kabir Joshi,23.0,Male,Hyderabad,Home & Kitchen,Storage Container Set,2.0,1743.63,10.0,6.0,UPI,5.0,0.0,SAVE10,,2023,November,Monday,4,3138.534,low
ORD100964,2023-12-23,Sara Kapoor,40.0,Male,Bengaluru,Electronics,Wireless Mouse,4.0,1490.12,5.0,5.0,Debit Card,5.0,40.0,SAVE10,,2023,December,Saturday,4,4807.712,low
ORD102336,2024-02-19,Rahul Shah,36.0,Male,Indore,Apparel,Sports Track Pant,3.0,344.05,20.0,2.0,UPI,5.0,80.0,,,2024,February,Monday,1,905.7200000000001,low
ORD100317,2024-10-24,Riya Chopra,31.0,Female,Nagpur,Home & Kitchen,LED Table Lamp,1.0,1350.89,25.0,8.0,Debit Card,4.0,0.0,,,2024,October,Thursday,4,1013.1675,low
ORD101681,2023-01-12,Ishaan Verma,27.0,Male,Chandigarh,Beauty & Personal Care,Perfume 50ml,1.0,332.6,0.0,7.0,UPI,5.0,60.0,,Changed Mind,2023,January,Thursday,1,392.6,low
ORD102410,2024-04-28,Krishna Verma,23.0,Male,Chandigarh,Apparel,Ethnic Saree,4.0,1270.87,0.0,6.0,Credit Card,4.0,0.0,SAVE10,,2024,April,Sunday,2,4807.712,low
ORD102092,2025-01-03,Rahul Kulkarni,20.0,Male,Indore,Home & Kitchen,Steel Water Bottle,1.0,667.07,5.0,9.0,Cash on Delivery,4.0,80.0,,Size Issue,2025,January,Friday,1,713.7165,low
ORD100892,2024-04-21,Aadhya Kulkarni,38.0,Female,Hyderabad,Home & Kitchen,Non-Stick Pan,2.0,1214.28,0.0,9.0,Debit Card,5.0,0.0,WELCOME50,,2024,April,Sunday,2,2428.56,low
ORD100848,2025-01-17,Ananya Kulkarni,40.0,Male,Nagpur,Home & Kitchen,Storage Container Set,1.0,1182.19,10.0,9.0,UPI,4.0,0.0,,,2025,January,Friday,1,1063.971,low
ORD101653,2024-06-26,Kabir Pillai,26.0,Female,Lucknow,Grocery,Assorted Dry Fruits,4.0,266.23,0.0,6.0,Credit Card,3.0,0.0,,,2024,June,Wednesday,2,1064.92,low
ORD102474,2023-04-06,Vihaan Menon,30.0,Female,Lucknow,Footwear,Running Shoes,2.0,1002.99,15.0,5.0,Debit Card,5.0,0.0,NEWUSER15,,2023,April,Thursday,2,1705.083,low
ORD100544,2025-01-27,Ishita Deshmukh,51.0,Female,Chennai,Footwear,Formal Leather Shoes,2.0,613.74,0.0,7.0,Credit Card,4.0,0.0,,,2025,January,Monday,1,1227.48,low
ORD101455,2023-03-01,Neha Patel,55.0,Female,Lucknow,Home & Kitchen,Curtain Set,3.0,1008.22,15.0,4.0,Debit Card,5.0,0.0,,,2023,March,Wednesday,1,2570.961,low
ORD102227,2025-04-29,Aditya Nair,47.0,Male,Delhi,Home & Kitchen,Curtain Set,2.0,306.8,0.0,8.0,Debit Card,5.0,60.0,,,2025,April,Tuesday,2,673.6,low
ORD102614,2023-04-06,Kavya Menon,16.0,Female,Ahmedabad,Grocery,Green Tea Pack,3.0,257.19,0.0,7.0,UPI,3.0,80.0,,,2023,April,Thursday,2,851.5699999999999,low
ORD100546,2024-01-27,Reyansh Shah,43.0,Male,Nagpur,Beauty & Personal Care,Face Wash 100ml,2.0,750.93,5.0,5.0,Net Banking,5.0,80.0,,Late Delivery,2024,January,Saturday,1,1506.7669999999998,low
ORD101244,2025-03-08,Pari Chopra,28.0,Female,Surat,Apparel,Kids Hoodie,1.0,975.41,10.0,5.0,UPI,0.0,60.0,,,2025,March,Saturday,1,937.869,low
ORD102633,2024-11-21,Sneha Mehta,34.0,Male,Ahmedabad,Apparel,Kids Hoodie,1.0,791.06,5.0,3.0,Credit Card,5.0,0.0,,,2024,November,Thursday,4,751.507,low
ORD102335,2024-11-08,Riya Singh,52.0,Female,Kolkata,Home & Kitchen,Wall Clock,4.0,651.46,20.0,6.0,UPI,5.0,0.0,,,2024,November,Friday,4,2084.672,low
ORD102648,2025-05-02,Vihaan Chopra,30.0,Female,Kolkata,Grocery,Green Tea Pack,1.0,563.03,20.0,2.0,Credit Card,0.0,0.0,FEST20,Wrong Item Delivered,2025,May,Friday,2,450.424,low
ORD102255,2024-10-20,Kabir Reddy,40.0,Male,Jaipur,Home & Kitchen,Non-Stick Pan,1.0,840.11,5.0,5.0,UPI,0.0,0.0,,,2024,October,Sunday,4,798.1045,low
ORD102725,2024-01-08,Arjun Singh,22.0,Male,Mumbai,Beauty & Personal Care,Face Wash 100ml,1.0,569.9,15.0,3.0,UPI,0.0,0.0,NEWUSER15,,2024,January,Monday,1,484.41499999999996,low
ORD100635,2024-09-16,Riya Nair,47.0,Male,Kochi,Home & Kitchen,Non-Stick Pan,2.0,1487.68,0.0,4.0,Net Banking,5.0,100.0,,,2024,September,Monday,3,3075.36,low
ORD101453,2023-08-13,Aadhya Bhat,27.0,Female,Pune,Beauty & Personal Care,Beard Trimmer,1.0,385.03,10.0,4.0,UPI,4.0,100.0,,,2023,August,Sunday,3,446.527,low
ORD100590,2024-12-30,Ananya Gupta,34.0,Female,Lucknow,Grocery,Whole Wheat Atta 5kg,1.0,128.17,30.0,6.0,UPI,4.0,100.0,,,2024,December,Monday,4,189.719,low
ORD102982,2024-11-04,Kabir Joshi,20.0,Female,Chennai,Electronics,LED Bulb Smart,2.0,1265.47,10.0,3.0,UPI,3.0,80.0,,,2024,November,Monday,4,2357.846,low
ORD101384,2023-12-26,Vivaan Agarwal,30.0,Female,Chandigarh,Home & Kitchen,Cotton Bedsheet Set,4.0,739.97,5.0,8.0,UPI,4.0,0.0,,,2023,December,Tuesday,4,2811.886,low
ORD100108,2024-03-05,Sneha Agarwal,35.0,Male,Kolkata,Apparel,Kids Hoodie,2.0,705.88,0.0,3.0,Credit Card,5.0,80.0,WELCOME50,,2024,March,Tuesday,1,1491.76,low
ORD100718,2023-08-03,Sneha Joshi,35.0,Male,Surat,Footwear,Flip Flops,2.0,2063.62,0.0,5.0,UPI,5.0,100.0,,,2023,August,Thursday,3,4227.24,low
ORD102916,2024-07-19,Karan Agarwal,35.0,Female,Nagpur,Apparel,Woolen Sweater,1.0,805.74,20.0,4.0,Credit Card,3.0,0.0,WELCOME50,Size Issue,2024,July,Friday,3,644.5920000000001,low
ORD101333,2025-01-05,Aadhya Joshi,32.0,Male,Kochi,Electronics,Power Bank 10000mAh,2.0,1846.56,10.0,4.0,UPI,3.0,100.0,,,2025,January,Sunday,1,3423.808,low
ORD101905,2023-08-12,Karan Deshmukh,42.0,Male,Hyderabad,Electronics,Bluetooth Earbuds,1.0,591.26,10.0,6.0,Credit Card,0.0,0.0,,,2023,August,Saturday,3,532.134,low
ORD102304,2025-04-14,Nikhil Mehta,34.0,Male,Pune,Footwear,Formal Leather Shoes,1.0,453.61,10.0,5.0,Debit Card,0.0,80.0,,,2025,April,Monday,2,488.249,low
ORD102228,2023-09-21,Pooja Kulkarni,49.0,Male,Chennai,Home & Kitchen,Kitchen Organizer,2.0,375.65,0.0,6.0,Credit Card,0.0,60.0,,,2023,September,Thursday,3,811.3,low
ORD102641,2024-03-28,Vivaan Menon,20.0,Female,Jaipur,Electronics,LED Bulb Smart,2.0,2435.55,10.0,4.0,Debit Card,5.0,100.0,,,2024,March,Thursday,1,4483.990000000001,low
ORD100921,2024-06-05,Aadhya Reddy,56.5,Male,Jaipur,Grocery,Cooking Oil 1L,1.0,635.4,15.0,2.0,UPI,4.0,150.0,,,2024,June,Wednesday,2,690.0899999999999,low
ORD100712,2024-10-15,Anika Sharma,21.0,Male,Pune,Beauty & Personal Care,Perfume 50ml,1.0,133.15,0.0,6.0,Net Banking,2.0,0.0,,,2024,October,Tuesday,4,133.15,low
ORD100287,2024-06-04,Neha Kulkarni,48.0,Male,Jaipur,Footwear,Sandals,1.0,661.14,5.0,8.0,UPI,4.0,0.0,FLAT100,,2024,June,Tuesday,2,628.083,low
ORD101054,2023-03-11,Krishna Nair,53.0,Female,Delhi,Footwear,Running Shoes,5.0,494.24,15.0,4.0,Cash on Delivery,0.0,0.0,NEWUSER15,,2023,March,Saturday,1,2100.52,low
ORD101761,2024-01-08,Sara Singh,33.0,Male,Hyderabad,Footwear,Flip Flops,1.0,1841.48,25.0,9.0,UPI,4.0,100.0,,,2024,January,Monday,1,1481.1100000000001,low
ORD101036,2025-04-02,Diya Chopra,24.0,Male,Chennai,Grocery,Spices Combo Pack,5.0,109.63,20.0,9.0,Debit Card,0.0,80.0,NEWUSER15,,2025,April,Wednesday,2,518.52,low
ORD101803,2023-08-25,Aarav Sharma,45.0,Female,Pune,Footwear,Running Shoes,3.0,1937.88,30.0,8.0,UPI,5.0,60.0,SAVE10,,2023,August,Friday,3,4129.548,low
ORD101643,2024-06-25,Myra Kulkarni,34.0,Female,Kochi,Electronics,Power Bank 10000mAh,5.0,2055.66,10.0,6.0,Debit Card,4.0,100.0,,,2024,June,Tuesday,2,4807.712,low
ORD101267,2024-10-16,Aarav Sharma,33.0,Male,Kochi,Electronics,Portable Speaker,2.0,835.73,10.0,5.0,UPI,0.0,150.0,,,2024,October,Wednesday,4,1654.314,low
ORD101647,2024-08-27,Sneha Singh,24.0,Male,Jaipur,Beauty & Personal Care,Beard Trimmer,2.0,307.55,25.0,2.0,Net Banking,4.0,100.0,,Defective Product,2024,August,Tuesday,3,561.325,low
ORD100744,2024-12-25,Kabir Singh,27.0,Female,Ahmedabad,Beauty & Personal Care,Body Lotion,1.0,791.41,15.0,3.0,Net Banking,0.0,0.0,,,2024,December,Wednesday,4,672.6985,low
ORD101925,2023-05-01,Aditya Pillai,49.0,Female,Chennai,Apparel,Ethnic Saree,1.0,407.41,20.0,3.0,Net Banking,0.0,60.0,,,2023,May,Monday,2,385.92800000000005,low
ORD102699,2023-04-18,Sai Iyer,34.0,Female,Indore,Beauty & Personal Care,Lip Balm Pack,1.0,548.2,0.0,2.0,Net Banking,2.0,80.0,,,2023,April,Tuesday,2,628.2,low
ORD100854,2023-10-24,Anika Joshi,33.0,Female,Mumbai,Beauty & Personal Care,Face Wash 100ml,1.0,325.01,0.0,8.0,UPI,4.0,40.0,,,2023,October,Tuesday,4,365.01,low
ORD100200,2023-11-30,Kabir Kapoor,18.0,Other,Kolkata,Grocery,Whole Wheat Atta 5kg,4.0,585.25,30.0,3.0,Net Banking,0.0,0.0,,Changed Mind,2023,November,Thursday,4,1638.6999999999998,low
ORD101915,2024-04-16,Riya Pillai,27.0,Female,Kolkata,Apparel,Women Kurti,1.0,447.91,0.0,9.0,UPI,0.0,0.0,SAVE10,,2024,April,Tuesday,2,447.91,low
ORD102816,2024-09-05,Sneha Reddy,34.0,Male,Ahmedabad,Electronics,Bluetooth Earbuds,1.0,2199.42,40.0,6.0,Debit Card,0.0,0.0,,,2024,September,Thursday,3,1319.652,low
ORD102221,2023-05-21,Ishita Rao,43.0,Male,Pune,Footwear,Sandals,2.0,1837.15,20.0,5.0,Credit Card,5.0,80.0,,,2023,May,Sunday,2,3019.4400000000005,low
ORD100928,2024-01-17,Priya Gupta,25.0,Female,Jaipur,Grocery,Cooking Oil 1L,3.0,336.94,15.0,2.0,UPI,3.0,0.0,,,2024,January,Wednesday,1,859.1969999999999,low
ORD101379,2024-10-06,Myra Bhat,30.0,Male,Ahmedabad,Home & Kitchen,Curtain Set,3.0,1127.02,0.0,2.0,Credit Card,3.0,150.0,,,2024,October,Sunday,4,3531.06,low
ORD101442,2025-05-01,Krishna Pillai,23.0,Male,Mumbai,Electronics,Smartphone Cover,1.0,2259.66,25.0,7.0,UPI,3.0,0.0,FEST20,,2025,May,Thursday,2,1694.745,low
ORD100525,2023-10-10,Sai Joshi,24.0,Female,Chandigarh,Grocery,Whole Wheat Atta 5kg,2.0,446.92,20.0,1.0,Net Banking,5.0,0.0,,,2023,October,Tuesday,4,715.0720000000001,low
ORD101401,2023-08-08,Aditya Kulkarni,27.0,Female,Ahmedabad,Apparel,Sports Track Pant,4.0,463.94,5.0,7.0,UPI,3.0,150.0,SAVE10,,2023,August,Tuesday,3,1912.972,low
ORD101714,2024-08-10,Kavya Bhat,34.0,Male,Kochi,Apparel,Ethnic Saree,3.0,582.68,0.0,2.0,UPI,0.0,60.0,,,2024,August,Saturday,3,1808.04,low
ORD102163,2023-10-17,Riya Kulkarni,29.0,Male,Mumbai,Electronics,Smartphone Cover,1.0,1550.04,20.0,8.0,Cash on Delivery,5.0,0.0,,,2023,October,Tuesday,4,1240.0320000000002,low
ORD100506,2024-04-28,Karan Singh,49.0,Female,Bengaluru,Electronics,Power Bank 10000mAh,1.0,973.32,5.0,5.0,UPI,5.0,0.0,,Late Delivery,2024,April,Sunday,2,924.654,low
ORD100479,2023-11-22,Diya Joshi,40.0,Male,Mumbai,Beauty & Personal Care,Sunscreen SPF50,2.0,147.89,15.0,14.0,Credit Card,4.0,0.0,,Wrong Item Delivered,2023,November,Wednesday,4,251.41299999999998,low
ORD100687,2024-06-24,Karan Deshmukh,48.0,Female,Lucknow,Electronics,Bluetooth Earbuds,5.0,685.03,0.0,4.0,UPI,0.0,40.0,,,2024,June,Monday,2,3465.1499999999996,low
ORD101062,2023-05-12,Amit Mehta,56.0,Female,Chennai,Beauty & Personal Care,Beard Trimmer,2.0,382.07,5.0,9.0,Credit Card,5.0,0.0,NEWUSER15,,2023,May,Friday,2,725.933,low
ORD101318,2024-02-14,Karan Deshmukh,19.0,Female,Delhi,Electronics,USB-C Cable,1.0,558.33,0.0,6.0,Credit Card,0.0,100.0,,,2024,February,Wednesday,1,658.33,low
ORD100396,2023-02-10,Kavya Mehta,34.0,Male,Lucknow,Home & Kitchen,Wall Clock,4.0,964.81,0.0,7.0,UPI,0.0,0.0,,,2023,February,Friday,1,3859.24,low
ORD101819,2023-09-26,Rohan Iyer,36.0,Male,Surat,Footwear,Running Shoes,3.0,634.47,30.0,8.0,UPI,1.0,0.0,,,2023,September,Tuesday,3,1332.387,low
ORD101422,2024-06-20,Sai Joshi,52.0,Male,Chennai,Electronics,Wireless Mouse,1.0,1558.6,10.0,2.0,UPI,4.0,0.0,,,2024,June,Thursday,2,1402.74,low
ORD101377,2024-11-16,Sara Sharma,45.0,Male,Kolkata,Home & Kitchen,Steel Water Bottle,5.0,1500.91,15.0,5.0,Credit Card,0.0,0.0,,,2024,November,Saturday,4,4807.712,low
ORD100897,2023-02-19,Myra Iyer,44.0,Male,Bengaluru,Electronics,Bluetooth Earbuds,1.0,1044.31,15.0,3.0,Debit Card,4.0,0.0,,,2023,February,Sunday,1,887.6634999999999,low
ORD102686,2023-08-11,Ishita Shah,55.0,Female,Kochi,Home & Kitchen,LED Table Lamp,1.0,1593.4,10.0,2.0,Credit Card,4.0,0.0,,Changed Mind,2023,August,Friday,3,1434.0600000000002,low
ORD102233,2023-05-06,Navya Kapoor,41.0,Female,Bengaluru,Apparel,Kids Hoodie,4.0,931.79,20.0,3.0,Credit Card,0.0,150.0,NEWUSER15,,2023,May,Saturday,2,3131.728,low
ORD100602,2024-11-04,Vivaan Rao,29.0,Male,Hyderabad,Footwear,Formal Leather Shoes,2.0,972.59,10.0,8.0,UPI,5.0,80.0,WELCOME50,,2024,November,Monday,4,1830.662,low
ORD100240,2023-05-08,Riya Kapoor,34.0,Male,Pune,Footwear,Flip Flops,1.0,1292.08,30.0,5.0,Cash on Delivery,4.0,0.0,WELCOME50,,2023,May,Monday,2,904.4559999999999,low
ORD101402,2024-11-20,Aadhya Kulkarni,47.0,Male,Hyderabad,Apparel,Formal Shirt,2.0,1396.42,0.0,3.0,UPI,5.0,60.0,FLAT100,,2024,November,Wednesday,4,2852.84,low
ORD100448,2024-04-19,Anika Kapoor,34.0,Female,Hyderabad,Beauty & Personal Care,Body Lotion,1.0,676.92,0.0,2.0,Debit Card,1.0,80.0,,,2024,April,Friday,2,756.92,low
ORD100824,2024-11-04,Sai Shah,45.0,Female,Lucknow,Grocery,Honey 500g,4.0,335.43,10.0,5.0,UPI,0.0,40.0,,,2024,November,Monday,4,1247.548,low
ORD102490,2023-10-12,Rohan Kapoor,28.0,Male,Lucknow,Grocery,Instant Noodles Pack,2.0,413.91,20.0,4.0,Credit Card,3.0,0.0,NEWUSER15,,2023,October,Thursday,4,662.2560000000001,low
ORD102995,2024-07-28,Karan Kulkarni,30.0,Male,Lucknow,Apparel,Formal Shirt,1.0,1232.61,15.0,9.0,UPI,4.0,100.0,,Size Issue,2024,July,Sunday,3,1147.7185,low
ORD102518,2023-05-11,Sara Singh,37.0,Female,Kochi,Footwear,Casual Sneakers,2.0,1193.82,0.0,8.0,Credit Card,4.0,60.0,,,2023,May,Thursday,2,2447.64,low
ORD101067,2024-08-06,Kabir Patel,30.0,Male,Bengaluru,Grocery,Instant Noodles Pack,4.0,82.57,10.0,8.0,UPI,0.0,40.0,FLAT100,,2024,August,Tuesday,3,337.252,low
ORD102770,2024-08-24,Riya Rao,38.0,Male,Ahmedabad,Footwear,Casual Sneakers,2.0,951.76,20.0,3.0,UPI,0.0,80.0,,,2024,August,Saturday,3,1602.816,low
ORD100376,2024-11-02,Aditya Pillai,38.0,Male,Hyderabad,Apparel,Sports Track Pant,1.0,1044.83,0.0,2.0,Credit Card,5.0,0.0,,,2024,November,Saturday,4,1044.83,low
ORD101225,2025-06-02,Diya Kulkarni,46.0,Male,Lucknow,Apparel,Women Kurti,3.0,616.8,20.0,4.0,UPI,0.0,0.0,WELCOME50,,2025,June,Monday,2,1480.32,low
ORD100263,2025-04-22,Reyansh Nair,34.0,Female,Jaipur,Footwear,Flip Flops,4.0,1174.66,0.0,2.0,Cash on Delivery,0.0,150.0,FEST20,Size Issue,2025,April,Tuesday,2,4807.712,low
ORD100615,2024-08-05,Priya Shah,20.0,Male,Hyderabad,Home & Kitchen,Wall Clock,3.0,333.15,25.0,3.0,Credit Card,4.0,100.0,WELCOME50,,2024,August,Monday,3,849.5875,low
ORD100503,2025-03-01,Kavya Iyer,36.0,Female,Hyderabad,Apparel,Sports Track Pant,1.0,560.83,10.0,9.0,UPI,2.0,60.0,,,2025,March,Saturday,1,564.7470000000001,low
ORD100057,2023-05-21,Anika Agarwal,34.0,Male,Mumbai,Home & Kitchen,Kitchen Organizer,2.0,1234.34,10.0,5.0,UPI,4.0,150.0,WELCOME50,,2023,May,Sunday,2,2371.812,low
ORD102593,2023-03-28,Ishaan Gupta,31.0,Male,Kolkata,Grocery,Green Tea Pack,4.0,552.12,15.0,7.0,Credit Card,5.0,60.0,,,2023,March,Tuesday,1,1937.2079999999999,low
ORD102318,2025-02-14,Anika Singh,37.0,Male,Lucknow,Beauty & Personal Care,Hair Oil 200ml,2.0,137.32,10.0,7.0,UPI,0.0,0.0,,,2025,February,Friday,1,247.176,low
ORD102067,2025-04-06,Amit Patel,32.0,Male,Chandigarh,Apparel,Kids Hoodie,1.0,660.9,40.0,3.0,Credit Card,4.0,60.0,,,2025,April,Sunday,2,456.53999999999996,low
ORD102385,2025-03-08,Vivaan Rao,31.0,Female,Chennai,Apparel,Denim Jeans,2.0,1470.89,15.0,4.0,Debit Card,5.0,60.0,,,2025,March,Saturday,1,2560.513,low
ORD102705,2023-09-17,Sneha Verma,23.0,Female,Pune,Electronics,Smartwatch Band,1.0,1257.52,0.0,6.0,Debit Card,5.0,100.0,SAVE10,,2023,September,Sunday,3,1357.52,low
ORD100232,2023-01-18,Arjun Reddy,50.0,Male,Lucknow,Beauty & Personal Care,Lip Balm Pack,1.0,734.54,20.0,6.0,UPI,3.0,60.0,SAVE10,,2023,January,Wednesday,1,647.632,low
ORD102573,2023-12-23,Rohan Singh,51.0,Male,Indore,Footwear,Casual Sneakers,2.0,1020.95,10.0,8.0,Credit Card,2.0,0.0,,,2023,December,Saturday,4,1837.71,low
ORD101625,2023-01-23,Riya Gupta,32.0,Male,Chennai,Home & Kitchen,Steel Water Bottle,2.0,1352.87,5.0,8.0,UPI,0.0,0.0,FLAT100,,2023,January,Monday,1,2570.4529999999995,low
ORD102838,2023-12-15,Diya Chopra,25.0,Female,Jaipur,Footwear,Formal Leather Shoes,1.0,1001.25,5.0,4.0,UPI,4.0,0.0,,,2023,December,Friday,4,951.1875,low
ORD101085,2025-02-03,Amit Pillai,35.0,Male,Lucknow,Home & Kitchen,Wall Clock,2.0,227.81,20.0,9.0,Debit Card,5.0,0.0,,,2025,February,Monday,1,364.49600000000004,low
ORD101291,2025-02-20,Aadhya Chopra,27.0,Male,Kochi,Electronics,LED Bulb Smart,3.0,1200.89,20.0,9.0,UPI,0.0,0.0,,,2025,February,Thursday,1,2882.1360000000004,low
ORD102207,2025-02-03,Diya Kapoor,30.0,Male,Mumbai,Footwear,Sandals,2.0,906.76,0.0,7.0,Net Banking,0.0,0.0,,,2025,February,Monday,1,1813.52,low
ORD101568,2023-12-15,Navya Chopra,32.0,Female,Indore,Electronics,Power Bank 10000mAh,2.0,919.56,15.0,7.0,Debit Card,4.0,150.0,,,2023,December,Friday,4,1713.252,low
ORD101075,2023-05-30,Aarav Iyer,45.0,Male,Kochi,Electronics,Wireless Mouse,3.0,2157.59,15.0,7.0,Debit Card,0.0,0.0,,,2023,May,Tuesday,2,4807.712,low
ORD100785,2024-06-19,Reyansh Rao,39.0,Female,Delhi,Apparel,Sports Track Pant,2.0,1291.99,42.5,5.0,UPI,3.0,0.0,,Changed Mind,2024,June,Wednesday,2,1291.99,low
ORD102810,2024-04-12,Sai Verma,46.0,Male,Kolkata,Home & Kitchen,LED Table Lamp,1.0,1075.58,0.0,4.0,Debit Card,5.0,60.0,SAVE10,Size Issue,2024,April,Friday,2,1135.58,low
ORD100173,2024-10-20,Priya Patel,19.0,Female,Jaipur,Home & Kitchen,LED Table Lamp,1.0,373.12,10.0,4.0,UPI,4.0,60.0,,,2024,October,Sunday,4,395.808,low
ORD100141,2024-10-23,Nikhil Agarwal,32.0,Other,Mumbai,Apparel,Men Cotton T-Shirt,5.0,505.61,30.0,9.0,UPI,4.0,60.0,,,2024,October,Wednesday,4,1829.635,low
ORD100204,2024-02-21,Nikhil Patel,53.0,Male,Kochi,Apparel,Men Cotton T-Shirt,2.0,875.93,25.0,8.0,UPI,4.0,80.0,,,2024,February,Wednesday,1,1393.895,low
ORD102061,2024-05-26,Aditya Singh,31.0,Female,Ahmedabad,Beauty & Personal Care,Beard Trimmer,1.0,711.23,0.0,5.0,Net Banking,4.0,40.0,,Late Delivery,2024,May,Sunday,2,751.23,low
ORD101765,2023-01-26,Sneha Pillai,39.0,Male,Chandigarh,Electronics,Portable Speaker,2.0,2225.76,5.0,4.0,Credit Card,0.0,80.0,,Wrong Item Delivered,2023,January,Thursday,1,4308.944,low
ORD102072,2024-01-02,Amit Joshi,24.0,Male,Jaipur,Electronics,Portable Speaker,1.0,1427.58,0.0,8.0,UPI,4.0,0.0,SAVE10,,2024,January,Tuesday,1,1427.58,low
ORD102040,2023-09-21,Karan Nair,32.0,Male,Chennai,Apparel,Men Cotton T-Shirt,2.0,1362.12,0.0,2.0,UPI,0.0,40.0,FLAT100,,2023,September,Thursday,3,2764.24,low
ORD102933,2024-02-01,Sneha Verma,25.0,Male,Chandigarh,Electronics,Wireless Mouse,2.0,1939.38,25.0,2.0,UPI,5.0,0.0,SAVE10,,2024,February,Thursday,1,2909.07,low
ORD102111,2024-09-06,Neha Deshmukh,39.0,Male,Pune,Electronics,Power Bank 10000mAh,1.0,1053.7,5.0,5.0,UPI,2.0,0.0,,,2024,September,Friday,3,1001.015,low
ORD100681,2023-05-06,Sneha Patel,25.0,Female,Bengaluru,Grocery,Green Tea Pack,1.0,85.33,15.0,3.0,UPI,4.0,60.0,,,2023,May,Saturday,2,132.53050000000002,low
ORD100977,2024-06-05,Aditya Rao,23.0,Female,Surat,Grocery,Whole Wheat Atta 5kg,1.0,530.99,20.0,3.0,Credit Card,3.0,0.0,,,2024,June,Wednesday,2,424.79200000000003,low
ORD102212,2024-07-05,Navya Verma,34.0,Female,Kochi,Footwear,Formal Leather Shoes,1.0,1338.5,10.0,6.0,UPI,4.0,80.0,,,2024,July,Friday,3,1284.65,low
ORD100845,2023-01-05,Rohan Kulkarni,34.0,Male,Jaipur,Grocery,Honey 500g,3.0,496.45,20.0,9.0,UPI,5.0,40.0,SAVE10,,2023,January,Thursday,1,1231.48,low
ORD102360,2024-08-13,Arjun Kulkarni,34.0,Male,Lucknow,Beauty & Personal Care,Beard Trimmer,3.0,710.07,10.0,2.0,Net Banking,0.0,60.0,,,2024,August,Tuesday,3,1977.189,low
ORD101698,2023-11-24,Pari Agarwal,32.0,Male,Hyderabad,Grocery,Assorted Dry Fruits,3.0,589.01,25.0,3.0,Cash on Delivery,3.0,0.0,,,2023,November,Friday,4,1325.2725,low
ORD101123,2023-08-10,Myra Reddy,24.0,Male,Bengaluru,Apparel,Denim Jeans,1.0,951.39,25.0,2.0,UPI,3.0,0.0,,,2023,August,Thursday,3,713.5425,low
ORD101809,2025-05-23,Rohan Gupta,29.0,Male,Chandigarh,Electronics,USB-C Cable,1.0,1508.29,40.0,7.0,UPI,1.0,0.0,,,2025,May,Friday,2,904.9739999999999,low
ORD100789,2023-01-12,Diya Patel,32.0,Female,Chandigarh,Apparel,Women Kurti,1.0,1304.3,0.0,7.0,UPI,5.0,80.0,,,2023,January,Thursday,1,1384.3,low
ORD102891,2023-11-07,Sneha Patel,38.0,Male,Delhi,Electronics,Wireless Mouse,1.0,774.04,0.0,3.0,Debit Card,4.0,60.0,,Defective Product,2023,November,Tuesday,4,834.04,low
ORD102762,2023-11-29,Kavya Rao,35.0,Male,Bengaluru,Grocery,Honey 500g,1.0,342.6,10.0,2.0,Debit Card,4.0,80.0,,,2023,November,Wednesday,4,388.34000000000003,low
ORD102958,2024-10-03,Sara Kulkarni,36.0,Male,Indore,Footwear,Running Shoes,2.0,1659.94,0.0,8.0,UPI,0.0,0.0,FEST20,,2024,October,Thursday,4,3319.88,low
ORD101181,2023-01-26,Nikhil Shah,34.0,Male,Bengaluru,Apparel,Denim Jeans,1.0,1095.43,0.0,4.0,Credit Card,4.0,0.0,,,2023,January,Thursday,1,1095.43,low
ORD100268,2024-07-11,Amit Rao,31.0,Male,Indore,Home & Kitchen,Cotton Bedsheet Set,1.0,899.3,15.0,4.0,UPI,4.0,100.0,,,2024,July,Thursday,3,864.405,low
ORD102152,2023-10-07,Kabir Iyer,28.0,Male,Delhi,Grocery,Assorted Dry Fruits,2.0,347.77,10.0,8.0,UPI,1.0,0.0,NEWUSER15,,2023,October,Saturday,4,625.986,low
ORD101002,2024-05-23,Karan Pillai,18.0,Male,Bengaluru,Footwear,Formal Leather Shoes,1.0,1827.66,0.0,5.0,Cash on Delivery,4.0,80.0,SAVE10,,2024,May,Thursday,2,1907.66,low
ORD100511,2023-12-11,Vivaan Kapoor,34.0,Male,Nagpur,Electronics,Power Bank 10000mAh,1.0,2339.03,0.0,7.0,UPI,0.0,0.0,,,2023,December,Monday,4,2339.03,low
ORD101649,2025-01-31,Riya Gupta,30.0,Male,Jaipur,Footwear,Flip Flops,1.0,885.71,30.0,7.0,Cash on Delivery,0.0,0.0,,,2025,January,Friday,1,619.997,low
ORD100100,2025-01-28,Anika Rao,52.0,Male,Ahmedabad,Grocery,Instant Noodles Pack,1.0,202.33,20.0,8.0,UPI,4.0,0.0,,,2025,January,Tuesday,1,161.86400000000003,low
ORD100012,2024-11-01,Anika Agarwal,34.0,Female,Bengaluru,Footwear,Sandals,1.0,2177.35,20.0,4.0,Debit Card,2.0,60.0,,,2024,November,Friday,4,1801.88,low
ORD100644,2024-12-02,Aditya Gupta,56.0,Female,Indore,Apparel,Denim Jeans,1.0,580.52,0.0,9.0,UPI,5.0,0.0,,,2024,December,Monday,4,580.52,low
ORD101614,2023-02-24,Neha Nair,46.0,Female,Bengaluru,Electronics,Smartphone Cover,2.0,982.07,5.0,7.0,Credit Card,5.0,0.0,,,2023,February,Friday,1,1865.933,low
ORD100778,2023-09-04,Pari Kulkarni,31.0,Female,Lucknow,Grocery,Spices Combo Pack,1.0,622.45,10.0,9.0,UPI,5.0,40.0,SAVE10,,2023,September,Monday,3,600.205,low
ORD100929,2024-06-10,Ananya Pillai,43.0,Male,Chennai,Electronics,USB-C Cable,1.0,585.34,20.0,3.0,Credit Card,1.0,40.0,,,2024,June,Monday,2,508.27200000000005,low
ORD101320,2023-04-15,Diya Mehta,38.0,Male,Lucknow,Electronics,Power Bank 10000mAh,4.0,1969.06,30.0,5.0,Net Banking,3.0,0.0,FLAT100,,2023,April,Saturday,2,4807.712,low
ORD101165,2023-04-06,Ananya Agarwal,31.0,Other,Chennai,Grocery,Cooking Oil 1L,2.0,299.6,30.0,14.0,Net Banking,2.0,100.0,,,2023,April,Thursday,2,519.44,low
ORD101366,2023-10-02,Reyansh Sharma,45.0,Male,Bengaluru,Home & Kitchen,Curtain Set,1.0,454.02,10.0,3.0,Credit Card,4.0,0.0,,,2023,October,Monday,4,408.618,low
ORD102199,2023-01-11,Sneha Bhat,25.0,Female,Chennai,Beauty & Personal Care,Sunscreen SPF50,5.0,712.93,30.0,4.0,UPI,3.0,0.0,WELCOME50,,2023,January,Wednesday,1,2495.2549999999997,low
ORD101900,2024-05-02,Diya Menon,41.0,Male,Chandigarh,Electronics,Wireless Mouse,1.0,1530.73,0.0,8.0,UPI,5.0,0.0,,,2024,May,Thursday,2,1530.73,low
ORD101523,2023-05-18,Sara Chopra,30.0,Male,Pune,Beauty & Personal Care,Body Lotion,2.0,535.24,5.0,8.0,Debit Card,0.0,60.0,,,2023,May,Thursday,2,1076.9560000000001,low
ORD100020,2024-03-31,Nikhil Shah,32.0,Female,Lucknow,Footwear,Running Shoes,1.0,849.03,10.0,2.0,Net Banking,3.0,100.0,FEST20,,2024,March,Sunday,1,864.127,low
ORD100749,2023-05-24,Diya Joshi,39.0,Female,Pune,Home & Kitchen,Cotton Bedsheet Set,4.0,1019.91,0.0,3.0,UPI,1.0,100.0,,,2023,May,Wednesday,2,4179.639999999999,low
ORD101077,2023-06-01,Priya Chopra,25.0,Male,Surat,Beauty & Personal Care,Beard Trimmer,1.0,387.95,5.0,6.0,Credit Card,4.0,0.0,NEWUSER15,,2023,June,Thursday,2,368.55249999999995,low
ORD100117,2023-05-08,Aarav Menon,36.0,Male,Pune,Beauty & Personal Care,Body Lotion,1.0,524.42,0.0,4.0,Cash on Delivery,4.0,40.0,,,2023,May,Monday,2,564.42,low
ORD102951,2023-01-21,Sai Bhat,39.0,Male,Lucknow,Electronics,Portable Speaker,1.0,1420.95,10.0,8.0,Cash on Delivery,4.0,0.0,,,2023,January,Saturday,1,1278.855,low
ORD101164,2023-12-24,Arjun Iyer,21.0,Female,Kochi,Electronics,Wireless Mouse,5.0,1103.46,0.0,5.0,Credit Card,4.0,0.0,SAVE10,,2023,December,Sunday,4,4807.712,low
ORD101409,2023-09-16,Navya Mehta,37.0,Male,Pune,Footwear,Flip Flops,5.0,2079.46,30.0,3.0,Debit Card,5.0,0.0,,,2023,September,Saturday,3,4807.712,low
ORD102635,2023-01-25,Sneha Mehta,49.0,Female,Bengaluru,Electronics,Smartwatch Band,1.0,2603.435,0.0,2.0,Credit Card,4.0,0.0,SAVE10,Changed Mind,2023,January,Wednesday,1,4807.712,low
ORD102711,2023-01-22,Amit Singh,41.0,Female,Nagpur,Grocery,Whole Wheat Atta 5kg,1.0,577.04,15.0,5.0,UPI,4.0,0.0,,,2023,January,Sunday,1,490.484,low
ORD100490,2024-01-18,Kavya Kapoor,24.0,Male,Bengaluru,Apparel,Ethnic Saree,1.0,707.68,25.0,5.0,UPI,4.0,0.0,,,2024,January,Thursday,1,530.76,low
ORD100046,2024-02-11,Sneha Kulkarni,28.0,Male,Bengaluru,Footwear,Casual Sneakers,1.0,626.9,15.0,5.0,UPI,5.0,0.0,,,2024,February,Sunday,1,532.865,low
ORD100492,2023-11-07,Anika Sharma,29.0,Female,Lucknow,Apparel,Kids Hoodie,1.0,332.78,0.0,8.0,UPI,5.0,100.0,FEST20,,2023,November,Tuesday,4,432.78,low
ORD102366,2023-10-12,Karan Sharma,16.0,Female,Kolkata,Grocery,Instant Noodles Pack,2.0,586.66,15.0,8.0,UPI,4.0,0.0,,,2023,October,Thursday,4,997.3219999999999,low
ORD102493,2023-11-17,Karan Iyer,40.0,Female,Ahmedabad,Apparel,Kids Hoodie,2.0,661.48,30.0,3.0,Debit Card,3.0,0.0,FEST20,,2023,November,Friday,4,926.072,low
ORD101699,2025-05-25,Sara Kapoor,17.0,Male,Indore,Beauty & Personal Care,Face Wash 100ml,1.0,426.73,0.0,5.0,UPI,5.0,0.0,,,2025,May,Sunday,2,426.73,low
ORD100768,2023-05-08,Vivaan Verma,30.0,Male,Nagpur,Apparel,Denim Jeans,1.0,1478.17,30.0,7.0,UPI,5.0,80.0,,,2023,May,Monday,2,1114.719,low
ORD101398,2023-01-23,Aarav Sharma,46.0,Male,Lucknow,Grocery,Cooking Oil 1L,2.0,317.12,5.0,3.0,Cash on Delivery,0.0,40.0,,,2023,January,Monday,1,642.528,low
ORD101726,2025-05-15,Anika Bhat,33.0,Male,Ahmedabad,Grocery,Green Tea Pack,6.0,528.51,30.0,6.0,Debit Card,5.0,0.0,FEST20,,2025,May,Thursday,2,4807.712,high large
ORD102766,2023-11-07,Sai Deshmukh,39.0,Male,Bengaluru,Home & Kitchen,Cotton Bedsheet Set,1.0,1301.87,15.0,2.0,UPI,5.0,40.0,,,2023,November,Tuesday,4,1146.5894999999998,low
ORD102631,2023-11-04,Myra Chopra,45.0,Female,Ahmedabad,Grocery,Whole Wheat Atta 5kg,4.0,595.76,20.0,7.0,UPI,0.0,0.0,,,2023,November,Saturday,4,1906.432,low
ORD102745,2024-01-04,Aarav Reddy,21.0,Male,Mumbai,Home & Kitchen,Steel Water Bottle,1.0,696.89,0.0,7.0,UPI,2.0,0.0,,Quality Not as Expected,2024,January,Thursday,1,696.89,low
ORD101038,2024-11-15,Nikhil Reddy,24.0,Female,Nagpur,Electronics,Bluetooth Earbuds,2.0,1677.9,42.5,3.0,Credit Card,3.0,0.0,,,2024,November,Friday,4,1677.9,low
ORD102742,2024-04-11,Diya Rao,34.0,Male,Chennai,Home & Kitchen,Wall Clock,1.0,907.15,25.0,5.0,Credit Card,3.0,0.0,,,2024,April,Thursday,2,680.3625,low
ORD102969,2024-08-03,Pari Joshi,50.0,Male,Delhi,Grocery,Assorted Dry Fruits,2.0,651.67,0.0,2.0,Credit Card,4.0,0.0,,,2024,August,Saturday,3,1303.34,low
ORD100564,2023-01-17,Myra Deshmukh,22.0,Female,Kolkata,Electronics,LED Bulb Smart,3.0,1440.42,25.0,6.0,UPI,5.0,0.0,,Late Delivery,2023,January,Tuesday,1,3240.945,low
ORD100609,2025-02-20,Krishna Sharma,45.0,Female,Delhi,Beauty & Personal Care,Herbal Shampoo,1.0,561.37,10.0,6.0,Cash on Delivery,4.0,0.0,,,2025,February,Thursday,1,505.233,low
ORD102783,2024-10-04,Vivaan Nair,18.0,Male,Hyderabad,Electronics,Smartwatch Band,1.0,1658.21,10.0,6.0,UPI,5.0,0.0,,Size Issue,2024,October,Friday,4,1492.3890000000001,low
ORD102768,2024-03-11,Aditya Kulkarni,34.0,Female,Ahmedabad,Footwear,Flip Flops,2.0,843.41,10.0,3.0,Debit Card,3.0,0.0,,,2024,March,Monday,1,1518.138,low
ORD101949,2023-10-20,Vivaan Gupta,41.0,Female,Lucknow,Grocery,Cooking Oil 1L,3.0,279.35,10.0,9.0,UPI,5.0,0.0,FEST20,,2023,October,Friday,4,754.2450000000001,low
ORD102676,2024-12-21,Aadhya Patel,32.0,Male,Jaipur,Beauty & Personal Care,Body Lotion,1.0,620.15,0.0,6.0,UPI,5.0,0.0,WELCOME50,,2024,December,Saturday,4,620.15,low
ORD101256,2023-07-22,Ishaan Patel,36.0,Male,Chennai,Home & Kitchen,Kitchen Organizer,1.0,1765.82,0.0,2.0,UPI,5.0,0.0,,,2023,July,Saturday,3,1765.82,low
ORD100576,2023-11-09,Aadhya Gupta,41.0,Male,Lucknow,Grocery,Honey 500g,1.0,147.23,0.0,5.0,Debit Card,5.0,0.0,,,2023,November,Thursday,4,147.23,low
ORD100626,2023-11-05,Karan Nair,52.0,Male,Indore,Footwear,Running Shoes,3.0,629.68,5.0,5.0,UPI,5.0,0.0,,,2023,November,Sunday,4,1794.588,low
ORD102236,2024-01-22,Vivaan Kulkarni,45.0,Female,Ahmedabad,Beauty & Personal Care,Perfume 50ml,2.0,166.01,10.0,4.0,UPI,0.0,0.0,,,2024,January,Monday,1,298.818,low
ORD101434,2023-10-19,Pari Joshi,33.0,Female,Delhi,Apparel,Sports Track Pant,1.0,804.89,15.0,4.0,UPI,5.0,0.0,,,2023,October,Thursday,4,684.1564999999999,low
ORD102874,2023-12-16,Riya Reddy,17.0,Female,Ahmedabad,Apparel,Men Cotton T-Shirt,1.0,562.98,0.0,7.0,UPI,4.0,100.0,SAVE10,,2023,December,Saturday,4,662.98,low
ORD102367,2023-06-10,Ishita Shah,37.0,Male,Jaipur,Grocery,Spices Combo Pack,1.0,464.64,10.0,4.0,UPI,0.0,0.0,,,2023,June,Saturday,2,418.176,low
ORD101598,2024-10-14,Kabir Rao,24.0,Female,Ahmedabad,Grocery,Whole Wheat Atta 5kg,2.0,115.46,25.0,6.0,Debit Card,4.0,150.0,NEWUSER15,,2024,October,Monday,4,323.19,low
ORD101958,2024-08-24,Krishna Joshi,31.0,Male,Hyderabad,Grocery,Instant Noodles Pack,2.0,443.34,15.0,5.0,UPI,4.0,40.0,,,2024,August,Saturday,3,793.6779999999999,low
ORD101224,2024-01-15,Kabir Sharma,27.0,Female,Lucknow,Apparel,Kids Hoodie,4.0,995.27,30.0,2.0,Debit Card,0.0,40.0,,,2024,January,Monday,1,2826.756,low
ORD100755,2024-02-03,Neha Chopra,34.0,Male,Ahmedabad,Beauty & Personal Care,Face Wash 100ml,1.0,688.37,15.0,3.0,Debit Card,0.0,0.0,,,2024,February,Saturday,1,585.1145,low
ORD101754,2024-07-24,Neha Singh,26.0,Male,Lucknow,Electronics,Wireless Mouse,3.0,626.42,20.0,8.0,Credit Card,5.0,0.0,,,2024,July,Wednesday,3,1503.408,low
ORD101596,2024-08-23,Riya Bhat,39.0,Female,Delhi,Footwear,Running Shoes,1.0,562.31,30.0,4.0,UPI,0.0,0.0,,,2024,August,Friday,3,393.61699999999996,low
ORD102646,2024-06-01,Priya Singh,49.0,Male,Lucknow,Beauty & Personal Care,Beard Trimmer,2.0,276.54,20.0,8.0,Credit Card,4.0,80.0,,,2024,June,Saturday,2,522.464,low
ORD100639,2025-05-14,Vivaan Joshi,21.0,Female,Ahmedabad,Apparel,Sports Track Pant,2.0,1306.73,10.0,6.0,UPI,4.0,100.0,,,2025,May,Wednesday,2,2452.114,low
ORD101032,2023-11-17,Neha Kulkarni,21.0,Female,Indore,Grocery,Cooking Oil 1L,4.0,249.32,20.0,6.0,Debit Card,5.0,0.0,,,2023,November,Friday,4,797.8240000000001,low
ORD100043,2023-11-19,Rahul Pillai,34.0,Male,Chandigarh,Grocery,Assorted Dry Fruits,2.0,174.61,5.0,3.0,UPI,0.0,100.0,,Defective Product,2023,November,Sunday,4,431.759,low
ORD102390,2024-02-19,Myra Rao,46.0,Female,Jaipur,Apparel,Woolen Sweater,1.0,537.59,15.0,5.0,Credit Card,4.0,0.0,,,2024,February,Monday,1,456.9515,low
ORD100738,2023-11-15,Rahul Chopra,44.0,Male,Mumbai,Electronics,Smartwatch Band,3.0,1887.57,20.0,4.0,Credit Card,5.0,80.0,,,2023,November,Wednesday,4,4610.168000000001,low
ORD100032,2023-03-25,Sara Mehta,25.0,Male,Mumbai,Home & Kitchen,LED Table Lamp,2.0,330.37,15.0,9.0,Credit Card,3.0,100.0,,Changed Mind,2023,March,Saturday,1,661.629,low
ORD100470,2024-12-27,Kavya Shah,34.0,Male,Nagpur,Beauty & Personal Care,Face Wash 100ml,4.0,419.91,0.0,5.0,Credit Card,5.0,0.0,FLAT100,,2024,December,Friday,4,1679.64,low
ORD100471,2023-11-21,Sara Mehta,17.0,Female,Bengaluru,Apparel,Women Kurti,1.0,1465.8,5.0,4.0,Debit Card,2.0,0.0,,,2023,November,Tuesday,4,1392.51,low
ORD100421,2024-01-03,Ishita Singh,32.0,Male,Pune,Apparel,Formal Shirt,2.0,1211.83,20.0,5.0,Cash on Delivery,5.0,0.0,WELCOME50,,2024,January,Wednesday,1,1938.9279999999999,low
ORD101759,2024-06-13,Myra Mehta,41.0,Female,Lucknow,Apparel,Women Kurti,3.0,316.43,10.0,6.0,UPI,3.0,80.0,,,2024,June,Thursday,2,934.361,low
ORD102281,2023-11-18,Reyansh Pillai,32.0,Female,Nagpur,Apparel,Kids Hoodie,2.0,973.87,0.0,2.0,UPI,4.0,0.0,,,2023,November,Saturday,4,1947.74,low
ORD101642,2024-02-12,Sara Deshmukh,36.0,Female,Kochi,Home & Kitchen,LED Table Lamp,1.0,1604.54,20.0,3.0,UPI,5.0,0.0,WELCOME50,,2024,February,Monday,1,1283.632,low
ORD101538,2024-10-05,Diya Agarwal,34.0,Male,Bengaluru,Grocery,Spices Combo Pack,1.0,311.78,15.0,7.0,Debit Card,0.0,40.0,,Wrong Item Delivered,2024,October,Saturday,4,305.013,low
ORD102178,2024-07-24,Ananya Chopra,32.0,Male,Mumbai,Electronics,Smartphone Cover,1.0,1678.4,0.0,3.0,Credit Card,4.0,100.0,WELCOME50,,2024,July,Wednesday,3,1778.4,low
ORD102777,2025-04-02,Karan Patel,34.0,Female,Pune,Electronics,Power Bank 10000mAh,2.0,2280.33,10.0,5.0,Debit Card,0.0,150.0,FEST20,,2025,April,Wednesday,2,4254.594,low
ORD102750,2023-08-12,Vivaan Reddy,53.0,Female,Jaipur,Apparel,Woolen Sweater,3.0,1310.78,25.0,5.0,Debit Card,5.0,40.0,,Wrong Item Delivered,2023,August,Saturday,3,2989.255,low
ORD101706,2025-06-14,Sai Joshi,34.0,Female,Pune,Home & Kitchen,Cotton Bedsheet Set,1.0,1623.29,15.0,2.0,Credit Card,5.0,0.0,,,2025,June,Saturday,2,1379.7965,low
ORD100905,2024-12-16,Karan Menon,20.0,Male,Ahmedabad,Grocery,Honey 500g,3.0,619.65,0.0,4.0,Credit Card,0.0,40.0,SAVE10,,2024,December,Monday,4,1898.9499999999998,low
ORD101109,2023-10-09,Krishna Mehta,42.0,Female,Indore,Home & Kitchen,Cotton Bedsheet Set,3.0,1123.21,5.0,6.0,UPI,4.0,150.0,,,2023,October,Monday,4,3351.1485,low
ORD102860,2023-06-26,Ananya Verma,28.0,Male,Chennai,Electronics,Power Bank 10000mAh,3.0,987.99,10.0,4.0,Debit Card,3.0,150.0,,Wrong Item Delivered,2023,June,Monday,2,2817.5730000000003,low
ORD101678,2025-04-21,Anika Deshmukh,30.0,Female,Lucknow,Electronics,Portable Speaker,3.0,2426.88,0.0,3.0,Net Banking,5.0,0.0,,,2025,April,Monday,2,4807.712,low
ORD101127,2024-08-03,Pari Deshmukh,41.0,Male,Kolkata,Home & Kitchen,Wall Clock,2.0,818.08,20.0,8.0,UPI,0.0,0.0,,,2024,August,Saturday,3,1308.928,low
ORD100464,2023-01-06,Rahul Joshi,39.0,Female,Indore,Beauty & Personal Care,Lip Balm Pack,2.0,683.48,0.0,8.0,UPI,0.0,100.0,FLAT100,,2023,January,Friday,1,1466.96,low
ORD101389,2025-04-08,Sara Patel,34.0,Male,Nagpur,Electronics,Wireless Mouse,3.0,777.66,0.0,7.0,Cash on Delivery,2.0,60.0,,,2025,April,Tuesday,2,2392.98,low
ORD101305,2024-09-03,Pooja Pillai,19.0,Female,Chandigarh,Electronics,Bluetooth Earbuds,2.0,863.56,25.0,5.0,Credit Card,4.0,0.0,,,2024,September,Tuesday,3,1295.34,low
ORD100577,2024-04-22,Kavya Chopra,30.0,Female,Mumbai,Electronics,Smartwatch Band,1.0,898.73,10.0,9.0,Debit Card,0.0,0.0,FLAT100,,2024,April,Monday,2,808.8570000000001,low
ORD101039,2024-11-20,Arjun Chopra,33.0,Male,Delhi,Apparel,Denim Jeans,2.0,1210.17,10.0,5.0,Debit Card,0.0,60.0,,Late Delivery,2024,November,Wednesday,4,2238.306,low
ORD100667,2024-12-15,Nikhil Rao,32.0,Female,Bengaluru,Electronics,Smartphone Cover,1.0,853.17,0.0,2.0,UPI,3.0,0.0,,,2024,December,Sunday,4,853.17,low
ORD102284,2024-09-12,Vihaan Deshmukh,49.0,Male,Chennai,Beauty & Personal Care,Hair Oil 200ml,5.0,620.71,0.0,3.0,Credit Card,0.0,0.0,,,2024,September,Thursday,3,3103.55,low
ORD101792,2023-11-10,Ananya Nair,35.0,Male,Hyderabad,Apparel,Men Cotton T-Shirt,4.0,426.65,5.0,4.0,UPI,0.0,100.0,,,2023,November,Friday,4,1721.2699999999998,low
ORD101146,2024-04-29,Aditya Singh,28.0,Male,Kochi,Footwear,Casual Sneakers,1.0,1009.17,5.0,5.0,UPI,5.0,80.0,,,2024,April,Monday,2,1038.7115,low
ORD100997,2023-11-25,Vihaan Joshi,23.0,Male,Lucknow,Home & Kitchen,Kitchen Organizer,1.0,1383.37,5.0,8.0,Debit Card,4.0,100.0,FLAT100,,2023,November,Saturday,4,1414.2015,low
ORD101336,2023-12-25,Rahul Kulkarni,37.0,Male,Mumbai,Apparel,Sports Track Pant,2.0,1103.87,0.0,3.0,Credit Card,0.0,0.0,,,2023,December,Monday,4,2207.74,low
ORD100983,2024-08-13,Kabir Rao,32.0,Female,Surat,Grocery,Spices Combo Pack,3.0,692.67,0.0,6.0,UPI,4.0,0.0,,,2024,August,Tuesday,3,2078.0099999999998,low
ORD101514,2023-08-13,Diya Chopra,40.0,Male,Bengaluru,Electronics,LED Bulb Smart,2.0,1085.43,30.0,8.0,UPI,3.0,40.0,,,2023,August,Sunday,3,1559.602,low
ORD102499,2024-11-26,Arjun Verma,35.0,Male,Lucknow,Beauty & Personal Care,Sunscreen SPF50,2.0,878.76,0.0,6.0,Credit Card,0.0,100.0,,,2024,November,Tuesday,4,1857.52,low
ORD100979,2024-05-30,Vivaan Kulkarni,24.0,Male,Mumbai,Electronics,Smartwatch Band,1.0,1887.6,15.0,7.0,Cash on Delivery,4.0,0.0,,,2024,May,Thursday,2,1604.4599999999998,low
ORD101347,2024-09-30,Anika Pillai,28.0,Male,Hyderabad,Apparel,Woolen Sweater,3.0,1207.76,5.0,6.0,Debit Card,3.0,0.0,,,2024,September,Monday,3,3442.1159999999995,low
ORD102015,2023-10-18,Neha Reddy,35.0,Male,Bengaluru,Beauty & Personal Care,Beard Trimmer,1.0,799.59,25.0,5.0,UPI,5.0,0.0,,,2023,October,Wednesday,4,599.6925,low
ORD101502,2023-07-28,Reyansh Kapoor,47.0,Female,Jaipur,Electronics,Wireless Mouse,1.0,1945.4,0.0,2.0,UPI,2.0,80.0,SAVE10,,2023,July,Friday,3,2025.4,low
ORD100048,2024-09-09,Ishita Iyer,31.0,Male,Pune,Apparel,Formal Shirt,3.0,1042.39,0.0,9.0,UPI,0.0,0.0,,,2024,September,Monday,3,3127.17,low
ORD102517,2024-04-24,Navya Gupta,34.0,Male,Lucknow,Footwear,Running Shoes,1.0,1165.85,0.0,2.0,Credit Card,2.0,0.0,,,2024,April,Wednesday,2,1165.85,low
ORD101171,2024-07-28,Ishaan Pillai,32.0,Female,Delhi,Grocery,Spices Combo Pack,1.0,378.77,0.0,7.0,UPI,5.0,0.0,,Wrong Item Delivered,2024,July,Sunday,3,378.77,low
ORD101429,2024-12-18,Pari Kulkarni,26.0,Female,Delhi,Grocery,Whole Wheat Atta 5kg,2.0,80.88,0.0,9.0,Net Banking,5.0,0.0,,,2024,December,Wednesday,4,161.76,low
ORD101720,2023-03-22,Priya Sharma,45.0,Female,Chandigarh,Apparel,Women Kurti,2.0,1130.01,10.0,4.0,Debit Card,4.0,0.0,,,2023,March,Wednesday,1,2034.018,low
ORD100432,2023-10-15,Ishita Deshmukh,26.0,Male,Pune,Beauty & Personal Care,Beard Trimmer,2.0,523.22,25.0,7.0,Debit Card,5.0,0.0,,,2023,October,Sunday,4,784.83,low
ORD100786,2023-01-30,Sara Chopra,19.0,Female,Jaipur,Grocery,Spices Combo Pack,1.0,622.83,5.0,6.0,UPI,3.0,0.0,,,2023,January,Monday,1,591.6885,low
ORD101763,2024-10-12,Vivaan Shah,28.0,Male,Bengaluru,Apparel,Formal Shirt,1.0,929.9,30.0,3.0,UPI,1.0,0.0,,,2024,October,Saturday,4,650.93,low
ORD100124,2025-02-17,Diya Joshi,47.0,Male,Lucknow,Home & Kitchen,Storage Container Set,1.0,459.32,15.0,6.0,UPI,3.0,0.0,,,2025,February,Monday,1,390.42199999999997,low
ORD100065,2024-01-15,Navya Gupta,34.0,Male,Jaipur,Apparel,Formal Shirt,1.0,876.46,0.0,3.0,UPI,3.0,0.0,,,2024,January,Monday,1,876.46,low
ORD102006,2023-10-14,Reyansh Bhat,21.0,Male,Bengaluru,Home & Kitchen,Non-Stick Pan,4.0,237.41,10.0,6.0,Credit Card,5.0,40.0,,,2023,October,Saturday,4,894.676,low
ORD101242,2025-05-27,Arjun Kulkarni,49.0,Male,Mumbai,Grocery,Basmati Rice 5kg,3.0,356.69,15.0,2.0,UPI,2.0,60.0,,,2025,May,Tuesday,2,969.5595,low
ORD101968,2025-02-03,Pooja Pillai,38.0,Female,Kolkata,Electronics,Portable Speaker,2.0,2175.25,15.0,5.0,Credit Card,0.0,40.0,NEWUSER15,,2025,February,Monday,1,3737.9249999999997,low
ORD102556,2024-12-28,Priya Chopra,30.0,Male,Jaipur,Electronics,Smartphone Cover,3.0,904.51,20.0,7.0,UPI,5.0,150.0,,,2024,December,Saturday,4,2320.824,low
ORD101787,2024-01-21,Kavya Singh,46.0,Female,Lucknow,Home & Kitchen,Cotton Bedsheet Set,1.0,953.11,5.0,4.0,Debit Card,4.0,40.0,,,2024,January,Sunday,1,945.4544999999999,low
ORD100780,2024-10-06,Navya Verma,41.0,Female,Pune,Home & Kitchen,Storage Container Set,2.0,1353.65,0.0,7.0,UPI,5.0,0.0,,Size Issue,2024,October,Sunday,4,2707.3,low
ORD101371,2023-11-09,Vivaan Singh,29.0,Male,Kolkata,Grocery,Assorted Dry Fruits,2.0,304.34,15.0,8.0,UPI,4.0,60.0,,,2023,November,Thursday,4,577.3779999999999,low
ORD100129,2024-08-01,Ishita Menon,26.0,Male,Lucknow,Grocery,Green Tea Pack,1.0,559.08,20.0,5.0,Net Banking,5.0,0.0,FEST20,,2024,August,Thursday,3,447.26400000000007,low
ORD101228,2023-05-21,Priya Mehta,39.0,Male,Kolkata,Grocery,Cooking Oil 1L,1.0,250.24,5.0,9.0,UPI,1.0,60.0,FLAT100,,2023,May,Sunday,2,297.728,low
ORD101435,2023-04-03,Navya Patel,34.0,Female,Mumbai,Electronics,USB-C Cable,5.0,1317.28,0.0,8.0,UPI,2.0,0.0,,,2023,April,Monday,2,4807.712,low
ORD101418,2025-02-23,Ishaan Agarwal,30.0,Male,Lucknow,Beauty & Personal Care,Sunscreen SPF50,1.0,527.99,5.0,3.0,UPI,0.0,0.0,,,2025,February,Sunday,1,501.59049999999996,low
ORD101675,2025-06-14,Priya Bhat,40.0,Female,Delhi,Apparel,Formal Shirt,2.0,458.69,5.0,3.0,UPI,0.0,150.0,WELCOME50,,2025,June,Saturday,2,1021.511,low
ORD102992,2024-01-14,Aadhya Reddy,25.0,Male,Chandigarh,Electronics,LED Bulb Smart,1.0,2462.54,15.0,2.0,Credit Card,4.0,0.0,,,2024,January,Sunday,1,2093.159,low
ORD102516,2024-09-22,Kavya Bhat,41.0,Male,Surat,Electronics,Power Bank 10000mAh,2.0,1699.86,30.0,7.0,Net Banking,0.0,0.0,NEWUSER15,,2024,September,Sunday,3,2379.8039999999996,low
ORD102077,2024-02-05,Navya Singh,50.0,Female,Delhi,Grocery,Honey 500g,1.0,228.27,20.0,3.0,Net Banking,5.0,0.0,,,2024,February,Monday,1,182.616,low
ORD102961,2023-11-19,Diya Nair,36.0,Other,Lucknow,Electronics,Portable Speaker,5.0,1456.13,0.0,9.0,UPI,4.0,40.0,,,2023,November,Sunday,4,4807.712,low
ORD102855,2023-03-12,Pari Kulkarni,25.0,Male,Bengaluru,Beauty & Personal Care,Beard Trimmer,2.0,222.26,10.0,4.0,Cash on Delivery,5.0,0.0,NEWUSER15,,2023,March,Sunday,1,400.068,low
ORD102684,2024-04-05,Amit Iyer,33.0,Female,Lucknow,Grocery,Green Tea Pack,5.0,495.73,0.0,3.0,Debit Card,5.0,80.0,,,2024,April,Friday,2,2558.65,low
ORD101122,2023-09-02,Myra Sharma,51.0,Male,Ahmedabad,Home & Kitchen,Kitchen Organizer,1.0,700.12,5.0,8.0,Credit Card,2.0,0.0,,,2023,September,Saturday,3,665.1139999999999,low
ORD102324,2023-11-22,Sneha Kapoor,46.0,Male,Chandigarh,Apparel,Sports Track Pant,2.0,856.94,30.0,6.0,UPI,3.0,0.0,,,2023,November,Wednesday,4,1199.716,low
ORD100237,2024-01-26,Kabir Singh,37.0,Male,Mumbai,Grocery,Assorted Dry Fruits,1.0,470.27,0.0,9.0,Cash on Delivery,3.0,0.0,,,2024,January,Friday,1,470.27,low
ORD101793,2023-09-11,Nikhil Reddy,26.0,Male,Kolkata,Apparel,Men Cotton T-Shirt,3.0,488.61,10.0,7.0,Cash on Delivery,4.0,150.0,FEST20,,2023,September,Monday,3,1469.247,low
ORD102333,2025-01-19,Sneha Deshmukh,34.0,Female,Surat,Electronics,Bluetooth Earbuds,1.0,718.44,0.0,6.0,Credit Card,3.0,40.0,,,2025,January,Sunday,1,758.44,low
ORD101271,2023-04-10,Priya Rao,37.0,Female,Chandigarh,Beauty & Personal Care,Sunscreen SPF50,1.0,876.15,20.0,3.0,Credit Card,0.0,40.0,,,2023,April,Monday,2,740.9200000000001,low
ORD102875,2024-04-14,Diya Patel,34.0,Male,Kochi,Apparel,Ethnic Saree,4.0,727.95,30.0,4.0,Credit Card,4.0,0.0,,,2024,April,Sunday,2,2038.26,low
ORD101591,2023-11-12,Aarav Sharma,43.0,Male,Surat,Electronics,Power Bank 10000mAh,2.0,2020.21,10.0,5.0,Credit Card,4.0,0.0,,,2023,November,Sunday,4,3636.378,low
ORD100898,2023-10-24,Amit Pillai,46.0,Male,Lucknow,Electronics,Power Bank 10000mAh,4.0,1438.79,0.0,9.0,UPI,0.0,40.0,FLAT100,,2023,October,Tuesday,4,4807.712,low
ORD101771,2023-12-10,Sneha Verma,35.0,Female,Indore,Electronics,USB-C Cable,4.0,1779.34,30.0,2.0,UPI,4.0,60.0,,,2023,December,Sunday,4,4807.712,low
ORD100762,2025-05-14,Sara Verma,40.0,Female,Indore,Home & Kitchen,Steel Water Bottle,1.0,477.83,40.0,8.0,Debit Card,4.0,60.0,,,2025,May,Wednesday,2,346.698,low
ORD100369,2023-01-12,Sara Sharma,38.0,Male,Lucknow,Home & Kitchen,Wall Clock,1.0,1387.68,10.0,9.0,Credit Card,5.0,60.0,,,2023,January,Thursday,1,1308.912,low
ORD100522,2023-06-25,Kabir Sharma,52.0,Female,Lucknow,Electronics,Wireless Mouse,1.0,1358.32,10.0,6.0,Credit Card,4.0,80.0,,,2023,June,Sunday,2,1302.488,low
ORD101235,2023-11-12,Priya Patel,34.0,Male,Pune,Beauty & Personal Care,Lip Balm Pack,2.0,457.33,5.0,8.0,UPI,4.0,0.0,,,2023,November,Sunday,4,868.9269999999999,low
ORD100075,2024-03-09,Amit Sharma,25.0,Female,Mumbai,Beauty & Personal Care,Beard Trimmer,3.0,491.94,40.0,4.0,Net Banking,5.0,0.0,,,2024,March,Saturday,1,885.492,low
ORD102939,2023-06-03,Arjun Iyer,38.0,Female,Ahmedabad,Home & Kitchen,Cotton Bedsheet Set,2.0,1686.46,0.0,3.0,Debit Card,5.0,40.0,,,2023,June,Saturday,2,3412.92,low
ORD100054,2024-03-29,Neha Joshi,33.0,Male,Surat,Apparel,Woolen Sweater,1.0,1036.68,0.0,6.0,Net Banking,1.0,100.0,FEST20,,2024,March,Friday,1,1136.68,low
ORD100266,2024-02-12,Ishaan Pillai,32.0,Male,Chennai,Electronics,Portable Speaker,4.0,1406.15,0.0,9.0,UPI,5.0,150.0,,,2024,February,Monday,1,4807.712,low
ORD102628,2024-07-15,Navya Kapoor,28.0,Female,Chennai,Apparel,Men Cotton T-Shirt,1.0,1353.63,40.0,2.0,Debit Card,5.0,80.0,WELCOME50,,2024,July,Monday,3,892.178,low
ORD101691,2024-01-08,Sara Menon,41.0,Male,Ahmedabad,Beauty & Personal Care,Hair Oil 200ml,1.0,219.38,15.0,2.0,UPI,3.0,150.0,,,2024,January,Monday,1,336.47299999999996,low
ORD101852,2024-02-18,Arjun Verma,38.0,Male,Indore,Beauty & Personal Care,Perfume 50ml,1.0,838.19,10.0,7.0,Debit Card,5.0,80.0,,Changed Mind,2024,February,Sunday,1,834.3710000000001,low
ORD102989,2024-01-26,Vihaan Agarwal,52.0,Male,Jaipur,Electronics,Wireless Mouse,3.0,1853.25,5.0,7.0,UPI,4.0,60.0,WELCOME50,,2024,January,Friday,1,4807.712,low
ORD100382,2025-05-13,Krishna Nair,32.0,Male,Nagpur,Grocery,Spices Combo Pack,1.0,106.37,10.0,7.0,Debit Card,4.0,0.0,,,2025,May,Tuesday,2,95.733,low
ORD102903,2024-07-16,Ishita Patel,34.0,Female,Jaipur,Footwear,Formal Leather Shoes,2.0,1825.57,0.0,5.0,UPI,4.0,0.0,NEWUSER15,,2024,July,Tuesday,3,3651.14,low
ORD101980,2024-08-22,Neha Nair,45.0,Male,Delhi,Apparel,Woolen Sweater,1.0,662.63,10.0,3.0,Cash on Delivery,3.0,0.0,,Late Delivery,2024,August,Thursday,3,596.367,low
ORD102834,2023-01-24,Aarav Iyer,38.0,Female,Chennai,Home & Kitchen,Storage Container Set,1.0,889.52,0.0,4.0,UPI,5.0,0.0,,,2023,January,Tuesday,1,889.52,low
ORD102329,2023-05-14,Nikhil Rao,43.0,Female,Lucknow,Electronics,Smartphone Cover,3.0,2023.82,25.0,8.0,UPI,0.0,0.0,SAVE10,,2023,May,Sunday,2,4553.595,low
ORD101769,2024-12-10,Neha Nair,25.0,Female,Chandigarh,Apparel,Men Cotton T-Shirt,2.0,965.25,10.0,9.0,UPI,3.0,60.0,,,2024,December,Tuesday,4,1797.45,low
ORD100835,2023-01-04,Reyansh Deshmukh,34.0,Male,Lucknow,Apparel,Ethnic Saree,4.0,1164.32,5.0,5.0,Credit Card,5.0,150.0,,,2023,January,Wednesday,1,4574.415999999999,low
ORD102934,2025-01-06,Ananya Sharma,35.0,Female,Ahmedabad,Electronics,Wireless Mouse,2.0,1474.38,15.0,8.0,Credit Card,5.0,0.0,,,2025,January,Monday,1,2506.446,low
ORD100463,2024-01-17,Vivaan Deshmukh,30.0,Male,Chandigarh,Apparel,Sports Track Pant,4.0,1279.32,10.0,9.0,Debit Card,0.0,0.0,,,2024,January,Wednesday,1,4605.552,low
ORD101820,2023-10-12,Pooja Iyer,42.0,Male,Bengaluru,Apparel,Men Cotton T-Shirt,3.0,1401.15,30.0,8.0,UPI,3.0,60.0,,Changed Mind,2023,October,Thursday,4,3002.4150000000004,low
ORD102814,2023-07-02,Riya Deshmukh,38.0,Female,Chandigarh,Grocery,Green Tea Pack,2.0,524.0,25.0,6.0,Credit Card,4.0,0.0,,,2023,July,Sunday,3,786.0,low
ORD101352,2024-12-06,Amit Nair,27.0,Female,Delhi,Electronics,Wireless Mouse,4.0,558.75,20.0,5.0,Cash on Delivery,0.0,60.0,,,2024,December,Friday,4,1848.0,low
ORD101906,2023-12-26,Kavya Gupta,37.0,Male,Jaipur,Beauty & Personal Care,Sunscreen SPF50,2.0,532.59,15.0,2.0,Debit Card,4.0,0.0,,Changed Mind,2023,December,Tuesday,4,905.403,low
ORD101385,2023-08-03,Neha Gupta,43.0,Male,Nagpur,Grocery,Cooking Oil 1L,1.0,272.79,42.5,4.0,UPI,3.0,150.0,,,2023,August,Thursday,3,286.395,low
ORD101784,2024-10-24,Pari Verma,38.0,Female,Kolkata,Grocery,Basmati Rice 5kg,4.0,550.81,5.0,6.0,Credit Card,3.0,40.0,,,2024,October,Thursday,4,2133.0779999999995,low
ORD101257,2024-05-21,Pari Chopra,38.0,Other,Kolkata,Home & Kitchen,LED Table Lamp,1.0,931.6,20.0,6.0,Credit Card,2.0,0.0,,,2024,May,Tuesday,2,745.2800000000001,low
ORD101202,2025-06-16,Amit Agarwal,32.0,Male,Surat,Beauty & Personal Care,Lip Balm Pack,1.0,410.69,0.0,9.0,Credit Card,5.0,60.0,WELCOME50,Quality Not as Expected,2025,June,Monday,2,470.69,low
ORD100595,2024-12-31,Arjun Chopra,30.0,Male,Chandigarh,Footwear,Flip Flops,2.0,1328.41,10.0,5.0,Cash on Delivery,5.0,0.0,,,2024,December,Tuesday,4,2391.1380000000004,low
ORD101615,2024-01-04,Vihaan Kulkarni,30.0,Male,Bengaluru,Beauty & Personal Care,Beard Trimmer,2.0,357.17,0.0,5.0,Credit Card,0.0,0.0,SAVE10,Defective Product,2024,January,Thursday,1,714.34,low
ORD101229,2023-09-20,Ishita Mehta,23.0,Female,Kolkata,Footwear,Running Shoes,2.0,1348.34,5.0,9.0,UPI,4.0,0.0,,,2023,September,Wednesday,3,2561.8459999999995,low
ORD101898,2024-11-11,Amit Shah,29.0,Male,Hyderabad,Electronics,Power Bank 10000mAh,3.0,2307.26,0.0,3.0,Credit Card,4.0,100.0,,,2024,November,Monday,4,4807.712,low
ORD102300,2023-09-01,Sara Chopra,43.0,Female,Mumbai,Electronics,LED Bulb Smart,1.0,2094.91,0.0,9.0,Cash on Delivery,0.0,0.0,,,2023,September,Friday,3,2094.91,low
ORD101892,2025-03-11,Kabir Shah,41.0,Male,Indore,Footwear,Formal Leather Shoes,3.0,2091.36,0.0,6.0,Cash on Delivery,2.0,40.0,,,2025,March,Tuesday,1,4807.712,low
ORD100367,2023-10-15,Sai Sharma,30.0,Male,Bengaluru,Electronics,Smartwatch Band,1.0,1979.66,20.0,8.0,UPI,0.0,0.0,NEWUSER15,,2023,October,Sunday,4,1583.728,low
ORD102607,2024-10-07,Anika Nair,38.0,Female,Chandigarh,Footwear,Formal Leather Shoes,1.0,1083.75,0.0,5.0,UPI,5.0,0.0,,,2024,October,Monday,4,1083.75,low
ORD101090,2024-04-03,Sai Shah,34.0,Male,Lucknow,Grocery,Cooking Oil 1L,4.0,468.49,0.0,6.0,UPI,5.0,0.0,,,2024,April,Wednesday,2,1873.96,low
ORD100097,2024-09-13,Pari Deshmukh,46.0,Male,Ahmedabad,Home & Kitchen,Storage Container Set,2.0,953.06,10.0,5.0,Debit Card,2.0,150.0,,,2024,September,Friday,3,1865.508,low
ORD101747,2023-11-22,Kabir Iyer,19.0,Male,Surat,Beauty & Personal Care,Herbal Shampoo,3.0,798.16,0.0,4.0,Net Banking,5.0,0.0,WELCOME50,,2023,November,Wednesday,4,2394.48,low
ORD102440,2023-11-27,Sara Chopra,22.0,Male,Ahmedabad,Apparel,Denim Jeans,4.0,439.11,15.0,9.0,UPI,5.0,40.0,,,2023,November,Monday,4,1532.974,low
ORD101509,2024-09-14,Ananya Pillai,34.0,Female,Lucknow,Apparel,Women Kurti,3.0,1237.0,0.0,3.0,UPI,0.0,40.0,,Quality Not as Expected,2024,September,Saturday,3,3751.0,low
ORD100381,2025-05-03,Ananya Kulkarni,29.0,Female,Mumbai,Footwear,Running Shoes,5.0,1283.48,25.0,2.0,Net Banking,5.0,0.0,,Defective Product,2025,May,Saturday,2,4807.712,low
ORD102938,2025-04-02,Kavya Shah,23.0,Female,Kolkata,Electronics,Wireless Mouse,1.0,2412.98,10.0,9.0,Net Banking,4.0,80.0,,,2025,April,Wednesday,2,2251.6820000000002,low
ORD102170,2023-01-20,Anika Kapoor,32.0,Female,Indore,Electronics,LED Bulb Smart,1.0,531.16,10.0,8.0,UPI,3.0,60.0,FLAT100,,2023,January,Friday,1,538.044,low
ORD100028,2024-05-11,Sara Kulkarni,29.0,Male,Lucknow,Apparel,Ethnic Saree,2.0,347.83,10.0,6.0,UPI,0.0,0.0,NEWUSER15,Quality Not as Expected,2024,May,Saturday,2,626.0939999999999,low
ORD100447,2025-05-20,Riya Iyer,56.5,Female,Bengaluru,Electronics,LED Bulb Smart,3.0,828.96,0.0,2.0,UPI,1.0,150.0,,Changed Mind,2025,May,Tuesday,2,2636.88,low
ORD102432,2023-05-29,Karan Deshmukh,33.0,Female,Pune,Home & Kitchen,Storage Container Set,1.0,584.54,5.0,9.0,UPI,4.0,0.0,,,2023,May,Monday,2,555.313,low
ORD100820,2023-01-22,Ishaan Menon,29.0,Female,Indore,Grocery,Spices Combo Pack,2.0,279.14,20.0,6.0,UPI,2.0,0.0,,,2023,January,Sunday,1,446.624,low
ORD102568,2023-12-12,Arjun Mehta,36.0,Female,Lucknow,Electronics,LED Bulb Smart,1.0,1540.4,0.0,8.0,Credit Card,5.0,100.0,,,2023,December,Tuesday,4,1640.4,low
ORD101910,2023-12-10,Sai Deshmukh,48.0,Female,Indore,Footwear,Sandals,3.0,415.29,10.0,4.0,UPI,5.0,0.0,,,2023,December,Sunday,4,1121.2830000000001,low
ORD101261,2025-04-22,Vivaan Shah,40.0,Female,Lucknow,Electronics,Smartwatch Band,1.0,1006.12,20.0,7.0,Debit Card,3.0,0.0,SAVE10,,2025,April,Tuesday,2,804.8960000000001,low
ORD101104,2023-10-07,Amit Joshi,25.0,Female,Chennai,Grocery,Whole Wheat Atta 5kg,3.0,516.13,5.0,8.0,UPI,5.0,60.0,FEST20,Wrong Item Delivered,2023,October,Saturday,4,1530.9705,low
ORD102571,2025-04-29,Krishna Patel,38.0,Female,Jaipur,Apparel,Women Kurti,1.0,955.7,0.0,5.0,Net Banking,4.0,0.0,SAVE10,,2025,April,Tuesday,2,955.7,low
ORD100721,2025-04-28,Kabir Reddy,30.0,Male,Kochi,Grocery,Spices Combo Pack,2.0,612.54,40.0,8.0,UPI,5.0,0.0,,,2025,April,Monday,2,735.0479999999999,low
ORD101188,2024-10-11,Ishaan Shah,19.0,Male,Hyderabad,Grocery,Basmati Rice 5kg,2.0,644.82,0.0,7.0,UPI,5.0,0.0,,,2024,October,Friday,4,1289.64,low
ORD101475,2023-10-03,Rahul Sharma,26.0,Female,Surat,Beauty & Personal Care,Face Wash 100ml,1.0,146.53,10.0,6.0,Cash on Delivery,3.0,0.0,,,2023,October,Tuesday,4,131.877,low
ORD102962,2025-06-05,Aadhya Kapoor,33.0,Female,Pune,Electronics,Bluetooth Earbuds,1.0,1617.55,20.0,7.0,UPI,5.0,60.0,,,2025,June,Thursday,2,1354.04,low
ORD101153,2025-04-08,Rohan Bhat,39.0,Female,Chandigarh,Apparel,Woolen Sweater,2.0,366.79,15.0,3.0,Cash on Delivery,5.0,0.0,NEWUSER15,,2025,April,Tuesday,2,623.543,low
ORD102897,2023-12-24,Reyansh Chopra,42.0,Male,Ahmedabad,Grocery,Cooking Oil 1L,2.0,599.32,0.0,9.0,UPI,3.0,0.0,,,2023,December,Sunday,4,1198.64,low
ORD100779,2025-02-13,Myra Pillai,34.0,Male,Bengaluru,Apparel,Sports Track Pant,1.0,432.01,25.0,5.0,Credit Card,4.0,100.0,NEWUSER15,,2025,February,Thursday,1,424.0075,low
ORD101023,2023-11-14,Nikhil Gupta,34.0,Male,Delhi,Footwear,Sandals,2.0,1849.27,10.0,3.0,UPI,0.0,150.0,,,2023,November,Tuesday,4,3478.686,low
ORD100004,2024-01-30,Pari Nair,43.0,Male,Bengaluru,Apparel,Men Cotton T-Shirt,3.0,947.26,0.0,4.0,UPI,3.0,0.0,FEST20,,2024,January,Tuesday,1,2841.7799999999997,low
ORD102018,2024-10-17,Priya Sharma,36.0,Female,Jaipur,Electronics,Portable Speaker,4.0,1463.68,0.0,7.0,Credit Card,4.0,100.0,,,2024,October,Thursday,4,4807.712,low
ORD102388,2025-05-20,Nikhil Gupta,28.0,Female,Lucknow,Apparel,Ethnic Saree,2.0,445.41,25.0,6.0,Cash on Delivery,4.0,0.0,,,2025,May,Tuesday,2,668.115,low
ORD102965,2024-11-24,Karan Singh,44.0,Male,Surat,Apparel,Women Kurti,1.0,975.82,5.0,8.0,Credit Card,4.0,0.0,,,2024,November,Sunday,4,927.029,low
ORD100516,2025-03-14,Arjun Bhat,43.0,Male,Mumbai,Apparel,Woolen Sweater,1.0,666.56,0.0,8.0,Debit Card,4.0,0.0,,,2025,March,Friday,1,666.56,low
ORD102261,2025-06-29,Rohan Singh,18.0,Female,Kolkata,Apparel,Men Cotton T-Shirt,5.0,724.52,15.0,5.0,Debit Card,3.0,0.0,,,2025,June,Sunday,2,3079.21,low
ORD102820,2023-11-25,Vivaan Iyer,42.0,Female,Delhi,Electronics,USB-C Cable,2.0,2409.0,20.0,2.0,UPI,0.0,0.0,,,2023,November,Saturday,4,3854.4,low
ORD102761,2024-01-28,Krishna Nair,50.0,Female,Kochi,Grocery,Whole Wheat Atta 5kg,1.0,172.11,15.0,7.0,UPI,0.0,40.0,,,2024,January,Sunday,1,186.2935,low
ORD100350,2024-12-09,Amit Deshmukh,47.0,Male,Ahmedabad,Beauty & Personal Care,Face Wash 100ml,1.0,794.48,0.0,4.0,Credit Card,2.0,0.0,WELCOME50,,2024,December,Monday,4,794.48,low
ORD101222,2025-05-25,Pari Reddy,45.0,Other,Indore,Electronics,Bluetooth Earbuds,1.0,1288.36,10.0,4.0,UPI,1.0,100.0,,,2025,May,Sunday,2,1259.524,low
ORD102585,2024-05-20,Kabir Shah,31.0,Male,Pune,Grocery,Cooking Oil 1L,3.0,631.04,25.0,4.0,Credit Card,4.0,0.0,FEST20,,2024,May,Monday,2,1419.84,low
ORD102075,2024-01-07,Pari Verma,39.0,Female,Pune,Electronics,Smartwatch Band,4.0,895.27,20.0,7.0,UPI,5.0,100.0,,,2024,January,Sunday,1,2964.864,low
ORD100660,2023-06-10,Vihaan Verma,22.0,Female,Chandigarh,Home & Kitchen,Steel Water Bottle,1.0,1179.71,30.0,5.0,Credit Card,4.0,60.0,,,2023,June,Saturday,2,885.797,low
ORD102773,2023-11-07,Kabir Pillai,34.0,Male,Nagpur,Beauty & Personal Care,Body Lotion,1.0,256.95,30.0,4.0,UPI,2.0,40.0,,,2023,November,Tuesday,4,219.86499999999998,low
ORD102205,2024-12-27,Nikhil Kulkarni,38.0,Female,Lucknow,Apparel,Formal Shirt,5.0,505.05,0.0,9.0,UPI,4.0,40.0,FLAT100,,2024,December,Friday,4,2565.25,low
ORD100899,2024-07-15,Sneha Verma,36.0,Female,Pune,Home & Kitchen,Non-Stick Pan,1.0,892.41,20.0,8.0,UPI,4.0,80.0,,,2024,July,Monday,3,793.928,low
ORD102182,2024-12-01,Kabir Kapoor,27.0,Male,Kochi,Electronics,Power Bank 10000mAh,1.0,777.17,15.0,7.0,Cash on Delivery,4.0,60.0,,,2024,December,Sunday,4,720.5944999999999,low
ORD100158,2024-04-05,Myra Sharma,29.0,Female,Indore,Footwear,Sandals,1.0,1271.23,15.0,4.0,UPI,3.0,100.0,FLAT100,Size Issue,2024,April,Friday,2,1180.5455,low
ORD100383,2023-08-08,Ishaan Sharma,34.0,Male,Ahmedabad,Electronics,Power Bank 10000mAh,1.0,2445.23,20.0,7.0,UPI,0.0,80.0,,,2023,August,Tuesday,3,2036.1840000000002,low
ORD102143,2024-07-09,Sai Joshi,52.0,Male,Bengaluru,Grocery,Whole Wheat Atta 5kg,2.0,484.0,20.0,3.0,Net Banking,0.0,0.0,WELCOME50,,2024,July,Tuesday,3,774.4000000000001,low
ORD100140,2025-06-14,Neha Shah,50.0,Female,Hyderabad,Apparel,Sports Track Pant,3.0,892.14,25.0,2.0,Debit Card,0.0,0.0,,Wrong Item Delivered,2025,June,Saturday,2,2007.315,low
ORD100465,2025-05-30,Ishaan Mehta,52.0,Female,Chandigarh,Grocery,Basmati Rice 5kg,2.0,183.43,15.0,9.0,Debit Card,4.0,0.0,FEST20,,2025,May,Friday,2,311.831,low
ORD102108,2023-09-13,Ananya Agarwal,34.0,Male,Lucknow,Home & Kitchen,Kitchen Organizer,1.0,1384.98,0.0,2.0,Debit Card,4.0,0.0,FEST20,,2023,September,Wednesday,3,1384.98,low
ORD101871,2023-07-08,Ishita Sharma,33.0,Female,Mumbai,Footwear,Formal Leather Shoes,2.0,956.7,15.0,6.0,UPI,0.0,0.0,,,2023,July,Saturday,3,1626.39,low
ORD100397,2023-06-28,Kavya Joshi,23.0,Male,Nagpur,Apparel,Sports Track Pant,3.0,1071.03,30.0,9.0,Credit Card,0.0,60.0,,,2023,June,Wednesday,2,2309.163,low
ORD101937,2024-05-20,Krishna Menon,32.0,Male,Delhi,Grocery,Instant Noodles Pack,1.0,466.7,10.0,5.0,UPI,3.0,100.0,,,2024,May,Monday,2,520.03,low
ORD102202,2023-02-05,Priya Kapoor,43.0,Male,Delhi,Footwear,Flip Flops,1.0,2077.95,5.0,5.0,Credit Card,5.0,40.0,,,2023,February,Sunday,1,2014.0524999999998,low
ORD101718,2024-01-13,Ananya Kulkarni,43.0,Female,Jaipur,Apparel,Sports Track Pant,3.0,510.37,25.0,8.0,UPI,4.0,80.0,SAVE10,,2024,January,Saturday,1,1228.3325,low
ORD101033,2023-12-27,Diya Mehta,38.0,Female,Chandigarh,Apparel,Women Kurti,4.0,653.23,20.0,6.0,UPI,4.0,100.0,,,2023,December,Wednesday,4,2190.3360000000002,low
ORD102436,2024-08-05,Sara Deshmukh,33.0,Female,Hyderabad,Home & Kitchen,Wall Clock,3.0,1398.54,5.0,9.0,UPI,4.0,80.0,SAVE10,,2024,August,Monday,3,4065.8389999999995,low
ORD101113,2023-09-24,Vihaan Deshmukh,29.0,Female,Jaipur,Apparel,Kids Hoodie,1.0,603.81,10.0,3.0,Credit Card,4.0,80.0,,,2023,September,Sunday,3,623.429,low
ORD101048,2024-08-31,Riya Reddy,45.0,Male,Lucknow,Grocery,Honey 500g,1.0,684.68,15.0,9.0,Cash on Delivery,3.0,60.0,WELCOME50,,2024,August,Saturday,3,641.978,low
ORD102000,2023-10-12,Ishita Singh,21.0,Female,Bengaluru,Apparel,Sports Track Pant,1.0,1152.65,5.0,7.0,Credit Card,0.0,0.0,NEWUSER15,,2023,October,Thursday,4,1095.0175,low
ORD101381,2023-09-17,Anika Kulkarni,21.0,Female,Kolkata,Home & Kitchen,Steel Water Bottle,3.0,1008.93,25.0,3.0,UPI,0.0,100.0,,,2023,September,Sunday,3,2370.0924999999997,low
ORD102099,2023-08-13,Reyansh Agarwal,26.0,Female,Hyderabad,Electronics,Power Bank 10000mAh,2.0,2357.26,5.0,3.0,Cash on Delivery,5.0,0.0,FEST20,,2023,August,Sunday,3,4478.794,low
ORD100806,2024-05-11,Karan Deshmukh,35.0,Female,Delhi,Apparel,Denim Jeans,1.0,1121.26,5.0,3.0,Credit Card,0.0,0.0,,,2024,May,Saturday,2,1065.197,low
ORD102415,2024-03-18,Pari Deshmukh,48.0,Male,Hyderabad,Grocery,Cooking Oil 1L,3.0,563.53,0.0,9.0,UPI,0.0,0.0,NEWUSER15,,2024,March,Monday,1,1690.59,low
ORD100715,2024-12-29,Sai Kulkarni,36.0,Male,Ahmedabad,Footwear,Casual Sneakers,6.0,718.73,15.0,4.0,Net Banking,0.0,80.0,NEWUSER15,,2024,December,Sunday,4,4807.712,high large
ORD102796,2023-11-11,Priya Mehta,50.0,Male,Delhi,Electronics,Smartphone Cover,1.0,2300.35,25.0,2.0,UPI,3.0,0.0,,,2023,November,Saturday,4,1725.2624999999998,low
ORD102541,2025-06-03,Navya Chopra,29.0,Female,Chennai,Home & Kitchen,Wall Clock,2.0,933.36,20.0,5.0,Credit Card,1.0,0.0,,,2025,June,Tuesday,2,1493.3760000000002,low
ORD100987,2023-10-16,Anika Agarwal,41.0,Female,Mumbai,Beauty & Personal Care,Perfume 50ml,2.0,592.75,20.0,6.0,Debit Card,2.0,0.0,SAVE10,,2023,October,Monday,4,948.4000000000001,low
ORD102771,2023-02-06,Ishita Mehta,47.0,Male,Lucknow,Grocery,Cooking Oil 1L,1.0,568.02,20.0,2.0,UPI,4.0,0.0,,,2023,February,Monday,1,454.416,low
ORD100195,2023-03-21,Kabir Patel,28.0,Male,Lucknow,Grocery,Cooking Oil 1L,2.0,509.48,0.0,5.0,Credit Card,4.0,0.0,,,2023,March,Tuesday,1,1018.96,low
ORD102920,2023-10-24,Vihaan Iyer,24.0,Male,Chennai,Grocery,Spices Combo Pack,3.0,171.04,25.0,7.0,Credit Card,4.0,80.0,,,2023,October,Tuesday,4,464.84000000000003,low
ORD101044,2024-12-12,Aarav Rao,48.0,Female,Lucknow,Apparel,Kids Hoodie,1.0,674.26,30.0,4.0,Debit Card,2.0,0.0,,,2024,December,Thursday,4,471.98199999999997,low
ORD100279,2023-03-17,Reyansh Deshmukh,34.0,Male,Jaipur,Beauty & Personal Care,Body Lotion,1.0,534.39,0.0,8.0,Credit Card,3.0,80.0,FEST20,,2023,March,Friday,1,614.39,low
ORD100096,2023-12-19,Pari Singh,40.0,Male,Ahmedabad,Apparel,Ethnic Saree,1.0,1420.66,10.0,8.0,UPI,5.0,100.0,,,2023,December,Tuesday,4,1378.594,low
ORD100441,2023-01-08,Diya Menon,48.0,Male,Pune,Apparel,Woolen Sweater,1.0,1427.98,0.0,6.0,Cash on Delivery,0.0,0.0,,,2023,January,Sunday,1,1427.98,low
ORD102544,2025-01-03,Pooja Reddy,31.0,Male,Kochi,Electronics,LED Bulb Smart,4.0,985.33,20.0,7.0,UPI,3.0,0.0,,,2025,January,Friday,1,3153.0560000000005,low
ORD101042,2024-01-14,Anika Agarwal,51.0,Female,Pune,Home & Kitchen,Cotton Bedsheet Set,2.0,1431.97,25.0,4.0,Cash on Delivery,0.0,0.0,,,2024,January,Sunday,1,2147.955,low
ORD102382,2025-04-16,Arjun Pillai,34.0,Male,Ahmedabad,Apparel,Woolen Sweater,1.0,816.59,20.0,4.0,UPI,5.0,80.0,FEST20,,2025,April,Wednesday,2,733.272,low
ORD101489,2024-04-07,Rahul Shah,31.0,Female,Surat,Grocery,Spices Combo Pack,1.0,624.64,10.0,5.0,UPI,0.0,0.0,,,2024,April,Sunday,2,562.176,low
ORD100330,2024-05-13,Vivaan Verma,30.0,Female,Nagpur,Apparel,Women Kurti,1.0,1486.22,5.0,2.0,Credit Card,0.0,60.0,,,2024,May,Monday,2,1471.9089999999999,low
ORD101441,2024-01-21,Aarav Reddy,29.0,Male,Indore,Apparel,Kids Hoodie,5.0,1313.01,5.0,4.0,Credit Card,0.0,0.0,,,2024,January,Sunday,1,4807.712,low
ORD100861,2025-04-25,Sai Kulkarni,34.0,Female,Mumbai,Home & Kitchen,Steel Water Bottle,1.0,959.31,0.0,2.0,Cash on Delivery,0.0,40.0,WELCOME50,,2025,April,Friday,2,999.31,low
ORD100745,2023-11-28,Myra Pillai,32.0,Male,Bengaluru,Footwear,Casual Sneakers,5.0,1523.21,10.0,2.0,Credit Card,0.0,0.0,FLAT100,,2023,November,Tuesday,4,4807.712,low
ORD102706,2024-10-05,Sai Patel,40.0,Female,Surat,Apparel,Men Cotton T-Shirt,4.0,967.54,0.0,7.0,UPI,4.0,60.0,,,2024,October,Saturday,4,3930.16,low
ORD101111,2023-08-01,Ishaan Gupta,48.0,Male,Surat,Beauty & Personal Care,Beard Trimmer,1.0,209.63,0.0,6.0,Credit Card,2.0,0.0,,,2023,August,Tuesday,3,209.63,low
ORD101963,2025-01-15,Ishita Nair,32.0,Male,Delhi,Beauty & Personal Care,Face Wash 100ml,1.0,210.73,5.0,9.0,Cash on Delivery,0.0,0.0,,,2025,January,Wednesday,1,200.19349999999997,low
ORD101387,2023-10-24,Sara Kulkarni,19.0,Female,Pune,Electronics,USB-C Cable,1.0,731.38,15.0,4.0,Net Banking,5.0,0.0,,,2023,October,Tuesday,4,621.673,low
ORD102079,2023-01-11,Sai Menon,36.0,Male,Delhi,Home & Kitchen,Storage Container Set,2.0,1197.81,5.0,6.0,Debit Card,5.0,0.0,,,2023,January,Wednesday,1,2275.839,low
ORD101444,2023-05-08,Anika Agarwal,34.0,Male,Mumbai,Beauty & Personal Care,Beard Trimmer,1.0,576.13,10.0,9.0,Credit Card,3.0,0.0,,,2023,May,Monday,2,518.517,low
ORD102637,2024-11-08,Karan Agarwal,39.0,Male,Ahmedabad,Beauty & Personal Care,Herbal Shampoo,3.0,290.12,10.0,2.0,UPI,4.0,0.0,,,2024,November,Friday,4,783.3240000000001,low
ORD101162,2023-11-19,Ishita Joshi,34.0,Male,Lucknow,Home & Kitchen,Curtain Set,3.0,1386.57,0.0,8.0,UPI,5.0,80.0,SAVE10,,2023,November,Sunday,4,4239.71,low
ORD101995,2023-01-03,Kabir Kapoor,47.0,Male,Hyderabad,Beauty & Personal Care,Perfume 50ml,3.0,692.64,0.0,8.0,UPI,5.0,80.0,,Size Issue,2023,January,Tuesday,1,2157.92,low
ORD100594,2023-10-20,Aadhya Verma,42.0,Female,Nagpur,Footwear,Flip Flops,3.0,1871.07,30.0,6.0,Credit Card,0.0,80.0,,,2023,October,Friday,4,4009.247,low
ORD102106,2024-11-28,Aarav Verma,41.0,Female,Jaipur,Apparel,Kids Hoodie,3.0,1353.45,0.0,5.0,Debit Card,4.0,0.0,,,2024,November,Thursday,4,4060.3500000000004,low
ORD101846,2024-01-07,Vihaan Gupta,34.0,Male,Kochi,Footwear,Formal Leather Shoes,1.0,1448.15,10.0,7.0,UPI,3.0,100.0,SAVE10,,2024,January,Sunday,1,1403.335,low
ORD100549,2024-09-12,Neha Verma,48.0,Male,Chandigarh,Beauty & Personal Care,Herbal Shampoo,2.0,371.48,0.0,5.0,UPI,1.0,0.0,,,2024,September,Thursday,3,742.96,low
ORD100556,2024-01-03,Sara Deshmukh,39.0,Other,Surat,Grocery,Instant Noodles Pack,2.0,624.6,0.0,14.0,UPI,0.0,0.0,,,2024,January,Wednesday,1,1249.2,low
ORD102563,2024-11-20,Diya Chopra,22.0,Male,Indore,Home & Kitchen,Wall Clock,5.0,313.43,15.0,5.0,Debit Card,5.0,150.0,,,2024,November,Wednesday,4,1482.0775,low
ORD100541,2024-11-06,Kabir Joshi,39.0,Male,Delhi,Beauty & Personal Care,Face Wash 100ml,1.0,464.61,5.0,7.0,Debit Card,3.0,0.0,,,2024,November,Wednesday,4,441.3795,low
ORD101766,2024-04-04,Riya Sharma,23.0,Male,Nagpur,Beauty & Personal Care,Hair Oil 200ml,2.0,695.68,20.0,7.0,Credit Card,0.0,0.0,NEWUSER15,,2024,April,Thursday,2,1113.088,low
ORD100264,2025-06-20,Amit Singh,29.0,Female,Lucknow,Electronics,Smartwatch Band,1.0,624.01,0.0,9.0,Net Banking,5.0,0.0,,,2025,June,Friday,2,624.01,low
ORD102175,2024-11-25,Pari Shah,47.0,Female,Surat,Electronics,Wireless Mouse,2.0,2422.34,0.0,4.0,Net Banking,0.0,80.0,,Defective Product,2024,November,Monday,4,4807.712,low
ORD102546,2024-12-25,Pari Pillai,48.0,Male,Lucknow,Grocery,Basmati Rice 5kg,1.0,94.99,5.0,9.0,Net Banking,3.0,60.0,,Size Issue,2024,December,Wednesday,4,150.2405,low
ORD102402,2024-11-10,Karan Rao,33.0,Male,Chandigarh,Apparel,Woolen Sweater,5.0,746.0,42.5,9.0,Cash on Delivery,3.0,80.0,,,2024,November,Sunday,4,1945.0,low
ORD101822,2023-10-02,Pari Nair,33.0,Male,Indore,Grocery,Spices Combo Pack,1.0,407.46,30.0,6.0,UPI,5.0,100.0,,Wrong Item Delivered,2023,October,Monday,4,385.222,low
ORD101064,2024-11-17,Ishaan Gupta,27.0,Male,Surat,Home & Kitchen,Non-Stick Pan,3.0,1193.91,20.0,5.0,UPI,3.0,0.0,,,2024,November,Sunday,4,2865.3840000000005,low
ORD100300,2023-11-28,Rahul Deshmukh,34.0,Male,Jaipur,Grocery,Green Tea Pack,4.0,114.36,0.0,6.0,UPI,5.0,0.0,,,2023,November,Tuesday,4,457.44,low
ORD101807,2024-03-14,Diya Kapoor,19.0,Male,Lucknow,Home & Kitchen,LED Table Lamp,3.0,403.12,15.0,4.0,Net Banking,3.0,0.0,,,2024,March,Thursday,1,1027.9560000000001,low
ORD100553,2023-10-17,Amit Verma,34.0,Male,Lucknow,Apparel,Men Cotton T-Shirt,4.0,1195.63,30.0,9.0,Credit Card,5.0,0.0,,,2023,October,Tuesday,4,3347.764,low
ORD100467,2024-06-26,Ishita Singh,19.0,Female,Pune,Electronics,Bluetooth Earbuds,3.0,551.49,25.0,2.0,UPI,4.0,0.0,FEST20,,2024,June,Wednesday,2,1240.8525,low
ORD100344,2025-04-04,Kavya Kapoor,29.0,Female,Ahmedabad,Electronics,Wireless Mouse,3.0,2159.73,5.0,7.0,UPI,0.0,0.0,,,2025,April,Friday,2,4807.712,low
ORD102053,2025-05-13,Amit Chopra,22.0,Female,Kochi,Electronics,Bluetooth Earbuds,4.0,2239.95,25.0,8.0,Debit Card,0.0,0.0,,,2025,May,Tuesday,2,4807.712,low
ORD102931,2024-09-04,Aditya Verma,40.0,Male,Pune,Footwear,Formal Leather Shoes,4.0,696.33,0.0,3.0,UPI,0.0,0.0,,,2024,September,Wednesday,3,2785.32,low
ORD102162,2024-01-02,Ishaan Reddy,16.0,Male,Hyderabad,Home & Kitchen,Storage Container Set,4.0,1753.26,5.0,8.0,Debit Card,4.0,0.0,,,2024,January,Tuesday,1,4807.712,low
ORD102176,2023-04-06,Ishaan Menon,30.0,Male,Chandigarh,Footwear,Running Shoes,2.0,996.19,10.0,9.0,Debit Card,2.0,60.0,,,2023,April,Thursday,2,1853.142,low
ORD101375,2025-05-23,Vihaan Agarwal,54.0,Male,Lucknow,Home & Kitchen,LED Table Lamp,5.0,519.5,5.0,9.0,UPI,5.0,0.0,,,2025,May,Friday,2,2467.625,low
ORD101851,2023-08-19,Pari Agarwal,28.0,Female,Ahmedabad,Electronics,Smartwatch Band,2.0,2070.72,30.0,8.0,UPI,4.0,40.0,,,2023,August,Saturday,3,2939.0079999999994,low
ORD101959,2023-06-20,Arjun Joshi,33.0,Male,Pune,Grocery,Cooking Oil 1L,3.0,234.99,5.0,2.0,UPI,3.0,0.0,,Quality Not as Expected,2023,June,Tuesday,2,669.7215,low
ORD102452,2023-03-28,Rohan Pillai,32.0,Male,Mumbai,Electronics,Smartphone Cover,1.0,2133.16,30.0,7.0,Net Banking,0.0,0.0,,,2023,March,Tuesday,1,1493.2119999999998,low
ORD102608,2023-01-17,Amit Chopra,31.0,Other,Kochi,Apparel,Men Cotton T-Shirt,1.0,1286.04,20.0,3.0,Debit Card,4.0,0.0,,,2023,January,Tuesday,1,1028.832,low
ORD100439,2023-12-29,Vivaan Pillai,23.0,Female,Lucknow,Apparel,Ethnic Saree,1.0,531.69,15.0,4.0,UPI,5.0,40.0,,,2023,December,Friday,4,491.9365,low
ORD100021,2023-10-24,Neha Shah,32.0,Female,Bengaluru,Grocery,Whole Wheat Atta 5kg,2.0,477.89,0.0,6.0,UPI,4.0,60.0,FLAT100,,2023,October,Tuesday,4,1015.78,low
ORD101844,2024-11-07,Ishaan Verma,49.0,Male,Ahmedabad,Beauty & Personal Care,Beard Trimmer,1.0,130.09,10.0,7.0,Credit Card,4.0,0.0,,,2024,November,Thursday,4,117.081,low
ORD101888,2023-02-26,Arjun Shah,22.0,Male,Surat,Footwear,Casual Sneakers,1.0,1103.05,5.0,8.0,UPI,4.0,150.0,,,2023,February,Sunday,1,1197.8974999999998,low
ORD102027,2025-05-15,Reyansh Chopra,24.0,Female,Chennai,Home & Kitchen,Wall Clock,1.0,1612.74,5.0,6.0,Net Banking,0.0,0.0,,Late Delivery,2025,May,Thursday,2,1532.1029999999998,low
ORD102116,2025-05-25,Kabir Agarwal,22.0,Female,Bengaluru,Grocery,Instant Noodles Pack,1.0,129.63,15.0,8.0,UPI,2.0,0.0,,,2025,May,Sunday,2,110.18549999999999,low
ORD102084,2023-04-30,Sai Iyer,29.0,Female,Hyderabad,Home & Kitchen,Non-Stick Pan,2.0,530.28,25.0,5.0,Debit Card,3.0,0.0,,,2023,April,Sunday,2,795.42,low
ORD101376,2023-12-04,Sai Reddy,24.0,Male,Chandigarh,Electronics,Smartphone Cover,2.0,629.61,5.0,8.0,UPI,4.0,60.0,NEWUSER15,,2023,December,Monday,4,1256.259,low
ORD101457,2024-02-19,Ishaan Sharma,46.0,Female,Surat,Home & Kitchen,Storage Container Set,1.0,229.34,0.0,7.0,UPI,5.0,40.0,,,2024,February,Monday,1,269.34000000000003,low
ORD100487,2024-04-28,Aarav Shah,51.0,Female,Delhi,Grocery,Green Tea Pack,2.0,401.07,25.0,3.0,Debit Card,0.0,0.0,,,2024,April,Sunday,2,601.605,low
ORD100229,2023-06-11,Reyansh Joshi,33.0,Female,Bengaluru,Electronics,LED Bulb Smart,1.0,1353.04,0.0,7.0,UPI,0.0,0.0,SAVE10,,2023,June,Sunday,2,1353.04,low
ORD101363,2024-12-20,Vivaan Gupta,34.0,Female,Nagpur,Grocery,Basmati Rice 5kg,2.0,289.51,10.0,7.0,Debit Card,0.0,40.0,,,2024,December,Friday,4,561.118,low
ORD101753,2024-10-01,Reyansh Deshmukh,40.0,Female,Surat,Grocery,Green Tea Pack,1.0,210.39,0.0,5.0,UPI,5.0,80.0,,Changed Mind,2024,October,Tuesday,4,290.39,low
ORD100286,2023-05-27,Reyansh Agarwal,47.0,Male,Surat,Electronics,Wireless Mouse,1.0,1920.85,20.0,9.0,Net Banking,3.0,40.0,,,2023,May,Saturday,2,1576.68,low
ORD101477,2023-12-26,Karan Verma,29.0,Male,Chennai,Footwear,Sandals,1.0,1112.42,25.0,3.0,Net Banking,0.0,80.0,,Late Delivery,2023,December,Tuesday,4,914.315,low
ORD101292,2024-02-09,Amit Agarwal,16.0,Female,Pune,Electronics,LED Bulb Smart,2.0,2339.73,15.0,8.0,Debit Card,4.0,0.0,FEST20,,2024,February,Friday,1,3977.5409999999997,low
ORD100810,2023-01-24,Neha Menon,34.0,Female,Mumbai,Apparel,Formal Shirt,1.0,624.41,40.0,4.0,Credit Card,4.0,80.0,,,2023,January,Tuesday,1,454.64599999999996,low
ORD102279,2024-09-04,Ananya Mehta,34.0,Female,Jaipur,Home & Kitchen,Cotton Bedsheet Set,1.0,1505.87,5.0,5.0,Credit Card,4.0,0.0,,,2024,September,Wednesday,3,1430.5765,low
ORD100431,2024-11-17,Arjun Kulkarni,34.0,Female,Kochi,Electronics,Bluetooth Earbuds,5.0,1328.54,42.5,14.0,Credit Card,5.0,100.0,,,2024,November,Sunday,4,3421.35,low
ORD102073,2023-11-08,Ananya Pillai,42.0,Male,Chandigarh,Footwear,Casual Sneakers,1.0,403.57,10.0,4.0,UPI,4.0,0.0,NEWUSER15,,2023,November,Wednesday,4,363.213,low
ORD102830,2025-04-20,Arjun Bhat,35.0,Male,Delhi,Home & Kitchen,Non-Stick Pan,1.0,276.48,10.0,2.0,UPI,0.0,40.0,,,2025,April,Sunday,2,288.832,low
ORD102991,2024-11-09,Ananya Chopra,31.0,Female,Lucknow,Grocery,Green Tea Pack,2.0,592.73,5.0,2.0,Credit Card,0.0,80.0,FLAT100,Late Delivery,2024,November,Saturday,4,1206.187,low
ORD100620,2024-01-31,Krishna Reddy,38.0,Male,Hyderabad,Apparel,Sports Track Pant,2.0,807.55,0.0,6.0,Credit Card,0.0,100.0,FEST20,,2024,January,Wednesday,1,1715.1,low
ORD101982,2024-11-27,Navya Gupta,34.0,Female,Lucknow,Grocery,Spices Combo Pack,1.0,688.75,30.0,4.0,Credit Card,0.0,0.0,,,2024,November,Wednesday,4,482.12499999999994,low
ORD100936,2023-05-24,Sara Shah,30.0,Male,Kochi,Apparel,Denim Jeans,2.0,1325.68,10.0,7.0,Net Banking,0.0,80.0,,,2023,May,Wednesday,2,2466.224,low
ORD102817,2025-03-01,Arjun Shah,56.5,Male,Mumbai,Home & Kitchen,Cotton Bedsheet Set,3.0,929.67,10.0,7.0,Debit Card,2.0,40.0,,,2025,March,Saturday,1,2550.109,low
ORD101210,2024-07-21,Rohan Singh,36.0,Female,Delhi,Electronics,Smartphone Cover,2.0,1918.6,20.0,5.0,Debit Card,5.0,0.0,,,2024,July,Sunday,3,3069.76,low
ORD102859,2024-01-13,Reyansh Joshi,45.0,Male,Ahmedabad,Beauty & Personal Care,Sunscreen SPF50,2.0,181.9,20.0,8.0,Credit Card,0.0,40.0,,,2024,January,Saturday,1,331.04,low
ORD100130,2023-01-04,Karan Sharma,24.0,Female,Jaipur,Apparel,Men Cotton T-Shirt,1.0,639.75,5.0,4.0,Cash on Delivery,0.0,0.0,FEST20,,2023,January,Wednesday,1,607.7624999999999,low
ORD101552,2024-04-30,Reyansh Rao,40.0,Female,Kochi,Grocery,Cooking Oil 1L,2.0,559.56,30.0,2.0,Credit Card,5.0,150.0,SAVE10,,2024,April,Tuesday,2,933.3839999999999,low
ORD100955,2024-07-10,Neha Agarwal,52.0,Female,Hyderabad,Apparel,Ethnic Saree,4.0,1268.55,0.0,9.0,Debit Card,4.0,0.0,WELCOME50,,2024,July,Wednesday,3,4807.712,low
ORD100913,2025-06-11,Reyansh Kapoor,26.0,Female,Delhi,Electronics,USB-C Cable,1.0,2071.05,0.0,5.0,UPI,5.0,60.0,,,2025,June,Wednesday,2,2131.05,low
ORD100859,2023-11-22,Rahul Pillai,34.0,Male,Kolkata,Grocery,Honey 500g,4.0,153.05,5.0,6.0,Debit Card,0.0,100.0,,,2023,November,Wednesday,4,681.59,low
ORD101478,2023-01-10,Amit Gupta,34.0,Female,Kolkata,Apparel,Formal Shirt,2.0,709.31,15.0,4.0,Credit Card,0.0,0.0,SAVE10,,2023,January,Tuesday,1,1205.8269999999998,low
ORD101327,2023-11-09,Pari Deshmukh,30.0,Male,Ahmedabad,Footwear,Sandals,3.0,411.88,30.0,9.0,UPI,5.0,0.0,,,2023,November,Thursday,4,864.9479999999999,low
ORD100127,2024-11-27,Navya Mehta,26.0,Female,Lucknow,Electronics,Portable Speaker,1.0,2271.73,40.0,4.0,Net Banking,1.0,60.0,,,2024,November,Wednesday,4,1423.038,low
ORD100284,2024-02-06,Pooja Singh,39.0,Female,Lucknow,Apparel,Formal Shirt,3.0,498.12,30.0,8.0,Credit Card,3.0,0.0,,,2024,February,Tuesday,1,1046.0520000000001,low
ORD102158,2023-11-21,Sara Bhat,35.0,Female,Surat,Grocery,Basmati Rice 5kg,1.0,266.23,40.0,8.0,Credit Card,1.0,0.0,,Changed Mind,2023,November,Tuesday,4,159.738,low
ORD100978,2023-11-16,Ishita Kapoor,44.0,Male,Lucknow,Home & Kitchen,Kitchen Organizer,2.0,1429.98,0.0,9.0,Cash on Delivery,5.0,150.0,,,2023,November,Thursday,4,3009.96,low
ORD100623,2024-01-15,Pari Pillai,29.0,Male,Hyderabad,Footwear,Sandals,3.0,750.71,25.0,8.0,UPI,0.0,0.0,FEST20,,2024,January,Monday,1,1689.0975,low
ORD100688,2024-02-10,Arjun Joshi,27.0,Female,Nagpur,Electronics,USB-C Cable,4.0,2135.19,15.0,3.0,UPI,4.0,40.0,SAVE10,,2024,February,Saturday,1,4807.712,low
ORD101845,2024-07-15,Vihaan Kulkarni,48.0,Male,Chennai,Apparel,Men Cotton T-Shirt,2.0,1059.09,30.0,5.0,UPI,5.0,0.0,,,2024,July,Monday,3,1482.7259999999999,low
ORD102045,2025-06-22,Ananya Menon,37.0,Male,Pune,Beauty & Personal Care,Body Lotion,2.0,636.78,0.0,9.0,Credit Card,0.0,0.0,WELCOME50,,2025,June,Sunday,2,1273.56,low
ORD100995,2024-07-24,Aadhya Sharma,34.0,Male,Chandigarh,Electronics,Smartwatch Band,2.0,1476.67,10.0,4.0,UPI,4.0,60.0,SAVE10,,2024,July,Wednesday,3,2718.0060000000003,low
ORD101764,2024-11-12,Reyansh Gupta,42.0,Other,Lucknow,Home & Kitchen,Non-Stick Pan,3.0,504.57,25.0,7.0,Credit Card,5.0,0.0,,,2024,November,Tuesday,4,1135.2825,low
ORD102898,2024-12-26,Navya Bhat,39.0,Female,Lucknow,Home & Kitchen,Storage Container Set,4.0,1603.09,10.0,7.0,UPI,4.0,80.0,FLAT100,,2024,December,Thursday,4,4807.712,low
ORD100610,2025-01-29,Diya Reddy,37.0,Male,Hyderabad,Electronics,Power Bank 10000mAh,3.0,2274.01,10.0,5.0,Credit Card,5.0,0.0,WELCOME50,,2025,January,Wednesday,1,4807.712,low
ORD100458,2025-02-04,Aadhya Kapoor,22.0,Male,Surat,Home & Kitchen,Curtain Set,1.0,487.22,5.0,8.0,UPI,5.0,0.0,FEST20,Quality Not as Expected,2025,February,Tuesday,1,462.859,low
ORD102270,2023-10-19,Riya Bhat,35.0,Male,Pune,Home & Kitchen,Wall Clock,1.0,250.92,5.0,6.0,Credit Card,4.0,0.0,,,2023,October,Thursday,4,238.37399999999997,low
ORD100462,2024-10-05,Rohan Menon,33.0,Female,Indore,Beauty & Personal Care,Herbal Shampoo,1.0,259.15,15.0,2.0,UPI,0.0,0.0,,,2024,October,Saturday,4,220.27749999999997,low
ORD100792,2024-01-01,Aarav Menon,18.0,Female,Bengaluru,Home & Kitchen,LED Table Lamp,1.0,967.33,0.0,3.0,UPI,5.0,0.0,,,2024,January,Monday,1,967.33,low
ORD100504,2023-09-07,Aarav Bhat,34.0,Male,Chennai,Electronics,Bluetooth Earbuds,1.0,1519.66,5.0,8.0,UPI,5.0,40.0,,,2023,September,Thursday,3,1483.677,low
ORD100308,2023-11-16,Aadhya Pillai,45.0,Male,Nagpur,Beauty & Personal Care,Sunscreen SPF50,1.0,892.36,30.0,4.0,UPI,2.0,0.0,SAVE10,,2023,November,Thursday,4,624.6519999999999,low
ORD101579,2023-11-01,Priya Chopra,30.0,Female,Chennai,Home & Kitchen,Steel Water Bottle,3.0,1375.25,42.5,8.0,Debit Card,4.0,0.0,,,2023,November,Wednesday,4,2062.875,low
ORD100363,2025-03-24,Karan Menon,16.0,Female,Lucknow,Apparel,Denim Jeans,4.0,533.36,25.0,3.0,Credit Card,4.0,40.0,,,2025,March,Monday,1,1640.08,low
ORD100579,2023-04-03,Karan Iyer,27.0,Male,Mumbai,Home & Kitchen,Non-Stick Pan,2.0,1243.63,5.0,4.0,UPI,3.0,0.0,,,2023,April,Monday,2,2362.897,low
ORD100105,2024-12-17,Anika Nair,44.0,Female,Bengaluru,Home & Kitchen,Storage Container Set,1.0,233.3,0.0,8.0,UPI,3.0,0.0,,,2024,December,Tuesday,4,233.3,low
ORD102332,2023-11-03,Neha Joshi,29.0,Female,Kochi,Apparel,Women Kurti,1.0,1367.49,0.0,7.0,Net Banking,0.0,0.0,,,2023,November,Friday,4,1367.49,low
ORD101132,2024-11-09,Aadhya Shah,47.0,Female,Mumbai,Electronics,Smartphone Cover,2.0,2413.79,20.0,3.0,UPI,1.0,0.0,,,2024,November,Saturday,4,3862.0640000000003,low
ORD100507,2023-08-14,Neha Kulkarni,45.0,Male,Surat,Apparel,Ethnic Saree,2.0,1252.09,0.0,9.0,Credit Card,4.0,150.0,FEST20,,2023,August,Monday,3,2654.18,low
ORD101011,2024-12-29,Neha Singh,35.0,Male,Mumbai,Grocery,Cooking Oil 1L,1.0,478.77,0.0,4.0,UPI,3.0,0.0,FLAT100,,2024,December,Sunday,4,478.77,low
ORD101530,2023-01-08,Karan Menon,34.0,Female,Jaipur,Apparel,Men Cotton T-Shirt,3.0,888.54,0.0,3.0,UPI,5.0,80.0,,,2023,January,Sunday,1,2745.62,low
ORD100946,2025-06-05,Amit Agarwal,33.0,Female,Chennai,Apparel,Sports Track Pant,2.0,600.44,25.0,8.0,UPI,5.0,60.0,FEST20,,2025,June,Thursday,2,960.6600000000001,low
ORD101238,2023-09-29,Rohan Pillai,42.0,Male,Nagpur,Beauty & Personal Care,Perfume 50ml,2.0,268.65,15.0,7.0,Net Banking,4.0,100.0,,,2023,September,Friday,3,556.7049999999999,low
ORD101262,2024-02-09,Ananya Verma,34.0,Female,Delhi,Grocery,Spices Combo Pack,3.0,88.98,5.0,6.0,UPI,5.0,40.0,,,2024,February,Friday,1,293.59299999999996,low
ORD101584,2024-08-02,Ananya Rao,48.0,Female,Pune,Apparel,Women Kurti,2.0,1324.44,10.0,8.0,Debit Card,3.0,0.0,,Defective Product,2024,August,Friday,3,2383.992,low
ORD101730,2023-11-05,Amit Reddy,33.0,Male,Kolkata,Electronics,Smartphone Cover,1.0,1279.71,10.0,6.0,Debit Card,4.0,0.0,,,2023,November,Sunday,4,1151.739,low
ORD101298,2024-04-28,Vivaan Shah,37.0,Female,Surat,Electronics,USB-C Cable,4.0,1466.14,10.0,9.0,Cash on Delivery,5.0,0.0,,,2024,April,Sunday,2,4807.712,low
ORD101425,2025-01-12,Nikhil Kapoor,36.0,Female,Kochi,Grocery,Cooking Oil 1L,3.0,292.29,0.0,6.0,Net Banking,3.0,60.0,,,2025,January,Sunday,1,936.8700000000001,low
ORD102781,2025-05-02,Aditya Singh,43.0,Female,Kochi,Beauty & Personal Care,Perfume 50ml,1.0,277.19,0.0,6.0,UPI,0.0,0.0,FEST20,,2025,May,Friday,2,277.19,low
ORD100188,2023-08-06,Neha Shah,34.0,Male,Hyderabad,Grocery,Spices Combo Pack,2.0,341.49,5.0,6.0,Credit Card,3.0,60.0,FEST20,,2023,August,Sunday,3,708.831,low
ORD101686,2024-01-25,Sai Pillai,29.0,Female,Hyderabad,Apparel,Ethnic Saree,3.0,562.66,20.0,9.0,UPI,0.0,0.0,,,2024,January,Thursday,1,1350.384,low
ORD102165,2023-12-17,Aarav Verma,53.0,Male,Bengaluru,Apparel,Kids Hoodie,1.0,1131.12,20.0,6.0,UPI,2.0,80.0,FEST20,,2023,December,Sunday,4,984.896,low
ORD102959,2024-03-11,Myra Bhat,29.0,Male,Indore,Footwear,Running Shoes,1.0,666.03,40.0,8.0,UPI,5.0,60.0,,,2024,March,Monday,1,459.618,low
ORD102936,2024-11-30,Arjun Gupta,35.0,Female,Indore,Grocery,Instant Noodles Pack,2.0,648.78,20.0,7.0,Credit Card,4.0,0.0,FEST20,,2024,November,Saturday,4,1038.048,low
ORD102892,2023-12-18,Aditya Patel,39.0,Other,Lucknow,Grocery,Spices Combo Pack,1.0,521.53,0.0,2.0,Credit Card,5.0,0.0,FLAT100,Size Issue,2023,December,Monday,4,521.53,low
ORD101651,2023-01-17,Riya Deshmukh,34.0,Female,Chennai,Electronics,Wireless Mouse,1.0,1321.41,0.0,1.0,UPI,5.0,0.0,FLAT100,,2023,January,Tuesday,1,1321.41,low
ORD101428,2023-09-01,Vivaan Gupta,21.0,Male,Kolkata,Footwear,Sandals,3.0,480.95,10.0,5.0,UPI,5.0,80.0,,,2023,September,Friday,3,1378.565,low
ORD101799,2024-04-20,Vivaan Pillai,22.0,Male,Chandigarh,Electronics,USB-C Cable,6.0,734.04,0.0,4.0,UPI,0.0,40.0,,,2024,April,Saturday,2,4807.712,high large
ORD102019,2024-02-25,Pari Iyer,34.0,Female,Pune,Beauty & Personal Care,Lip Balm Pack,5.0,650.9,30.0,7.0,UPI,0.0,40.0,,,2024,February,Sunday,1,2318.1499999999996,low
ORD100534,2024-06-10,Anika Rao,34.0,Female,Surat,Footwear,Casual Sneakers,5.0,542.62,5.0,8.0,UPI,4.0,0.0,FEST20,,2024,June,Monday,2,2577.4449999999997,low
ORD101812,2024-09-05,Aarav Pillai,34.0,Female,Pune,Apparel,Denim Jeans,3.0,1002.17,5.0,4.0,Net Banking,5.0,40.0,NEWUSER15,,2024,September,Thursday,3,2896.1845,low
ORD100862,2023-04-20,Diya Bhat,40.0,Female,Jaipur,Grocery,Instant Noodles Pack,5.0,254.36,5.0,5.0,Credit Card,0.0,0.0,FLAT100,,2023,April,Thursday,2,1208.21,low
ORD101173,2023-01-19,Krishna Iyer,36.0,Female,Pune,Home & Kitchen,Curtain Set,1.0,1034.41,10.0,3.0,Credit Card,0.0,0.0,,,2023,January,Thursday,1,930.969,low
ORD101476,2024-03-22,Reyansh Mehta,36.0,Female,Kolkata,Apparel,Ethnic Saree,1.0,527.36,0.0,4.0,Credit Card,0.0,0.0,,,2024,March,Friday,1,527.36,low
ORD102098,2024-11-15,Kavya Deshmukh,43.0,Female,Surat,Footwear,Flip Flops,1.0,1775.19,0.0,2.0,UPI,3.0,60.0,,,2024,November,Friday,4,1835.19,low
ORD101115,2024-03-22,Anika Menon,34.0,Female,Jaipur,Apparel,Woolen Sweater,1.0,800.84,5.0,6.0,Cash on Delivery,5.0,0.0,,Changed Mind,2024,March,Friday,1,760.798,low
ORD100353,2023-12-22,Krishna Kapoor,24.0,Male,Lucknow,Home & Kitchen,Non-Stick Pan,1.0,1306.09,0.0,2.0,UPI,4.0,0.0,,,2023,December,Friday,4,1306.09,low
ORD101034,2023-03-02,Pooja Deshmukh,43.0,Male,Lucknow,Electronics,Wireless Mouse,1.0,1963.28,5.0,8.0,Debit Card,0.0,0.0,,,2023,March,Thursday,1,1865.116,low
ORD102751,2023-03-15,Kabir Singh,44.0,Other,Pune,Beauty & Personal Care,Perfume 50ml,3.0,614.19,15.0,7.0,Debit Card,4.0,0.0,,,2023,March,Wednesday,1,1566.1845,low
ORD100731,2024-01-17,Aditya Menon,46.0,Male,Delhi,Home & Kitchen,Storage Container Set,3.0,448.81,15.0,3.0,UPI,0.0,0.0,,,2024,January,Wednesday,1,1144.4655,low
ORD100702,2023-06-02,Ishita Joshi,32.0,Male,Surat,Electronics,Smartphone Cover,2.0,2080.19,20.0,2.0,Cash on Delivery,4.0,0.0,,,2023,June,Friday,2,3328.304,low
ORD102945,2023-10-17,Riya Menon,47.0,Female,Chandigarh,Home & Kitchen,Wall Clock,3.0,1517.0,0.0,5.0,Credit Card,0.0,0.0,,,2023,October,Tuesday,4,4551.0,low
ORD102417,2023-08-26,Rohan Gupta,49.0,Female,Chandigarh,Home & Kitchen,Steel Water Bottle,2.0,1546.43,20.0,4.0,UPI,0.0,0.0,WELCOME50,,2023,August,Saturday,3,2474.2880000000005,low
ORD102588,2025-06-02,Myra Patel,32.0,Male,Kolkata,Electronics,USB-C Cable,6.0,2327.13,25.0,3.0,Credit Card,3.0,60.0,,,2025,June,Monday,2,4807.712, very large
ORD100160,2024-11-26,Karan Nair,27.0,Female,Surat,Beauty & Personal Care,Face Wash 100ml,1.0,451.01,25.0,7.0,Credit Card,0.0,60.0,,,2024,November,Tuesday,4,398.2575,low
ORD102557,2024-01-10,Krishna Shah,44.0,Male,Indore,Home & Kitchen,Kitchen Organizer,2.0,210.09,0.0,8.0,Credit Card,5.0,60.0,,,2024,January,Wednesday,1,480.18,low
ORD101276,2024-08-21,Sneha Kapoor,34.0,Male,Chennai,Footwear,Running Shoes,1.0,1086.18,5.0,8.0,Credit Card,4.0,80.0,,Wrong Item Delivered,2024,August,Wednesday,3,1111.871,low
ORD102218,2024-12-17,Navya Kapoor,27.0,Male,Surat,Electronics,Smartwatch Band,1.0,638.43,0.0,2.0,Credit Card,0.0,60.0,,,2024,December,Tuesday,4,698.43,low
ORD101467,2024-12-16,Aadhya Chopra,39.0,Female,Kochi,Electronics,Bluetooth Earbuds,3.0,693.81,5.0,4.0,UPI,0.0,150.0,,,2024,December,Monday,4,2127.3585,low
ORD101137,2023-11-30,Sara Shah,33.0,Female,Surat,Home & Kitchen,LED Table Lamp,1.0,566.55,0.0,2.0,UPI,0.0,0.0,,,2023,November,Thursday,4,566.55,low
ORD101198,2025-01-01,Arjun Pillai,29.0,Male,Pune,Electronics,LED Bulb Smart,1.0,1032.22,42.5,8.0,UPI,0.0,0.0,,,2025,January,Wednesday,1,516.11,low
ORD102114,2024-12-15,Aadhya Chopra,26.0,Female,Bengaluru,Beauty & Personal Care,Body Lotion,2.0,810.09,5.0,5.0,Credit Card,4.0,0.0,,,2024,December,Sunday,4,1539.171,low
ORD100162,2024-10-27,Reyansh Pillai,16.0,Male,Lucknow,Apparel,Ethnic Saree,3.0,468.87,0.0,2.0,Credit Card,0.0,40.0,,,2024,October,Sunday,4,1446.6100000000001,low
ORD101627,2024-06-16,Ishita Nair,34.0,Male,Hyderabad,Beauty & Personal Care,Hair Oil 200ml,1.0,212.86,5.0,4.0,Credit Card,3.0,40.0,FLAT100,,2024,June,Sunday,2,242.217,low
ORD101512,2024-11-08,Vihaan Iyer,32.0,Male,Lucknow,Apparel,Woolen Sweater,1.0,1067.77,10.0,6.0,Debit Card,2.0,0.0,,,2024,November,Friday,4,960.993,low
ORD101450,2023-09-25,Aadhya Nair,29.0,Male,Kochi,Grocery,Basmati Rice 5kg,4.0,112.11,15.0,5.0,Debit Card,5.0,0.0,,,2023,September,Monday,3,381.174,low
ORD100185,2024-02-11,Sara Singh,41.0,Male,Ahmedabad,Footwear,Casual Sneakers,3.0,844.51,0.0,4.0,Net Banking,0.0,60.0,,,2024,February,Sunday,1,2593.5299999999997,low
ORD100459,2023-04-07,Myra Nair,18.0,Male,Bengaluru,Electronics,Wireless Mouse,4.0,1357.62,0.0,9.0,Debit Card,4.0,0.0,,,2023,April,Friday,2,4807.712,low
ORD101397,2024-08-18,Diya Chopra,30.0,Female,Mumbai,Beauty & Personal Care,Beard Trimmer,4.0,338.74,10.0,2.0,UPI,5.0,40.0,,,2024,August,Sunday,3,1259.4640000000002,low
ORD101873,2025-05-07,Reyansh Singh,40.0,Male,Mumbai,Home & Kitchen,Storage Container Set,1.0,1710.5,0.0,4.0,UPI,0.0,60.0,,,2025,May,Wednesday,2,1770.5,low
ORD101007,2024-04-03,Kabir Nair,33.0,Female,Nagpur,Electronics,Portable Speaker,1.0,1028.14,15.0,5.0,UPI,3.0,0.0,WELCOME50,,2024,April,Wednesday,2,873.9190000000001,low
ORD101962,2023-05-10,Rohan Pillai,27.0,Female,Mumbai,Electronics,Wireless Mouse,1.0,2350.78,5.0,8.0,Credit Card,2.0,60.0,NEWUSER15,,2023,May,Wednesday,2,2293.241,low
ORD102112,2025-04-13,Pooja Bhat,32.0,Female,Jaipur,Electronics,Smartphone Cover,1.0,1522.74,20.0,2.0,UPI,3.0,0.0,,,2025,April,Sunday,2,1218.192,low
ORD101729,2023-04-06,Riya Pillai,34.0,Male,Chandigarh,Footwear,Running Shoes,1.0,2094.41,0.0,8.0,Debit Card,3.0,0.0,SAVE10,,2023,April,Thursday,2,2094.41,low
ORD101464,2023-12-07,Vihaan Bhat,30.0,Female,Pune,Beauty & Personal Care,Body Lotion,2.0,604.41,5.0,4.0,UPI,0.0,0.0,,,2023,December,Thursday,4,1148.379,low
ORD101876,2023-08-01,Myra Rao,46.0,Male,Mumbai,Electronics,Smartwatch Band,1.0,1143.66,40.0,9.0,UPI,0.0,0.0,,Changed Mind,2023,August,Tuesday,3,686.196,low
ORD101287,2023-08-02,Neha Joshi,34.0,Male,Indore,Electronics,Power Bank 10000mAh,1.0,932.37,0.0,4.0,UPI,0.0,0.0,,,2023,August,Wednesday,3,932.37,low
ORD100368,2023-01-21,Sneha Bhat,36.0,Male,Delhi,Electronics,Smartwatch Band,3.0,1948.12,20.0,6.0,Debit Card,0.0,0.0,WELCOME50,,2023,January,Saturday,1,4675.488,low
ORD101168,2025-06-28,Priya Rao,35.0,Male,Delhi,Home & Kitchen,Steel Water Bottle,3.0,1292.49,20.0,9.0,Credit Card,0.0,0.0,,,2025,June,Saturday,2,3101.9760000000006,low
ORD100493,2024-07-03,Krishna Patel,31.0,Female,Kolkata,Beauty & Personal Care,Perfume 50ml,1.0,637.44,0.0,4.0,Debit Card,0.0,150.0,,Changed Mind,2024,July,Wednesday,3,787.44,low
ORD100231,2025-02-19,Aarav Singh,51.0,Male,Mumbai,Footwear,Casual Sneakers,1.0,403.09,5.0,6.0,UPI,0.0,80.0,,,2025,February,Wednesday,1,462.93549999999993,low
ORD102138,2024-12-10,Myra Pillai,42.0,Male,Kolkata,Apparel,Men Cotton T-Shirt,2.0,616.27,40.0,4.0,Credit Card,5.0,0.0,NEWUSER15,,2024,December,Tuesday,4,739.524,low
ORD100333,2023-10-27,Rohan Bhat,51.0,Male,Surat,Footwear,Sandals,1.0,1728.22,25.0,6.0,Debit Card,5.0,0.0,,,2023,October,Friday,4,1296.165,low
ORD102354,2023-10-09,Neha Gupta,24.0,Female,Delhi,Beauty & Personal Care,Face Wash 100ml,1.0,670.73,0.0,9.0,UPI,4.0,100.0,,,2023,October,Monday,4,770.73,low
ORD100788,2024-05-11,Sneha Gupta,27.0,Female,Jaipur,Grocery,Spices Combo Pack,1.0,289.34,15.0,7.0,Net Banking,0.0,150.0,NEWUSER15,,2024,May,Saturday,2,395.93899999999996,low
ORD101599,2024-10-07,Pooja Agarwal,41.0,Female,Surat,Beauty & Personal Care,Herbal Shampoo,2.0,367.02,20.0,5.0,UPI,1.0,80.0,FLAT100,,2024,October,Monday,4,667.232,low
ORD102337,2025-01-16,Anika Gupta,36.0,Male,Ahmedabad,Grocery,Honey 500g,1.0,351.18,0.0,6.0,Net Banking,5.0,40.0,SAVE10,,2025,January,Thursday,1,391.18,low
ORD100380,2023-01-05,Pari Mehta,28.0,Female,Delhi,Grocery,Assorted Dry Fruits,4.0,582.56,5.0,6.0,UPI,5.0,80.0,,,2023,January,Thursday,1,2293.7279999999996,low
ORD102085,2024-11-21,Vivaan Chopra,30.0,Male,Lucknow,Footwear,Casual Sneakers,2.0,1357.58,10.0,8.0,Credit Card,5.0,40.0,,,2024,November,Thursday,4,2483.644,low
ORD101914,2023-10-27,Kabir Singh,43.0,Male,Ahmedabad,Home & Kitchen,Steel Water Bottle,3.0,595.98,0.0,7.0,UPI,5.0,0.0,,,2023,October,Friday,4,1787.94,low
ORD102283,2024-12-18,Rahul Patel,54.0,Male,Lucknow,Electronics,USB-C Cable,2.0,1196.49,30.0,4.0,UPI,3.0,0.0,NEWUSER15,,2024,December,Wednesday,4,1675.086,low
ORD101697,2023-05-17,Ananya Reddy,31.0,Male,Pune,Electronics,Portable Speaker,2.0,2394.5,10.0,7.0,Net Banking,1.0,100.0,FEST20,,2023,May,Wednesday,2,4410.1,low
ORD102225,2024-07-18,Myra Menon,33.0,Male,Ahmedabad,Footwear,Sandals,1.0,2104.96,40.0,3.0,Debit Card,5.0,80.0,FEST20,,2024,July,Thursday,3,1342.9759999999999,low
ORD102840,2024-11-01,Krishna Nair,39.0,Male,Kochi,Electronics,Portable Speaker,1.0,1320.01,5.0,6.0,UPI,0.0,40.0,,,2024,November,Friday,4,1294.0095,low
ORD101870,2023-02-09,Pari Shah,32.0,Female,Kolkata,Grocery,Green Tea Pack,1.0,594.51,0.0,9.0,Debit Card,4.0,0.0,,Late Delivery,2023,February,Thursday,1,594.51,low
ORD102503,2023-04-08,Sai Sharma,48.0,Female,Bengaluru,Apparel,Formal Shirt,4.0,2603.435,20.0,3.0,UPI,5.0,0.0,,,2023,April,Saturday,2,4807.712,low
ORD101432,2023-06-05,Aadhya Pillai,34.0,Male,Delhi,Apparel,Formal Shirt,1.0,984.23,0.0,9.0,UPI,4.0,0.0,,,2023,June,Monday,2,984.23,low
ORD101281,2024-11-05,Pooja Joshi,49.0,Female,Lucknow,Beauty & Personal Care,Hair Oil 200ml,1.0,186.49,5.0,4.0,UPI,4.0,0.0,SAVE10,,2024,November,Tuesday,4,177.1655,low
ORD101600,2023-10-19,Navya Joshi,28.0,Female,Lucknow,Home & Kitchen,Steel Water Bottle,2.0,772.29,5.0,9.0,UPI,0.0,0.0,,,2023,October,Thursday,4,1467.3509999999999,low
ORD100207,2025-06-01,Rahul Chopra,40.0,Female,Pune,Apparel,Woolen Sweater,5.0,849.26,30.0,9.0,UPI,0.0,0.0,,,2025,June,Sunday,2,2972.41,low
ORD102949,2024-04-18,Vihaan Chopra,31.0,Female,Kolkata,Apparel,Men Cotton T-Shirt,2.0,1098.44,25.0,3.0,Cash on Delivery,3.0,0.0,,,2024,April,Thursday,2,1647.66,low
ORD102964,2024-10-30,Arjun Kapoor,30.0,Male,Kochi,Electronics,Power Bank 10000mAh,4.0,1579.8,15.0,5.0,UPI,3.0,100.0,,,2024,October,Wednesday,4,4807.712,low
ORD101332,2024-01-23,Aditya Singh,37.0,Female,Chennai,Footwear,Running Shoes,1.0,1636.4,20.0,7.0,Credit Card,4.0,150.0,FEST20,,2024,January,Tuesday,1,1459.1200000000001,low
ORD100881,2025-02-14,Aditya Bhat,46.0,Female,Lucknow,Apparel,Kids Hoodie,3.0,963.13,0.0,6.0,Credit Card,4.0,40.0,,,2025,February,Friday,1,2929.39,low
ORD100143,2024-01-08,Sai Verma,41.0,Male,Bengaluru,Footwear,Casual Sneakers,2.0,675.64,25.0,4.0,UPI,3.0,60.0,FLAT100,,2024,January,Monday,1,1073.46,low
ORD100249,2023-10-05,Sneha Joshi,42.0,Male,Chandigarh,Grocery,Green Tea Pack,2.0,287.71,42.5,9.0,UPI,0.0,0.0,SAVE10,,2023,October,Thursday,4,287.71,low
ORD101936,2023-12-06,Aadhya Menon,38.0,Male,Surat,Footwear,Formal Leather Shoes,1.0,1159.12,15.0,2.0,UPI,4.0,0.0,,,2023,December,Wednesday,4,985.2519999999998,low
ORD102656,2023-02-23,Diya Sharma,48.0,Female,Bengaluru,Beauty & Personal Care,Perfume 50ml,2.0,677.93,0.0,4.0,Credit Card,5.0,0.0,,,2023,February,Thursday,1,1355.86,low
ORD102885,2023-05-20,Krishna Verma,34.0,Female,Indore,Electronics,LED Bulb Smart,2.0,1009.81,25.0,6.0,Credit Card,5.0,0.0,,,2023,May,Saturday,2,1514.715,low
ORD102397,2024-01-01,Pooja Bhat,29.0,Female,Jaipur,Apparel,Ethnic Saree,1.0,753.01,0.0,8.0,Credit Card,0.0,0.0,,,2024,January,Monday,1,753.01,low
ORD101657,2025-03-07,Sneha Verma,32.0,Female,Kochi,Electronics,USB-C Cable,3.0,500.34,0.0,9.0,UPI,0.0,0.0,NEWUSER15,,2025,March,Friday,1,1501.02,low
ORD101487,2024-01-16,Pooja Nair,34.0,Male,Pune,Electronics,Smartphone Cover,3.0,1393.51,0.0,6.0,Debit Card,4.0,0.0,FLAT100,Wrong Item Delivered,2024,January,Tuesday,1,4180.53,low
ORD101830,2023-11-20,Sai Chopra,29.0,Female,Kolkata,Beauty & Personal Care,Sunscreen SPF50,4.0,143.6,20.0,9.0,UPI,0.0,0.0,,,2023,November,Monday,4,459.52,low
ORD102418,2023-09-20,Vihaan Patel,27.0,Female,Kochi,Apparel,Men Cotton T-Shirt,1.0,834.62,25.0,6.0,Credit Card,5.0,0.0,,,2023,September,Wednesday,3,625.965,low
ORD102617,2023-02-17,Rohan Rao,33.0,Female,Indore,Footwear,Flip Flops,2.0,798.17,15.0,9.0,UPI,2.0,0.0,FEST20,,2023,February,Friday,1,1356.889,low
ORD101626,2024-06-10,Reyansh Singh,34.0,Female,Jaipur,Home & Kitchen,Cotton Bedsheet Set,1.0,386.19,40.0,7.0,Cash on Delivery,4.0,100.0,,Defective Product,2024,June,Monday,2,331.714,low
ORD101128,2023-10-10,Riya Deshmukh,32.0,Female,Lucknow,Footwear,Casual Sneakers,4.0,1872.82,20.0,3.0,UPI,4.0,0.0,,,2023,October,Tuesday,4,4807.712,low
ORD102036,2024-01-27,Ishaan Iyer,27.0,Male,Chennai,Electronics,USB-C Cable,5.0,1861.89,0.0,6.0,UPI,0.0,60.0,FLAT100,Changed Mind,2024,January,Saturday,1,4807.712,low
ORD101351,2024-11-24,Ananya Pillai,19.0,Male,Surat,Home & Kitchen,Cotton Bedsheet Set,3.0,1570.75,10.0,3.0,Net Banking,3.0,40.0,,,2024,November,Sunday,4,4281.025000000001,low
ORD102017,2024-10-23,Diya Bhat,33.0,Female,Hyderabad,Apparel,Woolen Sweater,3.0,1047.65,0.0,2.0,UPI,4.0,0.0,,,2024,October,Wednesday,4,3142.9500000000003,low
ORD101469,2023-02-25,Aadhya Nair,34.0,Female,Delhi,Apparel,Sports Track Pant,1.0,1399.03,40.0,9.0,Debit Card,5.0,40.0,,,2023,February,Saturday,1,879.418,low
ORD100083,2024-11-09,Neha Sharma,35.0,Female,Hyderabad,Apparel,Men Cotton T-Shirt,2.0,870.69,10.0,9.0,UPI,0.0,0.0,SAVE10,,2024,November,Saturday,4,1567.2420000000002,low
ORD100765,2024-12-11,Rahul Chopra,18.0,Female,Indore,Electronics,Smartwatch Band,2.0,1186.48,20.0,7.0,Net Banking,3.0,40.0,NEWUSER15,,2024,December,Wednesday,4,1938.3680000000002,low
ORD100102,2025-01-03,Amit Joshi,33.0,Male,Hyderabad,Grocery,Green Tea Pack,2.0,196.01,15.0,6.0,Credit Card,1.0,0.0,SAVE10,,2025,January,Friday,1,333.217,low
ORD100146,2023-02-01,Sara Chopra,45.0,Male,Lucknow,Apparel,Woolen Sweater,4.0,850.81,25.0,7.0,UPI,5.0,0.0,WELCOME50,,2023,February,Wednesday,1,2552.43,low
ORD102068,2023-10-29,Amit Sharma,30.0,Male,Surat,Grocery,Cooking Oil 1L,1.0,391.22,15.0,3.0,Credit Card,4.0,0.0,FEST20,,2023,October,Sunday,4,332.53700000000003,low
ORD102326,2023-11-08,Amit Sharma,43.0,Male,Kolkata,Beauty & Personal Care,Hair Oil 200ml,3.0,727.38,20.0,7.0,Cash on Delivery,5.0,0.0,,,2023,November,Wednesday,4,1745.712,low
ORD102876,2024-08-28,Amit Patel,22.0,Female,Pune,Beauty & Personal Care,Herbal Shampoo,2.0,627.72,10.0,3.0,Debit Card,5.0,0.0,,,2024,August,Wednesday,3,1129.8960000000002,low
ORD101221,2024-05-18,Priya Shah,34.0,Female,Nagpur,Apparel,Ethnic Saree,1.0,516.69,20.0,7.0,Debit Card,1.0,0.0,,,2024,May,Saturday,2,413.3520000000001,low
ORD101358,2023-04-04,Ananya Chopra,28.0,Male,Pune,Apparel,Women Kurti,2.0,1220.66,0.0,4.0,Debit Card,0.0,60.0,,,2023,April,Tuesday,2,2501.32,low
ORD102055,2023-10-11,Riya Sharma,41.0,Female,Bengaluru,Footwear,Sandals,2.0,405.42,0.0,3.0,UPI,3.0,0.0,WELCOME50,,2023,October,Wednesday,4,810.84,low
ORD100321,2023-04-09,Aadhya Nair,48.0,Male,Indore,Apparel,Sports Track Pant,5.0,1098.73,20.0,2.0,UPI,0.0,0.0,,,2023,April,Sunday,2,4394.92,low
ORD100111,2024-12-12,Nikhil Reddy,56.5,Male,Ahmedabad,Home & Kitchen,Steel Water Bottle,4.0,346.07,25.0,6.0,UPI,3.0,80.0,,,2024,December,Thursday,4,1118.21,low
ORD100588,2024-12-17,Rohan Menon,33.0,Male,Surat,Beauty & Personal Care,Hair Oil 200ml,2.0,189.76,0.0,7.0,Debit Card,5.0,0.0,,,2024,December,Tuesday,4,379.52,low
ORD102094,2023-05-28,Sara Rao,29.0,Female,Ahmedabad,Electronics,Bluetooth Earbuds,3.0,762.49,5.0,4.0,Debit Card,0.0,0.0,,Defective Product,2023,May,Sunday,2,2173.0965,low
ORD102134,2024-02-06,Rahul Patel,26.0,Male,Chandigarh,Home & Kitchen,Kitchen Organizer,4.0,842.28,15.0,6.0,UPI,4.0,0.0,,,2024,February,Tuesday,1,2863.752,low
ORD100136,2024-07-03,Kavya Chopra,38.0,Female,Hyderabad,Footwear,Formal Leather Shoes,2.0,493.21,5.0,8.0,Credit Card,0.0,0.0,,,2024,July,Wednesday,3,937.0989999999999,low
ORD101470,2025-03-28,Diya Sharma,27.0,Male,Pune,Home & Kitchen,Kitchen Organizer,1.0,1280.29,0.0,8.0,UPI,0.0,0.0,SAVE10,,2025,March,Friday,1,1280.29,low
ORD100653,2025-01-02,Ishita Chopra,35.0,Male,Kochi,Beauty & Personal Care,Face Wash 100ml,1.0,328.44,0.0,6.0,Debit Card,0.0,60.0,,,2025,January,Thursday,1,388.44,low
ORD101946,2023-05-24,Aditya Deshmukh,28.0,Female,Mumbai,Beauty & Personal Care,Beard Trimmer,4.0,673.05,25.0,4.0,UPI,5.0,0.0,FEST20,,2023,May,Wednesday,2,2019.1499999999999,low
ORD101695,2024-09-13,Sara Mehta,34.0,Male,Ahmedabad,Footwear,Casual Sneakers,1.0,1268.3,40.0,5.0,UPI,1.0,0.0,,Quality Not as Expected,2024,September,Friday,3,760.9799999999999,low
ORD101047,2023-12-17,Sai Singh,46.0,Female,Indore,Home & Kitchen,Steel Water Bottle,1.0,829.84,40.0,2.0,UPI,3.0,0.0,,Late Delivery,2023,December,Sunday,4,497.904,low
ORD102878,2024-12-13,Aadhya Gupta,45.0,Female,Kochi,Electronics,USB-C Cable,2.0,731.59,0.0,8.0,Cash on Delivery,5.0,0.0,,Quality Not as Expected,2024,December,Friday,4,1463.18,low
ORD100930,2024-10-13,Aarav Reddy,32.0,Female,Jaipur,Electronics,Smartphone Cover,1.0,2261.18,42.5,7.0,Credit Card,3.0,0.0,,,2024,October,Sunday,4,1130.59,low
ORD100220,2024-11-19,Vivaan Kulkarni,37.0,Female,Lucknow,Home & Kitchen,Non-Stick Pan,3.0,1531.2,20.0,5.0,UPI,0.0,0.0,,,2024,November,Tuesday,4,3674.8800000000006,low
ORD100927,2023-10-02,Karan Patel,42.0,Male,Ahmedabad,Apparel,Formal Shirt,1.0,356.59,40.0,2.0,Credit Card,0.0,150.0,,Wrong Item Delivered,2023,October,Monday,4,363.95399999999995,low
ORD102574,2024-12-05,Diya Deshmukh,20.0,Male,Mumbai,Home & Kitchen,LED Table Lamp,1.0,1205.32,30.0,2.0,Credit Card,4.0,0.0,,,2024,December,Thursday,4,843.7239999999999,low
ORD102824,2024-07-18,Pari Menon,24.0,Female,Indore,Home & Kitchen,Kitchen Organizer,2.0,1468.99,5.0,6.0,UPI,0.0,0.0,,,2024,July,Thursday,3,2791.0809999999997,low
ORD102901,2024-12-30,Karan Rao,25.0,Female,Hyderabad,Electronics,LED Bulb Smart,1.0,2037.58,0.0,6.0,Net Banking,5.0,0.0,,Quality Not as Expected,2024,December,Monday,4,2037.58,low
ORD102186,2023-10-06,Neha Nair,29.0,Male,Lucknow,Home & Kitchen,Curtain Set,2.0,1381.03,0.0,5.0,Cash on Delivery,3.0,60.0,,,2023,October,Friday,4,2822.06,low
ORD100533,2023-09-17,Pooja Singh,41.0,Female,Lucknow,Electronics,USB-C Cable,1.0,2198.29,0.0,2.0,UPI,3.0,100.0,,,2023,September,Sunday,3,2298.29,low
ORD102450,2025-02-04,Ananya Kulkarni,40.0,Male,Nagpur,Beauty & Personal Care,Face Wash 100ml,1.0,496.25,10.0,8.0,UPI,5.0,0.0,,,2025,February,Tuesday,1,446.625,low
ORD100606,2023-10-22,Aditya Kapoor,33.0,Male,Delhi,Apparel,Woolen Sweater,5.0,1418.34,10.0,9.0,Credit Card,4.0,0.0,,Defective Product,2023,October,Sunday,4,4807.712,low
ORD100074,2024-12-16,Kabir Agarwal,35.0,Female,Chandigarh,Grocery,Spices Combo Pack,3.0,307.04,5.0,7.0,UPI,0.0,0.0,FEST20,,2024,December,Monday,4,875.0640000000001,low
ORD101539,2024-07-18,Kavya Shah,34.0,Male,Nagpur,Footwear,Running Shoes,2.0,1082.36,0.0,5.0,Credit Card,5.0,0.0,,,2024,July,Thursday,3,2164.72,low
ORD102161,2023-08-11,Nikhil Kulkarni,43.0,Female,Kochi,Apparel,Sports Track Pant,3.0,1143.4,20.0,5.0,Credit Card,5.0,100.0,,,2023,August,Friday,3,2844.1600000000003,low
ORD101322,2023-12-17,Aadhya Patel,56.5,Male,Lucknow,Apparel,Sports Track Pant,2.0,899.63,30.0,6.0,Debit Card,0.0,60.0,,,2023,December,Sunday,4,1319.482,low
ORD102433,2023-10-14,Amit Mehta,40.0,Male,Lucknow,Grocery,Basmati Rice 5kg,2.0,427.92,5.0,4.0,UPI,4.0,0.0,,,2023,October,Saturday,4,813.048,low
ORD100113,2024-02-23,Nikhil Deshmukh,30.0,Female,Nagpur,Home & Kitchen,Steel Water Bottle,1.0,1674.65,20.0,9.0,Credit Card,5.0,0.0,,,2024,February,Friday,1,1339.7200000000003,low
ORD100986,2024-07-15,Krishna Deshmukh,42.0,Male,Surat,Apparel,Men Cotton T-Shirt,1.0,1111.38,20.0,5.0,Net Banking,0.0,80.0,,,2024,July,Monday,3,969.1040000000002,low
ORD101972,2023-12-08,Karan Deshmukh,52.0,Male,Chennai,Electronics,Bluetooth Earbuds,1.0,1063.48,10.0,2.0,UPI,4.0,0.0,,,2023,December,Friday,4,957.1320000000001,low
ORD102579,2024-06-01,Vivaan Singh,38.0,Male,Surat,Apparel,Kids Hoodie,1.0,577.24,15.0,7.0,Credit Card,3.0,0.0,,,2024,June,Saturday,2,490.654,low
ORD100222,2024-10-04,Pooja Pillai,43.0,Male,Kochi,Grocery,Instant Noodles Pack,1.0,143.57,40.0,8.0,Cash on Delivery,0.0,0.0,,Size Issue,2024,October,Friday,4,86.142,low
ORD100518,2024-11-05,Sara Pillai,31.0,Female,Mumbai,Beauty & Personal Care,Sunscreen SPF50,2.0,529.67,0.0,8.0,UPI,4.0,60.0,FEST20,Changed Mind,2024,November,Tuesday,4,1119.34,low
ORD101348,2024-10-31,Ishaan Menon,26.0,Male,Nagpur,Home & Kitchen,Wall Clock,1.0,740.06,25.0,9.0,Debit Card,0.0,0.0,NEWUSER15,,2024,October,Thursday,4,555.045,low
ORD101119,2024-12-10,Vihaan Sharma,54.0,Male,Ahmedabad,Electronics,Smartwatch Band,1.0,1547.12,40.0,5.0,UPI,5.0,80.0,,,2024,December,Tuesday,4,1008.2719999999999,low
ORD100035,2023-02-28,Vihaan Deshmukh,36.0,Male,Nagpur,Beauty & Personal Care,Lip Balm Pack,3.0,856.92,5.0,2.0,Credit Card,5.0,0.0,WELCOME50,,2023,February,Tuesday,1,2442.2219999999998,low
ORD100830,2023-08-13,Nikhil Agarwal,30.0,Female,Nagpur,Electronics,Power Bank 10000mAh,2.0,2303.15,5.0,4.0,UPI,4.0,100.0,,,2023,August,Sunday,3,4475.985,low
ORD102456,2025-02-04,Rohan Shah,34.0,Female,Delhi,Home & Kitchen,Cotton Bedsheet Set,1.0,2603.435,20.0,9.0,Net Banking,3.0,0.0,WELCOME50,Wrong Item Delivered,2025,February,Tuesday,1,4807.712,low
ORD102848,2023-09-13,Anika Sharma,38.0,Female,Chandigarh,Beauty & Personal Care,Face Wash 100ml,3.0,194.35,0.0,3.0,Credit Card,0.0,100.0,FEST20,,2023,September,Wednesday,3,683.05,low
ORD100347,2025-05-02,Sara Rao,17.0,Male,Lucknow,Footwear,Sandals,2.0,1149.83,0.0,6.0,UPI,3.0,0.0,FLAT100,,2025,May,Friday,2,2299.66,low
ORD100167,2023-06-02,Anika Singh,25.0,Male,Lucknow,Beauty & Personal Care,Face Wash 100ml,4.0,170.25,0.0,5.0,Debit Card,5.0,0.0,FLAT100,,2023,June,Friday,2,681.0,low
ORD102638,2023-05-18,Aarav Patel,22.0,Male,Nagpur,Electronics,Power Bank 10000mAh,1.0,1825.9,20.0,8.0,Net Banking,1.0,60.0,,Wrong Item Delivered,2023,May,Thursday,2,1520.7200000000003,low
ORD100116,2023-02-03,Navya Menon,48.0,Male,Lucknow,Apparel,Men Cotton T-Shirt,5.0,1321.24,20.0,5.0,UPI,4.0,0.0,,,2023,February,Friday,1,4807.712,low
ORD100530,2024-06-29,Diya Singh,39.0,Male,Mumbai,Apparel,Sports Track Pant,2.0,689.49,10.0,9.0,UPI,4.0,40.0,,,2024,June,Saturday,2,1281.082,low
ORD101721,2024-11-06,Anika Sharma,27.0,Male,Kolkata,Apparel,Men Cotton T-Shirt,2.0,1442.78,5.0,3.0,Debit Card,1.0,60.0,,,2024,November,Wednesday,4,2801.2819999999997,low
ORD102667,2025-05-29,Aarav Deshmukh,33.0,Female,Mumbai,Home & Kitchen,Kitchen Organizer,3.0,1793.86,0.0,4.0,UPI,4.0,0.0,,,2025,May,Thursday,2,4807.712,low
ORD100320,2023-10-20,Nikhil Menon,19.0,Female,Ahmedabad,Electronics,LED Bulb Smart,1.0,2377.94,0.0,7.0,Cash on Delivery,5.0,0.0,,,2023,October,Friday,4,2377.94,low
ORD101028,2024-05-29,Aarav Kapoor,38.0,Female,Bengaluru,Grocery,Green Tea Pack,2.0,689.01,15.0,2.0,UPI,5.0,0.0,,,2024,May,Wednesday,2,1171.317,low
ORD100473,2023-11-15,Karan Singh,23.0,Female,Kolkata,Electronics,Wireless Mouse,1.0,656.37,5.0,2.0,UPI,4.0,100.0,,,2023,November,Wednesday,4,723.5514999999999,low
ORD102370,2023-02-10,Rohan Singh,33.0,Male,Bengaluru,Grocery,Cooking Oil 1L,2.0,152.1,0.0,2.0,UPI,0.0,0.0,SAVE10,,2023,February,Friday,1,304.2,low
ORD102237,2023-01-20,Karan Deshmukh,29.0,Male,Kochi,Home & Kitchen,Curtain Set,2.0,715.11,10.0,4.0,UPI,2.0,0.0,,,2023,January,Friday,1,1287.198,low
ORD101602,2025-01-22,Pari Singh,40.0,Female,Kolkata,Electronics,Wireless Mouse,1.0,1159.76,40.0,8.0,Credit Card,5.0,60.0,,,2025,January,Wednesday,1,755.856,low
ORD102525,2023-10-23,Vivaan Reddy,40.0,Male,Lucknow,Home & Kitchen,LED Table Lamp,1.0,249.34,30.0,5.0,UPI,3.0,0.0,NEWUSER15,,2023,October,Monday,4,174.53799999999998,low
ORD102264,2023-04-07,Vivaan Patel,21.0,Female,Chennai,Grocery,Instant Noodles Pack,1.0,86.81,5.0,2.0,Credit Card,5.0,0.0,SAVE10,,2023,April,Friday,2,82.4695,low
ORD100227,2023-11-08,Vihaan Sharma,36.0,Female,Kochi,Footwear,Running Shoes,2.0,481.96,15.0,6.0,UPI,5.0,0.0,,,2023,November,Wednesday,4,819.332,low
ORD101644,2023-05-01,Riya Menon,32.0,Female,Jaipur,Apparel,Ethnic Saree,1.0,1333.84,15.0,5.0,UPI,4.0,0.0,FLAT100,,2023,May,Monday,2,1133.764,low
ORD101025,2024-01-01,Rahul Rao,31.0,Male,Mumbai,Electronics,Wireless Mouse,1.0,1887.32,0.0,3.0,UPI,3.0,100.0,WELCOME50,,2024,January,Monday,1,1987.32,low
ORD102680,2023-12-18,Aarav Mehta,40.0,Female,Pune,Apparel,Kids Hoodie,1.0,581.77,10.0,8.0,Credit Card,5.0,60.0,NEWUSER15,Size Issue,2023,December,Monday,4,583.593,low
ORD101772,2023-10-19,Pooja Deshmukh,33.0,Male,Nagpur,Home & Kitchen,LED Table Lamp,2.0,1404.17,5.0,2.0,UPI,5.0,40.0,,,2023,October,Thursday,4,2707.9230000000002,low
ORD100081,2024-02-03,Rahul Nair,34.0,Female,Kochi,Home & Kitchen,Curtain Set,1.0,245.29,20.0,6.0,UPI,0.0,0.0,WELCOME50,,2024,February,Saturday,1,196.232,low
ORD101528,2023-01-19,Sai Shah,34.0,Male,Kolkata,Beauty & Personal Care,Lip Balm Pack,3.0,454.79,15.0,3.0,UPI,5.0,0.0,,,2023,January,Thursday,1,1159.7145,low
ORD101755,2023-10-18,Priya Patel,50.0,Male,Indore,Grocery,Spices Combo Pack,1.0,400.76,10.0,2.0,UPI,1.0,60.0,,,2023,October,Wednesday,4,420.684,low
ORD100668,2023-12-12,Arjun Rao,42.0,Male,Chandigarh,Beauty & Personal Care,Sunscreen SPF50,3.0,568.32,15.0,6.0,UPI,5.0,0.0,,Late Delivery,2023,December,Tuesday,4,1449.216,low
ORD100062,2023-12-01,Kabir Joshi,41.0,Male,Chennai,Grocery,Instant Noodles Pack,1.0,240.73,10.0,7.0,Debit Card,3.0,80.0,,,2023,December,Friday,4,296.657,low
ORD100849,2024-07-05,Arjun Bhat,31.0,Female,Ahmedabad,Grocery,Green Tea Pack,2.0,396.79,15.0,6.0,Debit Card,0.0,0.0,,,2024,July,Friday,3,674.543,low
ORD102649,2023-10-29,Pooja Iyer,23.0,Female,Lucknow,Beauty & Personal Care,Face Wash 100ml,2.0,317.94,15.0,2.0,UPI,3.0,0.0,,,2023,October,Sunday,4,540.4979999999999,low
ORD102054,2024-10-12,Neha Iyer,31.0,Male,Kolkata,Beauty & Personal Care,Sunscreen SPF50,1.0,114.44,0.0,2.0,UPI,5.0,0.0,,,2024,October,Saturday,4,114.44,low
ORD102362,2025-05-26,Riya Menon,16.0,Male,Indore,Electronics,Smartwatch Band,4.0,913.61,25.0,8.0,UPI,3.0,80.0,,,2025,May,Monday,2,2820.83,low
ORD100515,2023-04-06,Krishna Singh,17.0,Other,Mumbai,Grocery,Basmati Rice 5kg,1.0,308.21,20.0,14.0,UPI,0.0,0.0,,Late Delivery,2023,April,Thursday,2,246.56799999999998,low
ORD101354,2023-07-19,Riya Deshmukh,34.0,Male,Indore,Beauty & Personal Care,Perfume 50ml,1.0,465.87,10.0,5.0,Debit Card,3.0,0.0,,,2023,July,Wednesday,3,419.283,low
ORD100109,2024-10-04,Anika Singh,29.0,Male,Chandigarh,Apparel,Woolen Sweater,2.0,1231.83,30.0,6.0,UPI,1.0,0.0,SAVE10,,2024,October,Friday,4,1724.562,low
ORD102130,2024-10-16,Pooja Singh,16.0,Female,Mumbai,Electronics,Portable Speaker,2.0,2459.49,0.0,2.0,UPI,5.0,60.0,,,2024,October,Wednesday,4,4807.712,low
ORD100040,2023-05-31,Ishaan Chopra,36.0,Male,Delhi,Footwear,Running Shoes,1.0,1663.32,0.0,2.0,UPI,4.0,0.0,,,2023,May,Wednesday,2,1663.32,low
ORD102754,2025-06-21,Anika Sharma,38.0,Female,Lucknow,Beauty & Personal Care,Hair Oil 200ml,1.0,396.61,42.5,3.0,Credit Card,5.0,0.0,,,2025,June,Saturday,2,198.305,low
ORD101869,2024-01-11,Krishna Menon,22.0,Male,Delhi,Electronics,Portable Speaker,2.0,1796.95,0.0,2.0,Cash on Delivery,2.0,0.0,,,2024,January,Thursday,1,3593.9,low
ORD102886,2025-04-29,Pooja Joshi,49.0,Male,Chennai,Beauty & Personal Care,Hair Oil 200ml,2.0,106.15,5.0,9.0,Debit Card,5.0,0.0,,,2025,April,Tuesday,2,201.685,low
ORD101125,2025-02-07,Rahul Joshi,34.0,Male,Chandigarh,Electronics,Smartphone Cover,1.0,1175.57,0.0,5.0,Debit Card,2.0,0.0,,,2025,February,Friday,1,1175.57,low
ORD101088,2024-08-16,Kabir Reddy,28.0,Female,Kolkata,Grocery,Instant Noodles Pack,1.0,481.11,5.0,4.0,Debit Card,0.0,0.0,,,2024,August,Friday,3,457.0545,low
ORD100311,2024-09-04,Aditya Kapoor,45.0,Female,Kolkata,Beauty & Personal Care,Herbal Shampoo,1.0,234.41,30.0,4.0,UPI,1.0,40.0,WELCOME50,,2024,September,Wednesday,3,204.087,low
ORD101622,2023-11-05,Sai Menon,21.0,Male,Kochi,Grocery,Whole Wheat Atta 5kg,1.0,505.8,10.0,9.0,Credit Card,5.0,0.0,,,2023,November,Sunday,4,455.22,low
ORD100019,2024-02-15,Aarav Reddy,52.0,Male,Lucknow,Electronics,Portable Speaker,4.0,2494.29,5.0,7.0,Debit Card,5.0,0.0,,,2024,February,Thursday,1,4807.712,low
ORD101426,2024-11-16,Pari Patel,30.0,Female,Kochi,Home & Kitchen,Storage Container Set,2.0,309.55,15.0,6.0,Cash on Delivery,1.0,40.0,,,2024,November,Saturday,4,566.235,low
ORD100357,2025-03-23,Neha Joshi,34.0,Male,Nagpur,Home & Kitchen,Curtain Set,1.0,687.85,15.0,6.0,Credit Card,0.0,60.0,,,2025,March,Sunday,1,644.6725,low
ORD100360,2025-02-09,Sai Pillai,29.0,Female,Delhi,Electronics,Smartwatch Band,1.0,2369.82,42.5,7.0,UPI,0.0,0.0,,,2025,February,Sunday,1,1184.91,low
ORD102809,2024-11-23,Ishita Rao,38.0,Female,Chennai,Beauty & Personal Care,Sunscreen SPF50,1.0,303.92,20.0,2.0,Credit Card,4.0,100.0,,Defective Product,2024,November,Saturday,4,343.136,low
ORD101541,2023-08-09,Amit Mehta,31.0,Female,Chennai,Electronics,Wireless Mouse,3.0,2041.73,15.0,3.0,Cash on Delivery,4.0,0.0,,,2023,August,Wednesday,3,4807.712,low
ORD100289,2024-03-07,Rohan Mehta,42.0,Female,Chandigarh,Electronics,Smartphone Cover,2.0,1606.45,0.0,6.0,Credit Card,5.0,0.0,,Defective Product,2024,March,Thursday,1,3212.9,low
ORD100392,2023-12-01,Sara Reddy,33.0,Female,Jaipur,Home & Kitchen,Steel Water Bottle,3.0,1662.09,15.0,3.0,Credit Card,3.0,60.0,,,2023,December,Friday,4,4298.3295,low
ORD101493,2023-12-06,Krishna Reddy,22.0,Male,Lucknow,Beauty & Personal Care,Beard Trimmer,2.0,178.41,5.0,2.0,Debit Card,5.0,0.0,FEST20,,2023,December,Wednesday,4,338.979,low
ORD101731,2024-12-06,Pari Shah,20.0,Male,Kolkata,Beauty & Personal Care,Sunscreen SPF50,2.0,686.03,0.0,4.0,UPI,3.0,60.0,SAVE10,,2024,December,Friday,4,1432.06,low
ORD102219,2023-06-25,Aarav Agarwal,32.0,Male,Surat,Beauty & Personal Care,Lip Balm Pack,5.0,364.12,10.0,8.0,Credit Card,5.0,0.0,,,2023,June,Sunday,2,1638.54,low
ORD100657,2024-11-21,Ananya Deshmukh,46.0,Male,Hyderabad,Footwear,Formal Leather Shoes,1.0,2184.88,15.0,4.0,Debit Card,0.0,0.0,NEWUSER15,,2024,November,Thursday,4,1857.1480000000001,low
ORD101246,2025-02-22,Reyansh Chopra,38.0,Male,Surat,Beauty & Personal Care,Herbal Shampoo,1.0,800.46,10.0,6.0,UPI,5.0,40.0,SAVE10,Changed Mind,2025,February,Saturday,1,760.4140000000001,low
ORD102808,2024-12-21,Amit Chopra,55.0,Female,Chennai,Grocery,Honey 500g,3.0,236.2,30.0,2.0,Cash on Delivery,4.0,150.0,,,2024,December,Saturday,4,646.02,low
ORD102697,2024-01-16,Vivaan Joshi,19.0,Male,Indore,Beauty & Personal Care,Lip Balm Pack,1.0,276.0,0.0,5.0,Debit Card,2.0,80.0,,,2024,January,Tuesday,1,356.0,low
ORD102806,2023-09-21,Vivaan Menon,38.0,Male,Chandigarh,Electronics,LED Bulb Smart,1.0,628.84,10.0,5.0,UPI,3.0,0.0,NEWUSER15,,2023,September,Thursday,3,565.956,low
ORD101564,2023-12-03,Riya Singh,33.0,Male,Chandigarh,Footwear,Flip Flops,2.0,2172.31,10.0,8.0,UPI,1.0,0.0,,,2023,December,Sunday,4,3910.158,low
ORD101953,2024-10-08,Neha Deshmukh,23.0,Female,Pune,Electronics,Wireless Mouse,2.0,1253.34,20.0,2.0,Net Banking,0.0,0.0,,,2024,October,Tuesday,4,2005.344,low
ORD101421,2024-12-15,Sai Menon,34.0,Female,Kochi,Beauty & Personal Care,Herbal Shampoo,1.0,653.82,15.0,4.0,UPI,0.0,80.0,SAVE10,,2024,December,Sunday,4,635.7470000000001,low
ORD102129,2023-12-16,Riya Gupta,28.0,Female,Kolkata,Apparel,Woolen Sweater,4.0,340.0,25.0,9.0,UPI,4.0,0.0,,,2023,December,Saturday,4,1020.0,low
ORD102913,2023-07-25,Priya Nair,34.0,Female,Nagpur,Electronics,LED Bulb Smart,3.0,1080.39,0.0,8.0,Credit Card,2.0,100.0,,,2023,July,Tuesday,3,3341.17,low
ORD100370,2023-11-02,Aditya Iyer,33.0,Female,Indore,Grocery,Basmati Rice 5kg,2.0,2341.802982799181,25.0,8.0,Debit Card,5.0,0.0,,,2023,November,Thursday,4,3512.704474198771,low
ORD102910,2023-01-05,Sneha Patel,24.0,Male,Ahmedabad,Electronics,Bluetooth Earbuds,1.0,2393.5,30.0,2.0,Credit Card,0.0,0.0,,,2023,January,Thursday,1,1675.4499999999998,low
ORD100313,2023-09-14,Kavya Chopra,38.0,Male,Hyderabad,Home & Kitchen,Wall Clock,2.0,436.71,25.0,3.0,UPI,5.0,0.0,,,2023,September,Thursday,3,655.0649999999999,low
ORD102565,2024-01-29,Sneha Reddy,35.0,Female,Nagpur,Grocery,Basmati Rice 5kg,1.0,506.81,40.0,2.0,UPI,1.0,40.0,,,2024,January,Monday,1,344.086,low
ORD101550,2023-09-13,Myra Patel,34.0,Female,Hyderabad,Home & Kitchen,Wall Clock,1.0,1130.92,30.0,5.0,UPI,4.0,150.0,WELCOME50,,2023,September,Wednesday,3,941.644,low
ORD100593,2023-01-16,Arjun Patel,26.0,Female,Surat,Home & Kitchen,LED Table Lamp,1.0,466.53,0.0,3.0,Credit Card,4.0,0.0,,,2023,January,Monday,1,466.53,low
ORD100970,2023-01-08,Karan Gupta,36.0,Female,Mumbai,Electronics,Bluetooth Earbuds,2.0,1292.08,0.0,4.0,Cash on Delivery,5.0,100.0,WELCOME50,,2023,January,Sunday,1,2684.16,low
ORD100202,2024-03-27,Amit Joshi,48.0,Female,Chennai,Grocery,Whole Wheat Atta 5kg,2.0,298.14,0.0,9.0,Credit Card,5.0,100.0,FEST20,,2024,March,Wednesday,1,696.28,low
ORD102013,2025-04-19,Sai Joshi,20.0,Male,Lucknow,Electronics,Power Bank 10000mAh,1.0,2459.67,0.0,5.0,Debit Card,5.0,80.0,NEWUSER15,,2025,April,Saturday,2,2539.67,low
ORD102302,2024-06-03,Arjun Menon,34.0,Male,Kochi,Grocery,Cooking Oil 1L,3.0,305.93,10.0,5.0,Credit Card,5.0,0.0,,,2024,June,Monday,2,826.011,low
ORD101863,2023-12-05,Vihaan Pillai,48.0,Male,Mumbai,Grocery,Cooking Oil 1L,1.0,413.06,25.0,5.0,UPI,0.0,0.0,,,2023,December,Tuesday,4,309.795,low
ORD102461,2023-07-16,Aditya Agarwal,32.0,Female,Lucknow,Electronics,Power Bank 10000mAh,2.0,1709.38,10.0,9.0,UPI,0.0,0.0,,,2023,July,Sunday,3,3076.8840000000005,low
ORD102014,2024-08-13,Pari Nair,27.0,Male,Mumbai,Electronics,Portable Speaker,1.0,1389.24,0.0,3.0,Credit Card,0.0,60.0,,,2024,August,Tuesday,3,1449.24,low
ORD100438,2023-03-15,Anika Reddy,26.0,Female,Kolkata,Grocery,Assorted Dry Fruits,3.0,570.91,15.0,5.0,UPI,0.0,150.0,,,2023,March,Wednesday,1,1605.8205,low
ORD100326,2023-08-04,Pooja Verma,18.0,Male,Indore,Grocery,Basmati Rice 5kg,5.0,611.62,0.0,3.0,UPI,0.0,0.0,,,2023,August,Friday,3,3058.1,low
ORD101158,2023-12-17,Ishita Shah,20.0,Female,Indore,Home & Kitchen,LED Table Lamp,1.0,1141.68,20.0,4.0,UPI,3.0,80.0,,,2023,December,Sunday,4,993.344,low
ORD102190,2023-11-27,Neha Deshmukh,36.0,Male,Mumbai,Grocery,Basmati Rice 5kg,1.0,235.51,15.0,2.0,Net Banking,5.0,0.0,SAVE10,,2023,November,Monday,4,200.18349999999998,low
ORD100387,2025-01-27,Kabir Joshi,31.0,Male,Bengaluru,Footwear,Casual Sneakers,3.0,2083.62,5.0,7.0,Cash on Delivery,2.0,0.0,,,2025,January,Monday,1,4807.712,low
ORD101041,2023-10-03,Rahul Menon,31.0,Male,Indore,Home & Kitchen,Cotton Bedsheet Set,1.0,1026.33,10.0,2.0,UPI,0.0,0.0,SAVE10,,2023,October,Tuesday,4,923.697,low
ORD101788,2024-03-06,Vihaan Shah,46.0,Male,Delhi,Apparel,Sports Track Pant,1.0,1463.84,20.0,3.0,UPI,0.0,100.0,,,2024,March,Wednesday,1,1271.072,low
ORD101187,2023-10-19,Krishna Sharma,49.0,Female,Hyderabad,Beauty & Personal Care,Body Lotion,2.0,250.7,30.0,3.0,Debit Card,0.0,80.0,NEWUSER15,,2023,October,Thursday,4,430.97999999999996,low
ORD100281,2024-03-19,Aditya Singh,34.0,Male,Kolkata,Electronics,Wireless Mouse,1.0,2029.19,10.0,4.0,UPI,5.0,40.0,,,2024,March,Tuesday,1,1866.2710000000002,low
ORD101632,2023-03-24,Rahul Rao,40.0,Female,Lucknow,Beauty & Personal Care,Sunscreen SPF50,1.0,480.99,15.0,7.0,UPI,4.0,0.0,,,2023,March,Friday,1,408.8415,low
ORD100351,2023-02-10,Rahul Shah,40.0,Female,Jaipur,Beauty & Personal Care,Face Wash 100ml,2.0,386.15,0.0,6.0,UPI,5.0,0.0,,,2023,February,Friday,1,772.3,low
ORD101355,2024-03-28,Aadhya Patel,40.0,Male,Surat,Apparel,Woolen Sweater,1.0,1162.46,0.0,9.0,Debit Card,2.0,100.0,FLAT100,,2024,March,Thursday,1,1262.46,low
ORD100042,2024-09-30,Riya Verma,22.0,Male,Kolkata,Beauty & Personal Care,Lip Balm Pack,5.0,204.53,0.0,5.0,UPI,4.0,0.0,,,2024,September,Monday,3,1022.65,low
ORD102465,2023-06-28,Sai Nair,36.0,Male,Mumbai,Grocery,Spices Combo Pack,3.0,628.22,0.0,9.0,Credit Card,0.0,0.0,SAVE10,,2023,June,Wednesday,2,1884.66,low
ORD100101,2023-07-02,Aadhya Bhat,53.0,Male,Delhi,Beauty & Personal Care,Perfume 50ml,3.0,532.0,25.0,5.0,Credit Card,4.0,0.0,NEWUSER15,,2023,July,Sunday,3,1197.0,low
ORD102739,2023-10-27,Kavya Kapoor,43.0,Female,Kochi,Apparel,Women Kurti,1.0,943.71,0.0,5.0,UPI,5.0,0.0,,Changed Mind,2023,October,Friday,4,943.71,low
ORD102990,2024-02-20,Pooja Agarwal,29.0,Female,Bengaluru,Home & Kitchen,Steel Water Bottle,5.0,1028.32,5.0,4.0,UPI,5.0,0.0,,,2024,February,Tuesday,1,4807.712,low
ORD100446,2023-10-13,Rahul Joshi,54.0,Male,Lucknow,Grocery,Cooking Oil 1L,3.0,450.23,20.0,9.0,Debit Card,4.0,80.0,,Size Issue,2023,October,Friday,4,1160.5520000000001,low
ORD101745,2025-06-11,Sara Rao,32.0,Female,Bengaluru,Home & Kitchen,Storage Container Set,1.0,781.9,20.0,4.0,Net Banking,5.0,100.0,,Size Issue,2025,June,Wednesday,2,725.52,low
ORD101273,2024-11-23,Reyansh Deshmukh,44.0,Female,Pune,Beauty & Personal Care,Herbal Shampoo,1.0,373.4,5.0,5.0,UPI,5.0,40.0,,,2024,November,Saturday,4,394.72999999999996,low
ORD100134,2024-12-25,Rohan Kulkarni,40.0,Male,Ahmedabad,Apparel,Kids Hoodie,1.0,884.84,30.0,2.0,Debit Card,4.0,0.0,,,2024,December,Wednesday,4,619.388,low
ORD100574,2024-12-01,Pooja Shah,19.0,Female,Delhi,Footwear,Formal Leather Shoes,1.0,1232.97,15.0,4.0,Debit Card,0.0,0.0,NEWUSER15,,2024,December,Sunday,4,1048.0245,low
ORD100876,2024-05-06,Ananya Nair,24.0,Female,Delhi,Beauty & Personal Care,Sunscreen SPF50,4.0,608.77,25.0,4.0,Credit Card,5.0,60.0,FLAT100,,2024,May,Monday,2,1886.31,low
ORD102823,2025-06-08,Arjun Menon,48.0,Female,Delhi,Beauty & Personal Care,Perfume 50ml,4.0,630.48,42.5,3.0,Net Banking,0.0,60.0,,,2025,June,Sunday,2,1320.96,low
ORD100856,2023-08-12,Priya Rao,36.0,Male,Lucknow,Footwear,Flip Flops,1.0,524.23,15.0,5.0,UPI,1.0,0.0,,,2023,August,Saturday,3,445.5955,low
ORD100128,2024-06-07,Aarav Chopra,40.0,Female,Delhi,Apparel,Woolen Sweater,1.0,937.29,0.0,4.0,Net Banking,0.0,0.0,,,2024,June,Friday,2,937.29,low
ORD100747,2023-10-14,Rahul Kapoor,51.0,Male,Kochi,Beauty & Personal Care,Sunscreen SPF50,2.0,132.89,0.0,2.0,UPI,2.0,40.0,,Changed Mind,2023,October,Saturday,4,305.78,low
ORD100572,2023-09-15,Reyansh Pillai,16.0,Female,Jaipur,Grocery,Spices Combo Pack,3.0,269.45,25.0,3.0,UPI,4.0,0.0,,Changed Mind,2023,September,Friday,3,606.2624999999999,low
ORD102534,2024-12-31,Ishaan Deshmukh,34.0,Female,Indore,Electronics,USB-C Cable,3.0,623.72,0.0,8.0,UPI,5.0,80.0,,,2024,December,Tuesday,4,1951.16,low
ORD102735,2023-05-08,Riya Chopra,46.0,Male,Chennai,Electronics,Power Bank 10000mAh,3.0,1561.99,15.0,6.0,Cash on Delivery,0.0,0.0,,,2023,May,Monday,2,3983.0745,low
ORD100103,2024-11-07,Neha Patel,29.0,Male,Ahmedabad,Beauty & Personal Care,Perfume 50ml,3.0,462.87,40.0,8.0,UPI,5.0,0.0,FEST20,,2024,November,Thursday,4,833.166,low
ORD101690,2024-12-04,Neha Nair,27.0,Female,Lucknow,Grocery,Spices Combo Pack,3.0,497.1,10.0,7.0,Credit Card,4.0,0.0,WELCOME50,,2024,December,Wednesday,4,1342.1700000000003,low
ORD102051,2024-10-16,Ishita Agarwal,37.0,Male,Ahmedabad,Beauty & Personal Care,Body Lotion,5.0,401.27,42.5,2.0,Debit Card,4.0,0.0,,,2024,October,Wednesday,4,1003.175,low
ORD101178,2023-10-06,Aarav Kulkarni,27.0,Female,Bengaluru,Electronics,Bluetooth Earbuds,2.0,1973.82,0.0,6.0,UPI,4.0,0.0,,,2023,October,Friday,4,3947.64,low
ORD101854,2024-01-26,Sai Verma,40.0,Female,Lucknow,Apparel,Women Kurti,4.0,1294.81,10.0,5.0,UPI,3.0,0.0,,,2024,January,Friday,1,4661.316,low
ORD100604,2025-01-22,Myra Menon,35.0,Female,Lucknow,Apparel,Ethnic Saree,4.0,576.73,0.0,9.0,Debit Card,4.0,0.0,,,2025,January,Wednesday,1,2306.92,low
ORD102912,2024-03-05,Sara Reddy,28.0,Male,Kolkata,Beauty & Personal Care,Body Lotion,4.0,659.47,0.0,7.0,Cash on Delivery,0.0,0.0,,,2024,March,Tuesday,1,2637.88,low
ORD102039,2024-10-21,Sai Pillai,47.0,Female,Lucknow,Grocery,Whole Wheat Atta 5kg,1.0,209.34,5.0,6.0,UPI,0.0,40.0,,,2024,October,Monday,4,238.873,low
ORD102411,2023-11-13,Nikhil Bhat,42.0,Male,Jaipur,Electronics,Wireless Mouse,3.0,1510.21,5.0,4.0,Net Banking,4.0,0.0,NEWUSER15,Changed Mind,2023,November,Monday,4,4304.0985,low
ORD101433,2023-12-18,Navya Kulkarni,48.0,Male,Nagpur,Apparel,Women Kurti,1.0,1117.39,20.0,2.0,Debit Card,4.0,40.0,,,2023,December,Monday,4,933.9120000000001,low
ORD100384,2023-01-30,Neha Reddy,24.0,Female,Kochi,Grocery,Spices Combo Pack,2.0,562.4,10.0,9.0,UPI,3.0,0.0,,,2023,January,Monday,1,1012.3199999999999,low
ORD102985,2024-08-13,Myra Kapoor,23.0,Male,Kochi,Footwear,Casual Sneakers,2.0,828.57,10.0,3.0,UPI,4.0,0.0,,,2024,August,Tuesday,3,1491.4260000000002,low
ORD100056,2024-12-27,Anika Patel,38.0,Female,Lucknow,Apparel,Denim Jeans,1.0,1123.53,15.0,9.0,Debit Card,5.0,80.0,,,2024,December,Friday,4,1035.0005,low
ORD100711,2024-04-21,Neha Nair,24.0,Male,Lucknow,Electronics,Portable Speaker,3.0,589.12,30.0,5.0,Debit Card,4.0,100.0,,,2024,April,Sunday,2,1337.152,low
ORD100324,2025-06-07,Aarav Sharma,32.0,Male,Hyderabad,Apparel,Formal Shirt,4.0,887.12,5.0,3.0,Debit Card,4.0,0.0,,,2025,June,Saturday,2,3371.056,low
ORD100078,2024-05-29,Aarav Sharma,35.0,Male,Pune,Apparel,Women Kurti,2.0,946.55,15.0,2.0,UPI,3.0,0.0,,,2024,May,Wednesday,2,1609.135,low
ORD100540,2024-10-18,Diya Patel,33.0,Male,Hyderabad,Electronics,USB-C Cable,2.0,1140.0,20.0,7.0,Credit Card,0.0,0.0,,,2024,October,Friday,4,1824.0,low
ORD100355,2023-01-20,Nikhil Singh,22.0,Female,Ahmedabad,Grocery,Instant Noodles Pack,3.0,600.74,20.0,3.0,Credit Card,0.0,0.0,,Changed Mind,2023,January,Friday,1,1441.776,low
ORD100359,2024-11-12,Navya Agarwal,23.0,Female,Lucknow,Apparel,Women Kurti,2.0,1259.03,0.0,2.0,UPI,0.0,80.0,SAVE10,,2024,November,Tuesday,4,2598.06,low
ORD101018,2023-01-27,Sara Reddy,23.0,Male,Mumbai,Grocery,Honey 500g,4.0,206.01,10.0,5.0,Net Banking,2.0,0.0,,Defective Product,2023,January,Friday,1,741.636,low
ORD102661,2024-12-06,Pooja Kulkarni,24.0,Male,Indore,Electronics,Wireless Mouse,1.0,1619.98,5.0,5.0,Net Banking,5.0,0.0,,,2024,December,Friday,4,1538.981,low
ORD101394,2023-07-16,Reyansh Singh,52.0,Female,Delhi,Home & Kitchen,Wall Clock,2.0,1084.14,20.0,2.0,Credit Card,3.0,0.0,,,2023,July,Sunday,3,1734.6240000000003,low
ORD100915,2024-02-22,Riya Patel,29.0,Male,Lucknow,Electronics,Power Bank 10000mAh,1.0,2003.44,0.0,9.0,Cash on Delivery,5.0,0.0,,,2024,February,Thursday,1,2003.44,low
ORD100307,2023-11-01,Sai Menon,42.0,Female,Lucknow,Apparel,Woolen Sweater,2.0,525.33,10.0,4.0,UPI,0.0,40.0,FEST20,,2023,November,Wednesday,4,985.594,low
ORD101413,2024-12-22,Nikhil Mehta,17.0,Male,Lucknow,Apparel,Sports Track Pant,1.0,921.87,15.0,9.0,Net Banking,0.0,0.0,,,2024,December,Sunday,4,783.5894999999999,low
ORD100813,2023-09-16,Arjun Patel,36.0,Male,Kochi,Home & Kitchen,Curtain Set,2.0,1199.92,0.0,4.0,Net Banking,5.0,40.0,,,2023,September,Saturday,3,2439.84,low
ORD100041,2024-11-21,Reyansh Joshi,43.0,Female,Lucknow,Footwear,Sandals,1.0,2145.26,20.0,3.0,Credit Card,5.0,0.0,FEST20,,2024,November,Thursday,4,1716.2080000000003,low
ORD101586,2025-01-20,Arjun Pillai,40.0,Female,Chandigarh,Beauty & Personal Care,Face Wash 100ml,1.0,329.98,10.0,8.0,Debit Card,4.0,100.0,SAVE10,,2025,January,Monday,1,396.982,low
ORD101405,2023-05-22,Ishita Kapoor,48.0,Male,Nagpur,Footwear,Formal Leather Shoes,3.0,2030.26,15.0,5.0,UPI,0.0,60.0,SAVE10,Size Issue,2023,May,Monday,2,4807.712,low
ORD102765,2024-05-02,Pari Rao,28.0,Male,Hyderabad,Beauty & Personal Care,Herbal Shampoo,1.0,864.14,5.0,4.0,Credit Card,4.0,40.0,WELCOME50,,2024,May,Thursday,2,860.933,low
ORD100882,2024-02-13,Aarav Kapoor,21.0,Male,Nagpur,Electronics,LED Bulb Smart,3.0,804.16,10.0,7.0,Cash on Delivery,5.0,0.0,SAVE10,,2024,February,Tuesday,1,2171.232,low
ORD100698,2023-02-15,Aadhya Menon,41.0,Female,Chennai,Home & Kitchen,Kitchen Organizer,2.0,1444.69,20.0,5.0,Credit Card,5.0,0.0,FLAT100,,2023,February,Wednesday,1,2311.5040000000004,low
ORD101838,2023-07-22,Kavya Deshmukh,36.0,Male,Kolkata,Grocery,Green Tea Pack,2.0,227.59,15.0,3.0,Debit Card,5.0,0.0,,,2023,July,Saturday,3,386.903,low
ORD100003,2024-02-04,Neha Singh,27.0,Male,Hyderabad,Grocery,Assorted Dry Fruits,1.0,426.98,10.0,9.0,UPI,5.0,0.0,SAVE10,,2024,February,Sunday,1,384.28200000000004,low
ORD100215,2023-09-06,Ishaan Joshi,31.0,Female,Lucknow,Home & Kitchen,Storage Container Set,1.0,1559.71,20.0,8.0,Net Banking,3.0,0.0,,,2023,September,Wednesday,3,1247.768,low
ORD100976,2024-12-13,Sai Menon,29.0,Male,Chandigarh,Electronics,LED Bulb Smart,2.0,1681.75,10.0,3.0,Credit Card,4.0,0.0,SAVE10,,2024,December,Friday,4,3027.15,low
ORD100098,2024-08-03,Anika Kulkarni,35.0,Female,Indore,Beauty & Personal Care,Face Wash 100ml,2.0,483.22,10.0,2.0,UPI,1.0,80.0,,,2024,August,Saturday,3,949.796,low
ORD101989,2025-04-21,Neha Kulkarni,26.0,Male,Delhi,Beauty & Personal Care,Sunscreen SPF50,4.0,392.57,20.0,7.0,Credit Card,1.0,80.0,,,2025,April,Monday,2,1336.2240000000002,low
ORD101601,2024-11-03,Aadhya Verma,34.0,Female,Indore,Apparel,Woolen Sweater,1.0,1137.44,15.0,1.0,UPI,3.0,0.0,WELCOME50,,2024,November,Sunday,4,966.8240000000001,low
ORD102722,2023-04-14,Vivaan Verma,18.0,Male,Lucknow,Beauty & Personal Care,Hair Oil 200ml,3.0,620.07,5.0,6.0,UPI,3.0,0.0,,,2023,April,Friday,2,1767.1995,low
ORD101370,2025-03-13,Aditya Reddy,45.0,Female,Indore,Electronics,USB-C Cable,2.0,2402.06,15.0,6.0,Debit Card,3.0,0.0,,,2025,March,Thursday,1,4083.502,low
ORD102611,2025-04-24,Ananya Kapoor,23.0,Male,Lucknow,Home & Kitchen,LED Table Lamp,3.0,565.45,15.0,2.0,Credit Card,3.0,0.0,,Wrong Item Delivered,2025,April,Thursday,2,1441.8975,low
ORD102522,2023-07-11,Vihaan Iyer,42.0,Male,Nagpur,Apparel,Denim Jeans,1.0,904.18,40.0,2.0,Debit Card,5.0,80.0,,,2023,July,Tuesday,3,622.5079999999999,low
ORD101191,2023-09-11,Ishita Menon,31.0,Female,Bengaluru,Beauty & Personal Care,Face Wash 100ml,1.0,251.36,0.0,3.0,UPI,4.0,0.0,,Wrong Item Delivered,2023,September,Monday,3,251.36,low
ORD101704,2025-04-18,Ananya Agarwal,40.0,Female,Indore,Electronics,Power Bank 10000mAh,5.0,2158.53,25.0,2.0,Credit Card,4.0,0.0,,,2025,April,Friday,2,4807.712,low
ORD101832,2024-06-20,Vivaan Gupta,34.0,Male,Bengaluru,Footwear,Flip Flops,1.0,1701.7,15.0,5.0,UPI,5.0,100.0,,,2024,June,Thursday,2,1546.445,low
ORD101516,2024-03-15,Reyansh Menon,31.0,Male,Jaipur,Electronics,LED Bulb Smart,2.0,1991.89,0.0,8.0,Credit Card,3.0,0.0,,,2024,March,Friday,1,3983.78,low
ORD100700,2024-10-01,Aarav Bhat,18.0,Male,Kochi,Grocery,Honey 500g,2.0,602.54,40.0,5.0,UPI,0.0,0.0,SAVE10,,2024,October,Tuesday,4,723.0479999999999,low
ORD100455,2024-05-20,Riya Chopra,25.0,Male,Nagpur,Apparel,Kids Hoodie,4.0,1054.29,15.0,4.0,Net Banking,4.0,80.0,,,2024,May,Monday,2,3664.586,low
ORD102413,2024-07-02,Amit Deshmukh,22.0,Male,Delhi,Footwear,Casual Sneakers,2.0,1053.66,10.0,5.0,UPI,4.0,0.0,FLAT100,,2024,July,Tuesday,3,1896.5880000000002,low
ORD102626,2023-10-02,Pari Verma,34.0,Female,Jaipur,Apparel,Denim Jeans,3.0,1258.81,10.0,9.0,Debit Card,5.0,0.0,,,2023,October,Monday,4,3398.787,low
ORD100521,2023-05-14,Riya Pillai,41.0,Male,Delhi,Apparel,Men Cotton T-Shirt,2.0,1343.41,0.0,6.0,Credit Card,5.0,0.0,FEST20,,2023,May,Sunday,2,2686.82,low
ORD101260,2023-12-08,Ishita Menon,46.0,Male,Pune,Grocery,Basmati Rice 5kg,1.0,134.23,40.0,14.0,UPI,4.0,80.0,SAVE10,,2023,December,Friday,4,160.538,low
ORD102208,2023-08-02,Kabir Menon,36.0,Male,Hyderabad,Grocery,Honey 500g,2.0,384.58,5.0,7.0,Credit Card,0.0,0.0,,,2023,August,Wednesday,3,730.7019999999999,low
ORD101037,2024-11-27,Vivaan Pillai,29.0,Male,Hyderabad,Home & Kitchen,Cotton Bedsheet Set,4.0,1598.34,42.5,3.0,Credit Card,1.0,0.0,,,2024,November,Wednesday,4,3196.68,low
ORD100389,2024-12-11,Krishna Bhat,36.0,Male,Jaipur,Electronics,Bluetooth Earbuds,2.0,754.34,0.0,6.0,Net Banking,4.0,150.0,,,2024,December,Wednesday,4,1658.68,low
ORD100951,2023-10-05,Anika Gupta,42.0,Male,Bengaluru,Grocery,Honey 500g,1.0,401.69,20.0,8.0,Credit Card,0.0,60.0,,,2023,October,Thursday,4,381.35200000000003,low
ORD102562,2024-08-30,Krishna Kapoor,40.0,Female,Kolkata,Electronics,Wireless Mouse,3.0,2023.87,20.0,2.0,Credit Card,4.0,0.0,,,2024,August,Friday,3,4807.712,low
ORD100411,2023-07-29,Neha Patel,33.0,Male,Chennai,Footwear,Flip Flops,2.0,1859.78,10.0,3.0,Credit Card,4.0,100.0,,,2023,July,Saturday,3,3447.604,low
ORD101805,2023-02-11,Sara Joshi,26.0,Female,Jaipur,Beauty & Personal Care,Hair Oil 200ml,1.0,351.43,5.0,2.0,UPI,5.0,0.0,NEWUSER15,,2023,February,Saturday,1,333.8585,low
ORD101661,2024-07-10,Sai Mehta,41.0,Male,Chennai,Beauty & Personal Care,Sunscreen SPF50,1.0,709.22,0.0,3.0,Credit Card,4.0,0.0,,,2024,July,Wednesday,3,709.22,low
ORD101301,2024-01-01,Arjun Sharma,33.0,Male,Mumbai,Electronics,Wireless Mouse,3.0,1774.56,0.0,4.0,Credit Card,4.0,80.0,,,2024,January,Monday,1,4807.712,low
ORD102744,2024-11-05,Sneha Kulkarni,32.0,Male,Ahmedabad,Home & Kitchen,Curtain Set,1.0,1076.89,40.0,4.0,UPI,5.0,40.0,,,2024,November,Tuesday,4,686.134,low
ORD101296,2023-08-28,Arjun Joshi,44.0,Male,Mumbai,Apparel,Denim Jeans,4.0,1361.62,15.0,6.0,Credit Card,0.0,0.0,,,2023,August,Monday,3,4629.508,low
ORD101770,2023-11-04,Kabir Gupta,38.0,Female,Chandigarh,Footwear,Casual Sneakers,5.0,1148.73,25.0,2.0,Debit Card,4.0,80.0,FLAT100,,2023,November,Saturday,4,4387.737499999999,low
ORD101268,2025-05-18,Myra Joshi,35.0,Female,Pune,Footwear,Flip Flops,2.0,1612.88,10.0,6.0,Credit Card,5.0,60.0,,,2025,May,Sunday,2,2963.184,low
ORD102373,2024-11-06,Kavya Joshi,27.0,Female,Mumbai,Home & Kitchen,Wall Clock,1.0,1487.92,10.0,2.0,Debit Card,4.0,0.0,,,2024,November,Wednesday,4,1339.1280000000002,low
ORD102052,2023-11-26,Kavya Nair,47.0,Male,Surat,Footwear,Casual Sneakers,2.0,577.21,25.0,8.0,Cash on Delivery,5.0,0.0,,,2023,November,Sunday,4,865.815,low
ORD102835,2024-05-10,Sneha Singh,27.0,Female,Lucknow,Electronics,Power Bank 10000mAh,2.0,1741.53,10.0,6.0,UPI,0.0,60.0,,Wrong Item Delivered,2024,May,Friday,2,3194.754,low
ORD101021,2023-03-07,Pari Chopra,46.0,Other,Lucknow,Home & Kitchen,Non-Stick Pan,1.0,1406.2,10.0,9.0,UPI,4.0,0.0,,,2023,March,Tuesday,1,1265.5800000000002,low
ORD100501,2024-08-16,Aadhya Reddy,23.0,Male,Chandigarh,Apparel,Men Cotton T-Shirt,2.0,1059.54,5.0,6.0,Debit Card,5.0,100.0,,,2024,August,Friday,3,2113.1259999999997,low
ORD102883,2023-02-14,Vihaan Agarwal,45.0,Female,Kochi,Grocery,Instant Noodles Pack,1.0,362.57,0.0,5.0,UPI,2.0,80.0,FEST20,,2023,February,Tuesday,1,442.57,low
ORD100758,2023-10-23,Aadhya Iyer,22.0,Female,Jaipur,Grocery,Whole Wheat Atta 5kg,2.0,330.69,0.0,6.0,UPI,3.0,0.0,,,2023,October,Monday,4,661.38,low
ORD102254,2024-12-20,Vivaan Chopra,34.0,Female,Mumbai,Home & Kitchen,Steel Water Bottle,2.0,1525.43,15.0,14.0,Credit Card,0.0,0.0,,,2024,December,Friday,4,2593.231,low
ORD100428,2023-01-23,Kabir Singh,28.0,Male,Kochi,Electronics,USB-C Cable,1.0,1610.77,0.0,7.0,UPI,5.0,100.0,,,2023,January,Monday,1,1710.77,low
ORD101610,2024-12-08,Kabir Patel,23.0,Female,Lucknow,Electronics,Power Bank 10000mAh,2.0,1211.96,10.0,3.0,UPI,2.0,60.0,,Size Issue,2024,December,Sunday,4,2241.5280000000002,low
ORD101317,2024-06-21,Krishna Joshi,27.0,Other,Kochi,Electronics,Bluetooth Earbuds,1.0,1439.52,10.0,4.0,Credit Card,0.0,0.0,,,2024,June,Friday,2,1295.568,low
ORD101136,2024-10-22,Navya Deshmukh,48.0,Male,Pune,Electronics,Smartphone Cover,2.0,1028.46,0.0,2.0,Debit Card,5.0,0.0,,,2024,October,Tuesday,4,2056.92,low
ORD100073,2023-04-29,Nikhil Nair,24.0,Other,Kolkata,Home & Kitchen,Non-Stick Pan,3.0,337.48,15.0,6.0,UPI,5.0,0.0,,,2023,April,Saturday,2,860.5740000000001,low
ORD100025,2024-08-09,Ishita Shah,29.0,Female,Chennai,Home & Kitchen,Wall Clock,1.0,735.29,15.0,7.0,Credit Card,4.0,80.0,,,2024,August,Friday,3,704.9965,low
ORD101344,2023-06-20,Sara Gupta,29.0,Male,Hyderabad,Grocery,Spices Combo Pack,5.0,318.69,5.0,7.0,UPI,4.0,0.0,,,2023,June,Tuesday,2,1513.7775,low
ORD101874,2024-01-08,Vihaan Rao,39.0,Male,Nagpur,Beauty & Personal Care,Herbal Shampoo,3.0,135.38,5.0,6.0,UPI,3.0,150.0,,,2024,January,Monday,1,535.833,low
ORD101126,2025-02-17,Aarav Rao,22.0,Female,Chennai,Grocery,Whole Wheat Atta 5kg,1.0,360.51,40.0,2.0,Net Banking,0.0,40.0,NEWUSER15,,2025,February,Monday,1,256.306,low
ORD102492,2025-04-26,Amit Kulkarni,32.0,Male,Kochi,Apparel,Women Kurti,4.0,509.81,5.0,5.0,Debit Card,5.0,100.0,SAVE10,,2025,April,Saturday,2,2037.278,low
ORD101139,2024-10-08,Vihaan Kapoor,35.0,Female,Surat,Home & Kitchen,Cotton Bedsheet Set,5.0,1489.83,25.0,4.0,UPI,1.0,0.0,,,2024,October,Tuesday,4,4807.712,low
ORD100505,2024-02-18,Aadhya Mehta,34.0,Other,Jaipur,Electronics,LED Bulb Smart,1.0,637.22,15.0,5.0,UPI,2.0,40.0,NEWUSER15,Size Issue,2024,February,Sunday,1,581.6370000000001,low
ORD102695,2023-12-15,Arjun Gupta,34.0,Male,Indore,Apparel,Woolen Sweater,1.0,868.62,10.0,7.0,UPI,4.0,0.0,,,2023,December,Friday,4,781.758,low
ORD102479,2023-05-03,Krishna Joshi,30.0,Male,Chennai,Home & Kitchen,Non-Stick Pan,2.0,1325.05,5.0,8.0,UPI,4.0,150.0,,,2023,May,Wednesday,2,2667.595,low
ORD102919,2023-12-11,Priya Chopra,40.0,Male,Kochi,Beauty & Personal Care,Body Lotion,3.0,497.2,30.0,4.0,UPI,5.0,100.0,,Size Issue,2023,December,Monday,4,1144.12,low
ORD102785,2023-04-18,Neha Patel,35.0,Female,Bengaluru,Apparel,Denim Jeans,3.0,1071.68,10.0,6.0,UPI,5.0,0.0,,,2023,April,Tuesday,2,2893.536,low
ORD102727,2023-02-06,Sai Singh,33.0,Male,Kochi,Grocery,Basmati Rice 5kg,1.0,496.62,0.0,2.0,UPI,4.0,0.0,WELCOME50,,2023,February,Monday,1,496.62,low
ORD101634,2024-11-15,Karan Bhat,19.0,Male,Bengaluru,Electronics,Portable Speaker,5.0,743.36,25.0,4.0,UPI,0.0,0.0,,,2024,November,Friday,4,2787.6000000000004,low
ORD101120,2023-01-13,Ishaan Sharma,32.0,Male,Chennai,Grocery,Spices Combo Pack,1.0,584.74,10.0,3.0,UPI,0.0,0.0,,,2023,January,Friday,1,526.2660000000001,low
ORD101734,2025-02-23,Sara Rao,30.0,Male,Hyderabad,Footwear,Running Shoes,1.0,2057.04,0.0,4.0,UPI,0.0,40.0,FEST20,,2025,February,Sunday,1,2097.04,low
ORD100586,2024-09-20,Kabir Singh,29.0,Female,Lucknow,Grocery,Honey 500g,2.0,684.56,0.0,7.0,Debit Card,3.0,0.0,,,2024,September,Friday,3,1369.12,low
ORD102346,2023-10-26,Nikhil Gupta,44.0,Other,Delhi,Footwear,Formal Leather Shoes,1.0,1238.84,0.0,9.0,Debit Card,4.0,100.0,SAVE10,,2023,October,Thursday,4,1338.84,low
ORD100611,2024-02-26,Aditya Joshi,46.0,Female,Bengaluru,Electronics,Power Bank 10000mAh,1.0,2226.12,0.0,3.0,UPI,0.0,0.0,FLAT100,,2024,February,Monday,1,2226.12,low
ORD101138,2024-11-08,Pooja Menon,34.0,Male,Nagpur,Beauty & Personal Care,Beard Trimmer,2.0,227.25,5.0,3.0,Debit Card,4.0,0.0,WELCOME50,Defective Product,2024,November,Friday,4,431.775,low
ORD100425,2023-07-01,Ishaan Iyer,34.0,Male,Ahmedabad,Home & Kitchen,Kitchen Organizer,3.0,259.24,0.0,6.0,UPI,5.0,60.0,,,2023,July,Saturday,3,837.72,low
ORD100648,2024-12-03,Kabir Joshi,49.0,Female,Lucknow,Electronics,USB-C Cable,1.0,1849.87,0.0,8.0,Debit Card,0.0,0.0,,,2024,December,Tuesday,4,1849.87,low
ORD101089,2023-05-09,Priya Rao,33.0,Female,Kochi,Grocery,Green Tea Pack,1.0,563.2,20.0,4.0,Net Banking,3.0,100.0,FEST20,,2023,May,Tuesday,2,550.5600000000001,low
ORD102496,2024-12-30,Ishita Kapoor,21.0,Male,Lucknow,Electronics,Portable Speaker,1.0,2169.32,20.0,9.0,Cash on Delivery,1.0,0.0,FEST20,,2024,December,Monday,4,1735.4560000000001,low
ORD102829,2024-11-13,Sai Nair,29.0,Other,Surat,Home & Kitchen,Non-Stick Pan,1.0,1678.06,42.5,9.0,UPI,5.0,150.0,,,2024,November,Wednesday,4,989.03,low
ORD101408,2023-01-02,Neha Reddy,32.0,Male,Kochi,Apparel,Kids Hoodie,3.0,507.86,40.0,9.0,UPI,5.0,60.0,NEWUSER15,,2023,January,Monday,1,974.1479999999999,low
ORD100565,2023-08-04,Aditya Mehta,50.0,Female,Delhi,Beauty & Personal Care,Face Wash 100ml,3.0,774.57,10.0,5.0,UPI,3.0,80.0,,,2023,August,Friday,3,2171.339,low
ORD102269,2025-06-08,Diya Nair,34.0,Male,Lucknow,Grocery,Spices Combo Pack,2.0,517.46,5.0,2.0,UPI,3.0,0.0,SAVE10,,2025,June,Sunday,2,983.174,low
ORD100885,2024-10-31,Ishaan Kapoor,38.0,Male,Jaipur,Beauty & Personal Care,Perfume 50ml,3.0,676.3,15.0,2.0,UPI,5.0,0.0,WELCOME50,,2024,October,Thursday,4,1724.5649999999998,low
ORD102953,2023-11-05,Navya Nair,30.0,Female,Ahmedabad,Electronics,Smartwatch Band,5.0,684.74,5.0,9.0,Debit Card,0.0,0.0,,,2023,November,Sunday,4,3252.515,low
ORD102728,2024-12-10,Sneha Nair,45.0,Male,Lucknow,Home & Kitchen,Non-Stick Pan,2.0,607.1,10.0,5.0,UPI,3.0,0.0,NEWUSER15,,2024,December,Tuesday,4,1092.78,low
ORD100782,2023-04-22,Neha Sharma,31.0,Male,Mumbai,Grocery,Assorted Dry Fruits,1.0,307.05,20.0,2.0,Cash on Delivery,0.0,150.0,,,2023,April,Saturday,2,395.64,low
ORD102713,2024-04-19,Krishna Shah,29.0,Female,Pune,Apparel,Kids Hoodie,2.0,1108.07,0.0,8.0,Credit Card,5.0,0.0,NEWUSER15,,2024,April,Friday,2,2216.14,low
ORD101981,2024-07-21,Neha Chopra,28.0,Female,Mumbai,Apparel,Sports Track Pant,3.0,487.5,15.0,3.0,Credit Card,4.0,0.0,,,2024,July,Sunday,3,1243.125,low
ORD100629,2023-11-30,Krishna Gupta,33.0,Male,Chennai,Electronics,Power Bank 10000mAh,2.0,1574.3,0.0,9.0,UPI,4.0,60.0,NEWUSER15,,2023,November,Thursday,4,3208.6,low
ORD102900,2024-04-07,Vivaan Mehta,43.0,Male,Pune,Home & Kitchen,Cotton Bedsheet Set,1.0,816.96,0.0,7.0,UPI,0.0,0.0,,,2024,April,Sunday,2,816.96,low
ORD102267,2024-10-25,Rahul Chopra,35.0,Male,Kochi,Footwear,Running Shoes,1.0,2603.435,25.0,6.0,UPI,5.0,0.0,FLAT100,,2024,October,Friday,4,3725.5164598005013,low
ORD100500,2023-04-14,Priya Chopra,24.0,Male,Ahmedabad,Electronics,LED Bulb Smart,2.0,1455.23,5.0,9.0,Debit Card,0.0,0.0,,,2023,April,Friday,2,2764.937,low
ORD101723,2024-10-28,Ishita Chopra,37.0,Male,Kochi,Electronics,Bluetooth Earbuds,1.0,2046.26,5.0,3.0,Credit Card,0.0,150.0,,Quality Not as Expected,2024,October,Monday,4,2093.947,low
ORD102924,2024-01-21,Ishaan Joshi,24.0,Female,Nagpur,Apparel,Kids Hoodie,3.0,1387.81,15.0,9.0,Credit Card,0.0,100.0,NEWUSER15,,2024,January,Sunday,1,3638.9155,low
ORD100408,2025-05-01,Neha Joshi,48.0,Female,Hyderabad,Home & Kitchen,Wall Clock,2.0,1738.6,15.0,5.0,UPI,5.0,0.0,,,2025,May,Thursday,2,2955.62,low
ORD101343,2024-06-07,Navya Verma,49.0,Female,Mumbai,Beauty & Personal Care,Sunscreen SPF50,1.0,432.37,15.0,7.0,UPI,0.0,100.0,,Defective Product,2024,June,Friday,2,467.5145,low
ORD100164,2024-01-16,Arjun Reddy,37.0,Male,Mumbai,Footwear,Formal Leather Shoes,3.0,1964.05,5.0,7.0,Cash on Delivery,4.0,0.0,,,2024,January,Tuesday,1,4807.712,low
ORD102511,2023-12-05,Vivaan Mehta,41.0,Male,Delhi,Grocery,Honey 500g,2.0,395.96,5.0,9.0,UPI,2.0,0.0,,,2023,December,Tuesday,4,752.324,low
ORD100243,2024-08-15,Arjun Bhat,34.0,Male,Kolkata,Grocery,Instant Noodles Pack,2.0,487.6,5.0,8.0,Debit Card,5.0,150.0,,,2024,August,Thursday,3,1076.44,low
ORD102880,2023-02-07,Neha Kapoor,29.0,Male,Kolkata,Electronics,LED Bulb Smart,4.0,712.71,20.0,4.0,UPI,4.0,0.0,WELCOME50,,2023,February,Tuesday,1,2280.672,low
ORD102849,2023-11-26,Arjun Kapoor,45.0,Male,Jaipur,Grocery,Green Tea Pack,1.0,477.73,0.0,7.0,Net Banking,0.0,0.0,,,2023,November,Sunday,4,477.73,low
ORD101522,2023-12-01,Reyansh Menon,45.0,Female,Jaipur,Grocery,Spices Combo Pack,1.0,180.79,25.0,2.0,UPI,3.0,0.0,,,2023,December,Friday,4,135.5925,low
ORD100378,2023-12-13,Pari Patel,34.0,Female,Ahmedabad,Apparel,Kids Hoodie,1.0,1355.69,30.0,5.0,Cash on Delivery,5.0,0.0,,Late Delivery,2023,December,Wednesday,4,948.983,low
ORD101087,2025-06-21,Aadhya Mehta,28.0,Female,Surat,Grocery,Spices Combo Pack,1.0,424.92,10.0,8.0,Debit Card,0.0,60.0,,,2025,June,Saturday,2,442.428,low
ORD102974,2023-01-16,Myra Pillai,31.0,Male,Surat,Beauty & Personal Care,Beard Trimmer,2.0,353.54,0.0,6.0,Net Banking,5.0,0.0,,,2023,January,Monday,1,707.08,low
ORD102605,2024-11-19,Ishita Agarwal,19.0,Female,Lucknow,Beauty & Personal Care,Sunscreen SPF50,4.0,171.61,5.0,7.0,Debit Card,4.0,0.0,SAVE10,,2024,November,Tuesday,4,652.118,low
ORD100294,2023-12-27,Diya Iyer,28.0,Male,Nagpur,Beauty & Personal Care,Beard Trimmer,1.0,695.3,5.0,3.0,UPI,5.0,0.0,,,2023,December,Wednesday,4,660.535,low
ORD102282,2023-10-22,Neha Deshmukh,44.0,Female,Kochi,Grocery,Green Tea Pack,3.0,80.88,5.0,4.0,UPI,0.0,150.0,,,2023,October,Sunday,4,380.508,low
ORD101947,2025-04-15,Ishita Shah,50.0,Female,Lucknow,Footwear,Sandals,1.0,694.45,0.0,5.0,UPI,4.0,0.0,,,2025,April,Tuesday,2,694.45,low
ORD102201,2023-01-07,Vihaan Iyer,31.0,Female,Lucknow,Apparel,Sports Track Pant,1.0,1040.92,5.0,2.0,Debit Card,4.0,0.0,SAVE10,,2023,January,Saturday,1,988.874,low
ORD101955,2024-11-10,Ananya Kapoor,30.0,Male,Mumbai,Electronics,Smartphone Cover,3.0,1424.81,5.0,8.0,Credit Card,0.0,0.0,FLAT100,,2024,November,Sunday,4,4060.7085,low
ORD101696,2024-01-01,Ishaan Joshi,40.0,Male,Delhi,Beauty & Personal Care,Beard Trimmer,3.0,771.1,25.0,2.0,UPI,3.0,0.0,FEST20,Wrong Item Delivered,2024,January,Monday,1,1734.9750000000001,low
ORD100315,2024-08-23,Diya Rao,34.0,Male,Hyderabad,Grocery,Cooking Oil 1L,1.0,117.81,0.0,9.0,UPI,4.0,40.0,,,2024,August,Friday,3,157.81,low
ORD100528,2024-10-24,Karan Reddy,26.0,Female,Kochi,Beauty & Personal Care,Herbal Shampoo,4.0,844.11,5.0,6.0,UPI,4.0,0.0,,,2024,October,Thursday,4,3207.618,low
ORD102983,2025-01-19,Kavya Iyer,50.0,Male,Chennai,Grocery,Assorted Dry Fruits,1.0,502.08,15.0,9.0,Net Banking,0.0,40.0,FEST20,,2025,January,Sunday,1,466.768,low
ORD101177,2023-06-24,Rohan Reddy,33.0,Male,Ahmedabad,Apparel,Woolen Sweater,1.0,486.94,30.0,7.0,Cash on Delivery,4.0,40.0,,,2023,June,Saturday,2,380.858,low
ORD100189,2023-01-26,Sai Nair,20.0,Female,Ahmedabad,Grocery,Instant Noodles Pack,3.0,179.85,15.0,8.0,Debit Card,3.0,0.0,,,2023,January,Thursday,1,458.61749999999995,low
ORD100027,2025-01-19,Sneha Joshi,34.0,Male,Ahmedabad,Apparel,Ethnic Saree,1.0,368.02,20.0,2.0,UPI,5.0,0.0,,Changed Mind,2025,January,Sunday,1,294.416,low
ORD102715,2024-02-27,Karan Rao,27.0,Male,Mumbai,Apparel,Formal Shirt,3.0,669.07,10.0,8.0,Credit Card,2.0,100.0,FEST20,Wrong Item Delivered,2024,February,Tuesday,1,1906.489,low
ORD100274,2024-01-16,Krishna Joshi,26.0,Female,Delhi,Electronics,Portable Speaker,1.0,2176.12,20.0,2.0,UPI,4.0,40.0,,,2024,January,Tuesday,1,1780.896,low
ORD102718,2023-10-07,Riya Iyer,24.0,Female,Nagpur,Grocery,Honey 500g,1.0,518.4,25.0,7.0,Cash on Delivery,1.0,0.0,,Changed Mind,2023,October,Saturday,4,388.79999999999995,low
ORD101074,2023-12-12,Anika Pillai,28.0,Female,Ahmedabad,Grocery,Assorted Dry Fruits,3.0,406.25,10.0,7.0,UPI,5.0,0.0,WELCOME50,,2023,December,Tuesday,4,1096.875,low
ORD102702,2023-07-21,Riya Rao,40.0,Male,Surat,Home & Kitchen,Kitchen Organizer,2.0,726.08,10.0,6.0,UPI,4.0,0.0,FLAT100,,2023,July,Friday,3,1306.9440000000002,low
ORD102035,2023-10-24,Amit Shah,36.0,Female,Surat,Apparel,Woolen Sweater,1.0,465.97,20.0,8.0,UPI,0.0,0.0,,,2023,October,Tuesday,4,372.77600000000007,low
ORD102621,2023-12-24,Diya Deshmukh,17.0,Male,Jaipur,Grocery,Whole Wheat Atta 5kg,5.0,625.68,20.0,6.0,Debit Card,1.0,0.0,,Defective Product,2023,December,Sunday,4,2502.72,low
ORD102559,2024-06-20,Krishna Verma,19.0,Female,Bengaluru,Electronics,Bluetooth Earbuds,3.0,1699.23,5.0,5.0,Credit Card,0.0,80.0,,Wrong Item Delivered,2024,June,Thursday,2,4807.712,low
ORD102691,2024-10-27,Pooja Gupta,36.0,Male,Chandigarh,Beauty & Personal Care,Herbal Shampoo,5.0,484.16,5.0,7.0,UPI,2.0,60.0,FLAT100,,2024,October,Sunday,4,2359.76,low
ORD101334,2024-05-01,Sai Verma,42.0,Male,Ahmedabad,Electronics,Portable Speaker,2.0,1857.92,10.0,2.0,UPI,0.0,0.0,,,2024,May,Wednesday,2,3344.2560000000003,low
ORD102209,2023-05-07,Karan Pillai,46.0,Female,Pune,Beauty & Personal Care,Body Lotion,4.0,527.66,42.5,5.0,UPI,5.0,0.0,,,2023,May,Sunday,2,0.0,low
ORD102259,2025-06-22,Aditya Shah,49.0,Female,Kochi,Footwear,Casual Sneakers,1.0,725.42,15.0,2.0,Net Banking,2.0,0.0,,,2025,June,Sunday,2,616.607,low
ORD102757,2023-10-11,Ishita Gupta,21.0,Male,Chennai,Grocery,Honey 500g,3.0,346.86,15.0,8.0,UPI,4.0,0.0,,,2023,October,Wednesday,4,884.4929999999999,low
ORD100585,2023-01-17,Diya Gupta,49.0,Female,Lucknow,Home & Kitchen,LED Table Lamp,2.0,658.08,0.0,7.0,Credit Card,3.0,80.0,,Size Issue,2023,January,Tuesday,1,1396.16,low
ORD100837,2023-06-30,Ananya Verma,52.0,Female,Pune,Beauty & Personal Care,Face Wash 100ml,5.0,796.19,30.0,3.0,Credit Card,0.0,0.0,,Changed Mind,2023,June,Friday,2,2786.665,low
ORD100710,2024-09-10,Anika Shah,34.0,Female,Hyderabad,Beauty & Personal Care,Body Lotion,1.0,606.45,10.0,3.0,Credit Card,0.0,80.0,WELCOME50,,2024,September,Tuesday,3,625.8050000000001,low
ORD102311,2023-03-03,Aarav Deshmukh,31.0,Female,Kochi,Beauty & Personal Care,Face Wash 100ml,1.0,2603.435,5.0,5.0,UPI,1.0,60.0,,,2023,March,Friday,1,2566.8419377165983,low
ORD102506,2024-01-18,Kabir Reddy,19.0,Male,Mumbai,Footwear,Formal Leather Shoes,1.0,813.46,40.0,2.0,UPI,4.0,100.0,,,2024,January,Thursday,1,588.076,low
ORD101250,2023-08-09,Vihaan Chopra,35.0,Male,Lucknow,Grocery,Green Tea Pack,4.0,641.16,20.0,4.0,UPI,4.0,0.0,,,2023,August,Wednesday,3,2051.712,low
ORD102353,2024-02-28,Kabir Joshi,34.0,Male,Kolkata,Grocery,Whole Wheat Atta 5kg,2.0,689.83,25.0,7.0,UPI,5.0,0.0,,,2024,February,Wednesday,1,1034.7450000000001,low
ORD101437,2024-08-17,Rohan Shah,19.0,Male,Pune,Home & Kitchen,Non-Stick Pan,2.0,1154.92,0.0,4.0,Credit Card,3.0,0.0,FEST20,,2024,August,Saturday,3,2309.84,low
ORD101802,2023-10-21,Sai Chopra,34.0,Male,Hyderabad,Beauty & Personal Care,Herbal Shampoo,1.0,565.23,20.0,4.0,Credit Card,4.0,0.0,SAVE10,,2023,October,Saturday,4,452.184,low
ORD101553,2024-07-18,Myra Gupta,20.0,Female,Mumbai,Electronics,Wireless Mouse,4.0,896.48,10.0,6.0,Credit Card,0.0,0.0,FLAT100,,2024,July,Thursday,3,3227.328,low
ORD100816,2023-02-09,Aditya Joshi,32.0,Female,Chennai,Grocery,Green Tea Pack,1.0,622.91,15.0,2.0,UPI,3.0,0.0,,,2023,February,Thursday,1,529.4735,low
ORD101940,2023-05-30,Ananya Iyer,37.0,Female,Hyderabad,Electronics,Bluetooth Earbuds,3.0,813.37,20.0,2.0,UPI,0.0,150.0,,,2023,May,Tuesday,2,2102.088,low
ORD100957,2024-08-01,Kavya Gupta,33.0,Male,Lucknow,Electronics,USB-C Cable,2.0,765.35,15.0,9.0,Credit Card,5.0,0.0,,,2024,August,Thursday,3,1301.095,low
ORD100302,2023-01-03,Kabir Agarwal,23.0,Male,Ahmedabad,Home & Kitchen,Non-Stick Pan,4.0,1233.65,20.0,4.0,Credit Card,3.0,0.0,,,2023,January,Tuesday,1,3947.6800000000003,low
ORD100571,2024-01-15,Pooja Gupta,23.0,Female,Jaipur,Footwear,Running Shoes,2.0,1898.68,5.0,9.0,UPI,0.0,0.0,,,2024,January,Monday,1,3607.4919999999997,low
ORD102663,2024-03-28,Ishaan Pillai,21.0,Female,Lucknow,Electronics,Bluetooth Earbuds,3.0,930.63,10.0,3.0,Debit Card,5.0,0.0,NEWUSER15,,2024,March,Thursday,1,2512.701,low
ORD102004,2024-12-27,Reyansh Kapoor,34.0,Female,Delhi,Beauty & Personal Care,Sunscreen SPF50,5.0,100.23,5.0,2.0,Debit Card,0.0,40.0,,,2024,December,Friday,4,516.0925,low
ORD100630,2023-12-10,Anika Kapoor,31.0,Male,Indore,Apparel,Sports Track Pant,2.0,1347.25,0.0,8.0,Credit Card,3.0,60.0,,,2023,December,Sunday,4,2754.5,low
ORD101511,2023-07-27,Sneha Bhat,50.0,Female,Chennai,Electronics,Portable Speaker,3.0,2603.435,15.0,4.0,UPI,1.0,40.0,,Late Delivery,2023,July,Thursday,3,4807.712,low
ORD102799,2023-12-28,Aadhya Deshmukh,41.0,Female,Chennai,Electronics,USB-C Cable,3.0,1970.07,40.0,4.0,Debit Card,0.0,0.0,,,2023,December,Thursday,4,3546.1259999999997,low
ORD102946,2024-06-20,Reyansh Reddy,27.0,Female,Chandigarh,Grocery,Cooking Oil 1L,2.0,479.05,5.0,4.0,UPI,0.0,0.0,,,2024,June,Thursday,2,910.1949999999999,low
ORD102688,2024-08-04,Arjun Agarwal,20.0,Male,Mumbai,Grocery,Whole Wheat Atta 5kg,1.0,178.09,20.0,5.0,UPI,0.0,0.0,,Size Issue,2024,August,Sunday,3,142.472,low
ORD101063,2024-10-04,Krishna Gupta,31.0,Male,Kolkata,Grocery,Whole Wheat Atta 5kg,6.0,562.98,25.0,6.0,Debit Card,0.0,100.0,FLAT100,,2024,October,Friday,4,4807.712,high large
ORD101853,2023-05-27,Aarav Mehta,23.0,Male,Surat,Grocery,Basmati Rice 5kg,1.0,535.02,5.0,9.0,Credit Card,0.0,0.0,WELCOME50,,2023,May,Saturday,2,508.26899999999995,low
ORD102486,2023-08-11,Riya Kapoor,20.0,Other,Delhi,Home & Kitchen,Non-Stick Pan,1.0,1452.79,0.0,4.0,Debit Card,5.0,150.0,FEST20,,2023,August,Friday,3,1602.79,low
ORD102214,2023-04-16,Myra Agarwal,51.0,Female,Nagpur,Beauty & Personal Care,Lip Balm Pack,3.0,261.08,10.0,7.0,Debit Card,0.0,40.0,,,2023,April,Sunday,2,744.916,low
ORD102011,2023-12-24,Rahul Rao,30.0,Female,Nagpur,Electronics,Smartwatch Band,2.0,952.34,10.0,5.0,Credit Card,5.0,100.0,,,2023,December,Sunday,4,1814.212,low
ORD100297,2023-11-21,Riya Pillai,27.0,Female,Kochi,Beauty & Personal Care,Hair Oil 200ml,1.0,536.79,0.0,5.0,Cash on Delivery,0.0,150.0,SAVE10,,2023,November,Tuesday,4,686.79,low
ORD101868,2023-01-28,Kabir Agarwal,46.0,Male,Bengaluru,Beauty & Personal Care,Lip Balm Pack,2.0,661.52,30.0,3.0,Debit Card,4.0,0.0,WELCOME50,,2023,January,Saturday,1,926.1279999999999,low
ORD101901,2024-04-28,Nikhil Agarwal,29.0,Male,Lucknow,Apparel,Women Kurti,5.0,1159.98,40.0,9.0,Credit Card,4.0,0.0,FEST20,,2024,April,Sunday,2,3479.9399999999996,low
ORD100923,2023-05-13,Navya Menon,28.0,Female,Kochi,Footwear,Formal Leather Shoes,1.0,1175.88,5.0,7.0,UPI,5.0,0.0,,,2023,May,Saturday,2,1117.086,low
ORD100722,2025-02-08,Navya Iyer,27.0,Male,Delhi,Grocery,Assorted Dry Fruits,2.0,463.26,5.0,5.0,Debit Card,3.0,100.0,,Size Issue,2025,February,Saturday,1,980.194,low
ORD100059,2024-09-14,Krishna Pillai,56.5,Female,Pune,Home & Kitchen,LED Table Lamp,1.0,1110.03,0.0,6.0,Debit Card,5.0,40.0,NEWUSER15,,2024,September,Saturday,3,1150.03,low
ORD102247,2023-06-10,Kabir Singh,35.0,Male,Lucknow,Beauty & Personal Care,Perfume 50ml,3.0,312.62,0.0,4.0,Debit Card,0.0,0.0,,,2023,June,Saturday,2,937.86,low
ORD102449,2024-11-01,Sai Kulkarni,40.0,Female,Jaipur,Home & Kitchen,Kitchen Organizer,3.0,515.67,15.0,4.0,UPI,4.0,60.0,,,2024,November,Friday,4,1374.9584999999997,low
ORD102323,2024-08-17,Neha Rao,54.0,Male,Mumbai,Apparel,Ethnic Saree,2.0,955.22,15.0,6.0,UPI,5.0,0.0,WELCOME50,,2024,August,Saturday,3,1623.874,low
ORD100023,2025-04-24,Vihaan Verma,21.0,Female,Indore,Beauty & Personal Care,Face Wash 100ml,1.0,466.27,30.0,4.0,Credit Card,4.0,80.0,,,2025,April,Thursday,2,406.38899999999995,low
ORD100683,2025-05-23,Kavya Iyer,22.0,Female,Jaipur,Beauty & Personal Care,Lip Balm Pack,1.0,100.34,10.0,3.0,UPI,3.0,0.0,,,2025,May,Friday,2,90.30600000000001,low
ORD102731,2024-04-20,Priya Reddy,52.0,Female,Kochi,Grocery,Basmati Rice 5kg,2.0,248.83,15.0,5.0,Credit Card,4.0,80.0,,,2024,April,Saturday,2,503.011,low
ORD101015,2023-01-24,Navya Singh,43.0,Female,Surat,Footwear,Casual Sneakers,5.0,1700.59,30.0,9.0,Credit Card,0.0,0.0,,,2023,January,Tuesday,1,4807.712,low
ORD100346,2025-06-22,Ishita Kapoor,34.0,Male,Ahmedabad,Home & Kitchen,LED Table Lamp,1.0,462.86,15.0,9.0,Net Banking,0.0,0.0,,Defective Product,2025,June,Sunday,2,393.431,low
ORD102285,2025-01-28,Nikhil Pillai,42.0,Male,Lucknow,Home & Kitchen,Wall Clock,1.0,1075.72,0.0,8.0,Cash on Delivery,3.0,0.0,,,2025,January,Tuesday,1,1075.72,low
ORD101667,2023-12-15,Arjun Patel,43.0,Female,Surat,Grocery,Whole Wheat Atta 5kg,3.0,654.65,15.0,3.0,UPI,0.0,0.0,,,2023,December,Friday,4,1669.3574999999998,low
ORD101555,2023-05-29,Ishaan Singh,33.0,Male,Nagpur,Home & Kitchen,Curtain Set,1.0,993.17,0.0,3.0,Cash on Delivery,0.0,40.0,,Changed Mind,2023,May,Monday,2,1033.17,low
ORD100008,2023-07-03,Neha Rao,34.0,Male,Nagpur,Grocery,Instant Noodles Pack,1.0,629.23,5.0,2.0,UPI,0.0,0.0,,,2023,July,Monday,3,597.7685,low
ORD102967,2023-07-27,Neha Verma,29.0,Female,Bengaluru,Beauty & Personal Care,Herbal Shampoo,1.0,745.18,15.0,6.0,UPI,5.0,0.0,,,2023,July,Thursday,3,633.4029999999999,low
ORD100228,2024-05-13,Sara Menon,46.0,Female,Delhi,Grocery,Instant Noodles Pack,3.0,668.11,0.0,4.0,Credit Card,1.0,0.0,,,2024,May,Monday,2,2004.33,low
ORD100489,2023-11-17,Ananya Reddy,50.0,Female,Ahmedabad,Apparel,Woolen Sweater,1.0,883.59,0.0,9.0,Credit Card,5.0,100.0,,,2023,November,Friday,4,983.59,low
ORD102592,2024-04-29,Rahul Iyer,27.0,Female,Hyderabad,Electronics,Wireless Mouse,1.0,1316.73,0.0,5.0,UPI,4.0,0.0,,,2024,April,Monday,2,1316.73,low
ORD101665,2023-12-27,Nikhil Iyer,42.0,Male,Kolkata,Electronics,Smartphone Cover,6.0,559.73,10.0,5.0,UPI,3.0,0.0,,,2023,December,Wednesday,4,4807.712, very large
ORD100829,2023-01-27,Riya Sharma,54.0,Female,Kolkata,Home & Kitchen,LED Table Lamp,1.0,388.39,15.0,7.0,UPI,5.0,0.0,,,2023,January,Friday,1,330.13149999999996,low
ORD100385,2023-01-25,Arjun Patel,47.0,Female,Chennai,Home & Kitchen,LED Table Lamp,2.0,543.61,15.0,4.0,Net Banking,2.0,0.0,,Quality Not as Expected,2023,January,Wednesday,1,924.137,low
ORD102305,2023-03-29,Diya Bhat,38.0,Female,Kochi,Electronics,Portable Speaker,3.0,1968.17,20.0,7.0,UPI,5.0,0.0,WELCOME50,,2023,March,Wednesday,1,4723.608,low
ORD100449,2023-09-18,Aarav Singh,33.0,Male,Chandigarh,Grocery,Cooking Oil 1L,1.0,230.21,20.0,6.0,UPI,4.0,0.0,,,2023,September,Monday,3,184.168,low
ORD102512,2025-05-26,Krishna Kulkarni,47.0,Female,Lucknow,Apparel,Women Kurti,3.0,719.87,5.0,4.0,Credit Card,3.0,100.0,,,2025,May,Monday,2,2151.6295,low
ORD100015,2024-12-17,Ishaan Shah,33.0,Other,Jaipur,Grocery,Basmati Rice 5kg,2.0,348.0,42.5,9.0,UPI,2.0,40.0,FEST20,,2024,December,Tuesday,4,388.0,low
ORD101114,2024-01-17,Ishaan Deshmukh,24.0,Female,Mumbai,Home & Kitchen,Steel Water Bottle,1.0,206.16,0.0,4.0,Cash on Delivery,5.0,0.0,,,2024,January,Wednesday,1,206.16,low
ORD102863,2024-10-09,Rohan Verma,29.0,Male,Lucknow,Apparel,Denim Jeans,3.0,1317.56,30.0,6.0,UPI,0.0,60.0,,,2024,October,Wednesday,4,2826.8759999999997,low
ORD101388,2025-03-22,Neha Bhat,43.0,Male,Lucknow,Apparel,Denim Jeans,1.0,894.84,0.0,8.0,UPI,0.0,0.0,NEWUSER15,,2025,March,Saturday,1,894.84,low
ORD102909,2023-11-13,Aditya Menon,39.0,Male,Kolkata,Beauty & Personal Care,Sunscreen SPF50,5.0,815.1,5.0,5.0,Cash on Delivery,2.0,60.0,,,2023,November,Monday,4,3931.725,low
ORD101588,2025-02-24,Myra Kapoor,33.0,Female,Chennai,Home & Kitchen,Wall Clock,1.0,782.02,0.0,4.0,Debit Card,0.0,80.0,,,2025,February,Monday,1,862.02,low
ORD100823,2024-08-15,Pooja Rao,26.0,Female,Jaipur,Grocery,Honey 500g,1.0,417.11,10.0,5.0,Debit Card,0.0,0.0,,,2024,August,Thursday,3,375.399,low
ORD102787,2024-01-15,Anika Agarwal,23.0,Male,Lucknow,Beauty & Personal Care,Sunscreen SPF50,2.0,249.78,20.0,6.0,Credit Card,4.0,0.0,,,2024,January,Monday,1,399.648,low
ORD101226,2024-11-04,Riya Gupta,25.0,Male,Lucknow,Apparel,Formal Shirt,2.0,300.75,5.0,8.0,UPI,5.0,80.0,,,2024,November,Monday,4,651.425,low
ORD102927,2023-10-20,Myra Bhat,44.0,Male,Jaipur,Electronics,Portable Speaker,1.0,1933.34,15.0,5.0,Credit Card,0.0,0.0,,,2023,October,Friday,4,1643.339,low
ORD102679,2023-12-08,Reyansh Nair,41.0,Female,Bengaluru,Beauty & Personal Care,Face Wash 100ml,1.0,714.61,15.0,9.0,UPI,2.0,100.0,,,2023,December,Friday,4,707.4185,low
ORD102788,2023-01-05,Ananya Patel,35.0,Female,Kolkata,Home & Kitchen,Storage Container Set,1.0,1389.41,0.0,9.0,Cash on Delivery,4.0,0.0,,,2023,January,Thursday,1,1389.41,low
ORD101231,2024-10-30,Kabir Agarwal,45.0,Female,Kochi,Electronics,Smartwatch Band,1.0,2343.76,15.0,9.0,Debit Card,5.0,0.0,FEST20,,2024,October,Wednesday,4,1992.1960000000001,low
ORD101821,2024-11-27,Priya Rao,18.0,Female,Kochi,Home & Kitchen,Storage Container Set,3.0,1275.14,25.0,7.0,UPI,0.0,80.0,,,2024,November,Wednesday,4,2949.065,low
ORD101009,2024-04-18,Myra Iyer,32.0,Female,Hyderabad,Apparel,Formal Shirt,0.0,491.92,25.0,6.0,Credit Card,0.0,0.0,,,2024,April,Thursday,2,0.0,low
ORD101774,2024-12-01,Pooja Deshmukh,33.0,Male,Indore,Home & Kitchen,LED Table Lamp,1.0,478.46,15.0,3.0,UPI,5.0,0.0,,Quality Not as Expected,2024,December,Sunday,4,406.691,low
ORD102056,2024-10-31,Ananya Sharma,39.0,Male,Lucknow,Beauty & Personal Care,Herbal Shampoo,1.0,479.8,0.0,3.0,UPI,0.0,150.0,,,2024,October,Thursday,4,629.8,low
ORD102760,2023-05-02,Kabir Bhat,23.0,Female,Indore,Electronics,USB-C Cable,1.0,975.0,10.0,5.0,UPI,0.0,100.0,WELCOME50,,2023,May,Tuesday,2,977.5,low
ORD102805,2025-06-01,Aadhya Sharma,28.0,Male,Surat,Footwear,Formal Leather Shoes,3.0,1834.63,0.0,2.0,UPI,4.0,0.0,,Changed Mind,2025,June,Sunday,2,4807.712,low
ORD102444,2024-06-28,Ananya Gupta,40.0,Male,Chennai,Grocery,Assorted Dry Fruits,3.0,273.58,20.0,5.0,Credit Card,0.0,0.0,,,2024,June,Friday,2,656.5920000000001,low
ORD101106,2023-08-11,Pari Shah,34.0,Female,Bengaluru,Beauty & Personal Care,Beard Trimmer,2.0,457.5,40.0,4.0,UPI,0.0,0.0,,,2023,August,Friday,3,549.0,low
ORD100497,2023-12-07,Reyansh Patel,30.0,Male,Surat,Grocery,Green Tea Pack,2.0,373.31,0.0,8.0,Debit Card,3.0,0.0,,Wrong Item Delivered,2023,December,Thursday,4,746.62,low
ORD100352,2023-09-30,Kavya Chopra,46.0,Female,Hyderabad,Home & Kitchen,Storage Container Set,3.0,535.52,15.0,9.0,Cash on Delivery,0.0,100.0,,,2023,September,Saturday,3,1465.576,low
ORD101930,2023-03-23,Aarav Mehta,21.0,Female,Kolkata,Electronics,Power Bank 10000mAh,5.0,1045.32,25.0,5.0,UPI,0.0,60.0,,,2023,March,Thursday,1,3979.95,low
ORD100442,2024-11-18,Aadhya Verma,30.0,Male,Hyderabad,Beauty & Personal Care,Perfume 50ml,2.0,249.04,25.0,6.0,UPI,0.0,80.0,,,2024,November,Monday,4,453.56,low
ORD100001,2023-10-09,Aadhya Chopra,31.0,Female,Bengaluru,Apparel,Woolen Sweater,4.0,1356.25,0.0,3.0,UPI,2.0,100.0,,,2023,October,Monday,4,4807.712,low
ORD100285,2023-11-06,Vivaan Reddy,56.0,Female,Lucknow,Beauty & Personal Care,Lip Balm Pack,4.0,767.45,25.0,9.0,UPI,2.0,60.0,,,2023,November,Monday,4,2362.3500000000004,low
ORD101560,2023-01-04,Riya Chopra,33.0,Male,Kochi,Grocery,Spices Combo Pack,1.0,663.87,0.0,4.0,UPI,5.0,0.0,,,2023,January,Wednesday,1,663.87,low
ORD101646,2024-12-07,Neha Mehta,23.0,Female,Kochi,Electronics,Bluetooth Earbuds,1.0,1454.78,10.0,5.0,UPI,1.0,0.0,SAVE10,,2024,December,Saturday,4,1309.302,low
ORD100783,2023-04-22,Aditya Rao,24.0,Female,Surat,Electronics,Smartphone Cover,1.0,1087.1,5.0,9.0,UPI,0.0,0.0,,,2023,April,Saturday,2,1032.745,low
ORD100860,2024-12-20,Aditya Kapoor,46.0,Male,Hyderabad,Electronics,Bluetooth Earbuds,1.0,764.0,5.0,4.0,UPI,0.0,0.0,,,2024,December,Friday,4,725.8,low
ORD101987,2023-12-05,Aditya Bhat,17.0,Female,Hyderabad,Home & Kitchen,LED Table Lamp,1.0,894.08,20.0,5.0,Credit Card,4.0,100.0,,,2023,December,Tuesday,4,815.2640000000001,low
ORD102689,2024-01-03,Aadhya Bhat,40.0,Male,Nagpur,Apparel,Women Kurti,1.0,1402.35,40.0,2.0,UPI,3.0,60.0,,,2024,January,Wednesday,1,901.41,low
ORD100348,2024-10-13,Sneha Iyer,39.0,Male,Jaipur,Electronics,Smartwatch Band,4.0,2405.67,5.0,8.0,Credit Card,3.0,60.0,,,2024,October,Sunday,4,4807.712,low
ORD100068,2023-03-11,Vivaan Shah,40.0,Female,Indore,Beauty & Personal Care,Hair Oil 200ml,1.0,168.55,25.0,2.0,UPI,4.0,0.0,,,2023,March,Saturday,1,126.41250000000001,low
ORD100403,2024-12-09,Aditya Bhat,34.0,Male,Bengaluru,Beauty & Personal Care,Face Wash 100ml,1.0,207.86,5.0,6.0,Cash on Delivery,4.0,0.0,,Size Issue,2024,December,Monday,4,197.467,low
ORD102375,2025-06-21,Priya Reddy,34.0,Male,Lucknow,Apparel,Sports Track Pant,1.0,1033.66,25.0,8.0,UPI,5.0,0.0,,,2025,June,Saturday,2,775.2450000000001,low
ORD100797,2024-02-22,Karan Gupta,28.0,Female,Lucknow,Electronics,Bluetooth Earbuds,1.0,2377.82,20.0,6.0,UPI,0.0,0.0,,,2024,February,Thursday,1,1902.2560000000003,low
ORD102453,2024-03-04,Krishna Gupta,39.0,Female,Jaipur,Footwear,Running Shoes,2.0,1467.03,25.0,8.0,UPI,0.0,0.0,,,2024,March,Monday,1,2200.545,low
ORD100177,2023-05-27,Anika Nair,20.0,Female,Chandigarh,Home & Kitchen,LED Table Lamp,2.0,1704.35,15.0,2.0,UPI,5.0,150.0,,,2023,May,Saturday,2,3047.395,low
ORD100953,2024-01-25,Nikhil Mehta,36.0,Male,Mumbai,Home & Kitchen,Kitchen Organizer,4.0,430.7,15.0,7.0,Debit Card,1.0,40.0,,,2024,January,Thursday,1,1504.3799999999999,low
ORD102100,2025-04-11,Rohan Verma,28.0,Female,Chennai,Grocery,Spices Combo Pack,1.0,217.7,15.0,5.0,Credit Card,4.0,0.0,,,2025,April,Friday,2,185.045,low
ORD101815,2024-12-02,Navya Pillai,35.0,Female,Chennai,Home & Kitchen,LED Table Lamp,2.0,1794.9,25.0,6.0,UPI,4.0,0.0,FEST20,,2024,December,Monday,4,2692.3500000000004,low
ORD102139,2023-12-31,Kabir Mehta,21.0,Male,Delhi,Electronics,LED Bulb Smart,2.0,516.45,20.0,7.0,UPI,5.0,0.0,,,2023,December,Sunday,4,826.3200000000002,low
ORD102539,2024-03-25,Ishaan Chopra,27.0,Male,Nagpur,Apparel,Formal Shirt,1.0,611.56,10.0,6.0,Cash on Delivery,3.0,0.0,,,2024,March,Monday,1,550.404,low
ORD100252,2024-01-05,Pooja Reddy,41.0,Male,Indore,Electronics,USB-C Cable,1.0,648.8,20.0,8.0,UPI,4.0,80.0,,Changed Mind,2024,January,Friday,1,599.04,low
ORD102043,2024-11-13,Kavya Kulkarni,27.0,Male,Mumbai,Apparel,Woolen Sweater,1.0,1047.36,0.0,4.0,UPI,0.0,0.0,,,2024,November,Wednesday,4,1047.36,low
ORD101438,2023-10-18,Sara Mehta,34.0,Male,Hyderabad,Grocery,Green Tea Pack,5.0,603.9,10.0,3.0,Debit Card,0.0,0.0,SAVE10,Defective Product,2023,October,Wednesday,4,2717.55,low
ORD100558,2023-12-09,Sara Pillai,34.0,Male,Mumbai,Beauty & Personal Care,Sunscreen SPF50,2.0,275.05,10.0,6.0,Credit Card,0.0,0.0,,,2023,December,Saturday,4,495.09000000000003,low
ORD101577,2023-11-23,Nikhil Chopra,19.0,Male,Mumbai,Grocery,Whole Wheat Atta 5kg,1.0,551.55,0.0,6.0,UPI,5.0,0.0,,,2023,November,Thursday,4,551.55,low
ORD101920,2023-12-25,Nikhil Menon,34.0,Female,Kochi,Electronics,Power Bank 10000mAh,1.0,643.97,0.0,6.0,UPI,3.0,150.0,,,2023,December,Monday,4,793.97,low
ORD100193,2024-10-01,Myra Kapoor,32.0,Female,Lucknow,Home & Kitchen,Curtain Set,2.0,502.9,25.0,9.0,UPI,5.0,60.0,,,2024,October,Tuesday,4,814.3499999999999,low
ORD102930,2023-06-08,Karan Bhat,45.0,Female,Lucknow,Footwear,Flip Flops,1.0,814.52,10.0,8.0,Net Banking,5.0,0.0,NEWUSER15,,2023,June,Thursday,2,733.068,low
ORD101507,2024-03-13,Navya Deshmukh,36.0,Male,Lucknow,Home & Kitchen,Wall Clock,1.0,1236.11,5.0,3.0,UPI,0.0,100.0,,,2024,March,Wednesday,1,1274.3045,low
ORD101933,2025-05-18,Ishaan Menon,32.0,Female,Ahmedabad,Electronics,Bluetooth Earbuds,6.0,775.85,0.0,9.0,Debit Card,5.0,60.0,,Size Issue,2025,May,Sunday,2,4807.712, very large
ORD102008,2024-12-18,Rahul Menon,25.0,Male,Lucknow,Beauty & Personal Care,Beard Trimmer,3.0,578.03,20.0,8.0,Debit Card,5.0,0.0,,,2024,December,Wednesday,4,1387.272,low
ORD100244,2024-01-23,Kabir Nair,30.0,Female,Ahmedabad,Home & Kitchen,Storage Container Set,2.0,1658.66,20.0,3.0,Net Banking,0.0,40.0,,Wrong Item Delivered,2024,January,Tuesday,1,2693.856,low
ORD100445,2024-08-26,Sneha Chopra,16.0,Female,Indore,Electronics,LED Bulb Smart,5.0,1674.83,15.0,4.0,UPI,4.0,0.0,,,2024,August,Monday,3,4807.712,low
ORD100476,2025-02-10,Aadhya Singh,32.0,Male,Chennai,Electronics,Smartphone Cover,2.0,776.45,0.0,2.0,UPI,4.0,0.0,,,2025,February,Monday,1,1552.9,low
ORD100538,2024-05-07,Sneha Nair,26.0,Male,Kochi,Beauty & Personal Care,Face Wash 100ml,3.0,846.07,10.0,3.0,UPI,0.0,40.0,,Changed Mind,2024,May,Tuesday,2,2324.389,low
ORD101330,2024-02-14,Arjun Bhat,20.0,Female,Indore,Electronics,Smartwatch Band,1.0,2258.45,15.0,9.0,Cash on Delivery,4.0,0.0,,,2024,February,Wednesday,1,1919.6825,low
ORD100255,2023-05-12,Sai Reddy,49.0,Female,Chandigarh,Grocery,Cooking Oil 1L,3.0,300.58,10.0,6.0,Cash on Delivery,5.0,100.0,,,2023,May,Friday,2,911.566,low
ORD100451,2023-10-11,Anika Nair,31.0,Male,Bengaluru,Apparel,Sports Track Pant,1.0,573.55,10.0,2.0,UPI,5.0,40.0,,,2023,October,Wednesday,4,556.1949999999999,low
ORD102798,2024-10-06,Diya Deshmukh,30.0,Male,Mumbai,Footwear,Formal Leather Shoes,1.0,1440.16,15.0,2.0,Net Banking,4.0,40.0,,,2024,October,Sunday,4,1264.136,low
ORD101488,2023-04-12,Ishaan Agarwal,34.0,Male,Nagpur,Footwear,Sandals,5.0,1704.51,30.0,6.0,UPI,2.0,150.0,,,2023,April,Wednesday,2,4807.712,low
ORD101744,2023-11-16,Vivaan Joshi,41.0,Female,Nagpur,Apparel,Formal Shirt,2.0,1162.48,10.0,6.0,UPI,5.0,150.0,,Size Issue,2023,November,Thursday,4,2242.464,low
ORD102380,2023-06-13,Aditya Gupta,33.0,Female,Kochi,Grocery,Honey 500g,2.0,194.78,30.0,7.0,Debit Card,5.0,0.0,,,2023,June,Tuesday,2,272.692,low
ORD102156,2024-02-08,Ananya Kulkarni,39.0,Male,Mumbai,Electronics,Portable Speaker,2.0,1908.38,15.0,8.0,UPI,5.0,60.0,,,2024,February,Thursday,1,3304.246,low
ORD102881,2023-08-04,Neha Menon,20.0,Male,Jaipur,Electronics,Portable Speaker,1.0,579.02,15.0,8.0,Cash on Delivery,0.0,0.0,,,2023,August,Friday,3,492.167,low
ORD102521,2023-02-10,Rahul Nair,25.0,Male,Indore,Home & Kitchen,Curtain Set,2.0,1407.3,15.0,2.0,Credit Card,0.0,0.0,,,2023,February,Friday,1,2392.41,low
ORD102369,2024-01-18,Pooja Mehta,22.0,Female,Ahmedabad,Electronics,Portable Speaker,3.0,1215.81,20.0,5.0,UPI,5.0,100.0,,,2024,January,Thursday,1,3017.944,low
ORD102911,2023-01-02,Anika Deshmukh,38.0,Male,Kolkata,Apparel,Denim Jeans,2.0,774.01,15.0,7.0,UPI,2.0,80.0,,,2023,January,Monday,1,1395.817,low
ORD100948,2025-05-13,Riya Rao,30.0,Male,Nagpur,Apparel,Men Cotton T-Shirt,2.0,1491.45,5.0,14.0,UPI,4.0,0.0,,,2025,May,Tuesday,2,2833.755,low
ORD100510,2025-06-25,Priya Reddy,39.0,Male,Mumbai,Grocery,Whole Wheat Atta 5kg,4.0,117.66,5.0,7.0,Net Banking,4.0,0.0,,,2025,June,Wednesday,2,447.10799999999995,low
ORD101508,2025-02-25,Riya Mehta,39.0,Male,Jaipur,Home & Kitchen,Wall Clock,1.0,642.69,10.0,3.0,Debit Card,0.0,60.0,,,2025,February,Tuesday,1,638.421,low
ORD102394,2024-03-07,Ananya Bhat,31.0,Male,Kolkata,Apparel,Ethnic Saree,3.0,576.56,15.0,2.0,Credit Card,2.0,150.0,FLAT100,,2024,March,Thursday,1,1620.2279999999998,low
ORD102290,2023-12-26,Reyansh Menon,23.0,Female,Ahmedabad,Electronics,Portable Speaker,2.0,546.59,30.0,8.0,UPI,5.0,0.0,,,2023,December,Tuesday,4,765.226,low
ORD101331,2024-10-15,Ishaan Bhat,50.0,Male,Mumbai,Electronics,Wireless Mouse,2.0,1847.84,0.0,3.0,UPI,0.0,0.0,FEST20,,2024,October,Tuesday,4,3695.68,low
ORD101309,2025-02-15,Nikhil Deshmukh,39.0,Female,Kolkata,Electronics,USB-C Cable,1.0,1126.53,20.0,8.0,Credit Card,5.0,60.0,SAVE10,,2025,February,Saturday,1,961.224,low
ORD101877,2023-12-06,Vivaan Mehta,56.5,Female,Pune,Footwear,Sandals,4.0,1162.36,15.0,9.0,UPI,4.0,0.0,,,2023,December,Wednesday,4,3952.0239999999994,low
ORD101911,2024-11-11,Vihaan Patel,19.0,Male,Mumbai,Beauty & Personal Care,Beard Trimmer,2.0,640.56,10.0,6.0,UPI,0.0,60.0,,,2024,November,Monday,4,1213.008,low
ORD102664,2023-07-15,Reyansh Bhat,29.0,Male,Delhi,Electronics,Smartwatch Band,1.0,799.36,5.0,6.0,Credit Card,5.0,60.0,,,2023,July,Saturday,3,819.3919999999999,low
ORD102466,2023-10-02,Diya Agarwal,36.0,Male,Pune,Footwear,Running Shoes,4.0,646.63,20.0,9.0,Credit Card,0.0,80.0,WELCOME50,,2023,October,Monday,4,2149.216,low
ORD101890,2023-01-07,Diya Nair,34.0,Male,Bengaluru,Electronics,USB-C Cable,5.0,2274.54,10.0,5.0,Net Banking,2.0,150.0,NEWUSER15,Changed Mind,2023,January,Saturday,1,4807.712,low
ORD101929,2024-01-17,Ananya Patel,44.0,Male,Surat,Electronics,LED Bulb Smart,1.0,1159.58,15.0,7.0,Cash on Delivery,4.0,80.0,SAVE10,,2024,January,Wednesday,1,1065.643,low
ORD102463,2024-06-17,Sara Shah,31.0,Female,Ahmedabad,Grocery,Spices Combo Pack,3.0,609.07,42.5,9.0,Debit Card,3.0,80.0,,Late Delivery,2024,June,Monday,2,993.605,low
ORD102421,2023-10-17,Riya Rao,36.0,Female,Lucknow,Beauty & Personal Care,Beard Trimmer,1.0,610.54,10.0,3.0,UPI,0.0,40.0,NEWUSER15,,2023,October,Tuesday,4,589.486,low
ORD100621,2024-12-09,Aarav Rao,34.0,Male,Chennai,Beauty & Personal Care,Lip Balm Pack,1.0,437.86,0.0,6.0,UPI,4.0,0.0,,,2024,December,Monday,4,437.86,low
ORD101510,2023-10-31,Sneha Iyer,31.0,Male,Nagpur,Grocery,Basmati Rice 5kg,1.0,373.63,0.0,6.0,UPI,0.0,0.0,,,2023,October,Tuesday,4,373.63,low
ORD101827,2025-06-15,Sai Bhat,35.0,Female,Delhi,Apparel,Kids Hoodie,1.0,1222.26,20.0,6.0,Debit Card,4.0,60.0,,,2025,June,Sunday,2,1037.808,low
ORD101671,2023-12-07,Priya Kapoor,19.0,Female,Chandigarh,Home & Kitchen,Storage Container Set,2.0,728.85,30.0,9.0,UPI,5.0,0.0,,,2023,December,Thursday,4,1020.39,low
ORD101700,2023-08-30,Priya Chopra,23.0,Female,Hyderabad,Footwear,Casual Sneakers,1.0,1501.05,10.0,7.0,UPI,0.0,0.0,,,2023,August,Wednesday,3,1350.945,low
ORD101886,2024-08-15,Ishita Gupta,46.0,Male,Delhi,Home & Kitchen,Kitchen Organizer,1.0,1192.37,25.0,2.0,Debit Card,4.0,0.0,,Wrong Item Delivered,2024,August,Thursday,3,894.2774999999999,low
ORD101200,2025-03-11,Sneha Bhat,16.0,Male,Indore,Beauty & Personal Care,Herbal Shampoo,1.0,879.28,15.0,4.0,UPI,1.0,80.0,,,2025,March,Tuesday,1,827.3879999999999,low
ORD102719,2023-05-29,Riya Patel,31.0,Male,Mumbai,Footwear,Sandals,3.0,444.43,0.0,5.0,Credit Card,2.0,80.0,,,2023,May,Monday,2,1413.29,low
ORD100663,2024-11-18,Sneha Singh,29.0,Female,Ahmedabad,Electronics,LED Bulb Smart,1.0,566.35,10.0,9.0,Debit Card,0.0,0.0,,,2024,November,Monday,4,509.71500000000003,low
ORD100774,2025-02-10,Pari Verma,27.0,Male,Bengaluru,Home & Kitchen,LED Table Lamp,3.0,891.25,10.0,3.0,Debit Card,4.0,0.0,,,2025,February,Monday,1,2406.375,low
ORD100573,2023-01-14,Aditya Shah,34.0,Male,Jaipur,Grocery,Honey 500g,2.0,339.73,15.0,5.0,UPI,5.0,0.0,,,2023,January,Saturday,1,577.541,low
ORD102359,2023-07-09,Pooja Deshmukh,24.0,Female,Chandigarh,Beauty & Personal Care,Sunscreen SPF50,3.0,517.91,40.0,9.0,UPI,4.0,0.0,,,2023,July,Sunday,3,932.2379999999999,low
ORD102896,2024-08-24,Pari Verma,39.0,Male,Kochi,Electronics,Bluetooth Earbuds,2.0,675.43,0.0,3.0,Credit Card,5.0,60.0,,,2024,August,Saturday,3,1410.86,low
ORD102908,2024-10-15,Diya Kulkarni,28.0,Male,Indore,Electronics,Portable Speaker,2.0,2116.11,0.0,6.0,UPI,3.0,0.0,,,2024,October,Tuesday,4,4232.22,low
ORD101938,2023-11-20,Ananya Nair,27.0,Female,Lucknow,Electronics,Power Bank 10000mAh,4.0,1706.3,15.0,6.0,Debit Card,0.0,0.0,,,2023,November,Monday,4,4807.712,low
ORD101121,2023-03-18,Ananya Menon,47.0,Male,Mumbai,Electronics,Smartwatch Band,1.0,1082.43,5.0,9.0,UPI,3.0,60.0,,,2023,March,Saturday,1,1088.3085,low
ORD100550,2025-01-01,Reyansh Gupta,30.0,Female,Delhi,Electronics,Wireless Mouse,1.0,1091.77,0.0,8.0,Debit Card,5.0,0.0,,,2025,January,Wednesday,1,1091.77,low
ORD102554,2025-06-13,Pooja Reddy,29.0,Female,Nagpur,Electronics,Power Bank 10000mAh,5.0,1995.75,5.0,7.0,UPI,0.0,0.0,,,2025,June,Friday,2,4807.712,low
ORD102020,2023-10-03,Pari Chopra,32.0,Female,Kolkata,Home & Kitchen,Storage Container Set,1.0,1635.8,10.0,3.0,Debit Card,5.0,0.0,,,2023,October,Tuesday,4,1472.22,low
ORD100139,2023-11-07,Priya Joshi,28.0,Female,Lucknow,Grocery,Cooking Oil 1L,3.0,569.84,0.0,4.0,UPI,4.0,40.0,FEST20,Defective Product,2023,November,Tuesday,4,1749.52,low
ORD102057,2024-11-03,Pari Bhat,39.0,Female,Lucknow,Footwear,Formal Leather Shoes,2.0,524.6,5.0,9.0,Debit Card,0.0,100.0,,,2024,November,Sunday,4,1096.74,low
ORD100282,2024-11-18,Arjun Shah,34.0,Male,Chandigarh,Home & Kitchen,Non-Stick Pan,1.0,1786.71,0.0,8.0,UPI,0.0,0.0,SAVE10,,2024,November,Monday,4,1786.71,low
ORD100258,2024-12-26,Navya Deshmukh,36.0,Male,Lucknow,Footwear,Casual Sneakers,3.0,1429.02,0.0,2.0,Credit Card,0.0,40.0,,Wrong Item Delivered,2024,December,Thursday,4,4327.0599999999995,low
ORD100616,2023-08-16,Priya Singh,34.0,Female,Ahmedabad,Beauty & Personal Care,Face Wash 100ml,1.0,333.92,0.0,8.0,UPI,4.0,0.0,,,2023,August,Wednesday,3,333.92,low
ORD101811,2024-12-19,Sneha Gupta,40.0,Female,Nagpur,Beauty & Personal Care,Body Lotion,1.0,131.41,0.0,8.0,Net Banking,5.0,40.0,,,2024,December,Thursday,4,171.41,low
ORD101797,2023-06-19,Riya Pillai,17.0,Male,Lucknow,Apparel,Sports Track Pant,2.0,1461.25,10.0,6.0,UPI,4.0,60.0,FLAT100,,2023,June,Monday,2,2690.25,low
ORD102123,2024-07-09,Kabir Reddy,33.0,Female,Mumbai,Apparel,Woolen Sweater,1.0,619.17,20.0,2.0,Debit Card,3.0,0.0,,,2024,July,Tuesday,3,495.336,low
ORD102132,2024-04-18,Sai Kulkarni,18.0,Male,Bengaluru,Footwear,Formal Leather Shoes,2.0,440.3,20.0,4.0,Debit Card,5.0,100.0,,,2024,April,Thursday,2,804.48,low
ORD100725,2023-04-17,Neha Joshi,33.0,Female,Ahmedabad,Beauty & Personal Care,Sunscreen SPF50,1.0,630.48,10.0,4.0,Debit Card,4.0,60.0,FLAT100,,2023,April,Monday,2,627.432,low
ORD101636,2023-10-15,Krishna Chopra,40.0,Male,Kochi,Electronics,Power Bank 10000mAh,4.0,2020.33,10.0,3.0,UPI,5.0,150.0,,,2023,October,Sunday,4,4807.712,low
ORD102520,2024-02-08,Aarav Rao,31.0,Male,Kolkata,Footwear,Running Shoes,1.0,1041.12,15.0,3.0,Net Banking,0.0,60.0,,,2024,February,Thursday,1,944.9519999999999,low
ORD100677,2023-03-18,Rohan Patel,30.0,Female,Mumbai,Electronics,Smartwatch Band,2.0,952.34,30.0,7.0,Credit Card,3.0,80.0,FLAT100,,2023,March,Saturday,1,1413.276,low
ORD102028,2023-01-19,Diya Pillai,38.0,Female,Chennai,Home & Kitchen,Kitchen Organizer,3.0,1366.9,42.5,2.0,UPI,4.0,0.0,,,2023,January,Thursday,1,2050.3500000000004,low
ORD101152,2024-01-28,Karan Menon,30.0,Female,Mumbai,Apparel,Denim Jeans,3.0,821.91,15.0,5.0,UPI,4.0,0.0,,,2024,January,Sunday,1,2095.8705,low
ORD102147,2025-05-02,Krishna Reddy,31.0,Male,Mumbai,Electronics,Portable Speaker,1.0,1447.42,0.0,6.0,UPI,4.0,0.0,NEWUSER15,,2025,May,Friday,2,1447.42,low
ORD100055,2023-02-09,Amit Pillai,32.0,Male,Indore,Beauty & Personal Care,Beard Trimmer,4.0,580.06,0.0,5.0,Debit Card,4.0,0.0,,,2023,February,Thursday,1,2320.24,low
ORD102540,2024-12-17,Krishna Kapoor,43.0,Female,Ahmedabad,Electronics,USB-C Cable,4.0,2489.34,25.0,5.0,Credit Card,4.0,100.0,SAVE10,,2024,December,Tuesday,4,4807.712,low
ORD102258,2024-12-14,Aadhya Patel,37.0,Male,Ahmedabad,Home & Kitchen,LED Table Lamp,2.0,1673.01,0.0,6.0,Debit Card,4.0,0.0,,,2024,December,Saturday,4,3346.02,low
ORD101411,2024-05-26,Pooja Patel,34.0,Female,Hyderabad,Apparel,Formal Shirt,1.0,1244.39,15.0,6.0,Net Banking,5.0,0.0,,,2024,May,Sunday,2,1057.7315,low
ORD102244,2024-10-09,Riya Menon,23.0,Male,Lucknow,Home & Kitchen,Steel Water Bottle,1.0,1581.92,30.0,14.0,UPI,5.0,0.0,,,2024,October,Wednesday,4,1107.344,low
ORD101288,2023-04-03,Pari Patel,28.0,Female,Kolkata,Electronics,Bluetooth Earbuds,2.0,1304.87,5.0,14.0,Debit Card,2.0,0.0,,,2023,April,Monday,2,2479.2529999999997,low
ORD100166,2023-10-20,Pooja Pillai,30.0,Female,Chennai,Home & Kitchen,Non-Stick Pan,1.0,362.65,20.0,8.0,Credit Card,3.0,0.0,,,2023,October,Friday,4,290.12,low
ORD102899,2023-07-03,Aarav Verma,31.0,Male,Indore,Apparel,Denim Jeans,1.0,1064.27,15.0,7.0,Credit Card,4.0,0.0,,,2023,July,Monday,3,904.6295,low
ORD100872,2023-04-14,Sneha Gupta,34.0,Female,Indore,Electronics,Power Bank 10000mAh,3.0,1940.96,15.0,8.0,Credit Card,4.0,0.0,,,2023,April,Friday,2,4807.712,low
ORD101361,2023-03-03,Nikhil Deshmukh,32.0,Male,Delhi,Home & Kitchen,Kitchen Organizer,1.0,1646.47,0.0,4.0,UPI,4.0,0.0,,,2023,March,Friday,1,1646.47,low
ORD100887,2023-06-25,Pooja Joshi,21.0,Female,Hyderabad,Grocery,Spices Combo Pack,5.0,436.83,0.0,3.0,Debit Card,5.0,40.0,,,2023,June,Sunday,2,2224.15,low
ORD100888,2023-01-15,Ishaan Singh,40.0,Female,Ahmedabad,Beauty & Personal Care,Body Lotion,6.0,316.87,15.0,7.0,Net Banking,0.0,0.0,,,2023,January,Sunday,1,4807.712, very large
ORD102392,2024-07-16,Ananya Bhat,52.0,Female,Chandigarh,Footwear,Sandals,1.0,1999.63,5.0,8.0,UPI,5.0,60.0,FLAT100,,2024,July,Tuesday,3,1959.6485,low
ORD102439,2023-03-02,Karan Kulkarni,22.0,Male,Kochi,Apparel,Kids Hoodie,3.0,340.99,20.0,3.0,Credit Card,3.0,0.0,,,2023,March,Thursday,1,818.3760000000001,low
ORD102471,2023-04-01,Pooja Pillai,36.0,Female,Jaipur,Home & Kitchen,Curtain Set,2.0,941.78,5.0,9.0,Debit Card,0.0,0.0,FLAT100,,2023,April,Saturday,2,1789.3819999999998,low
ORD100498,2023-10-23,Vihaan Bhat,36.0,Male,Bengaluru,Beauty & Personal Care,Hair Oil 200ml,5.0,805.42,30.0,2.0,Credit Card,5.0,0.0,,,2023,October,Monday,4,2818.97,low
ORD100714,2025-04-18,Aditya Rao,26.0,Male,Lucknow,Grocery,Basmati Rice 5kg,2.0,251.72,10.0,8.0,UPI,5.0,0.0,FLAT100,,2025,April,Friday,2,453.096,low
ORD102752,2023-12-07,Krishna Menon,31.0,Female,Nagpur,Apparel,Women Kurti,1.0,862.73,20.0,5.0,UPI,4.0,60.0,,,2023,December,Thursday,4,750.1840000000001,low
ORD101056,2024-02-14,Kabir Bhat,40.0,Female,Surat,Beauty & Personal Care,Hair Oil 200ml,2.0,290.17,10.0,2.0,UPI,5.0,0.0,,,2024,February,Wednesday,1,522.306,low
ORD100364,2023-04-16,Rahul Deshmukh,18.0,Male,Delhi,Beauty & Personal Care,Herbal Shampoo,3.0,822.83,30.0,3.0,UPI,0.0,0.0,,,2023,April,Sunday,2,1727.943,low
ORD101100,2024-03-13,Myra Iyer,29.0,Male,Nagpur,Grocery,Assorted Dry Fruits,1.0,136.0,0.0,7.0,Credit Card,4.0,80.0,,,2024,March,Wednesday,1,216.0,low
ORD102331,2025-02-23,Aadhya Bhat,26.0,Male,Hyderabad,Apparel,Women Kurti,2.0,920.18,10.0,2.0,Credit Card,0.0,80.0,,,2025,February,Sunday,1,1736.3239999999998,low
ORD101727,2024-06-03,Ishaan Rao,39.0,Male,Nagpur,Grocery,Assorted Dry Fruits,2.0,635.9,10.0,4.0,Credit Card,0.0,80.0,,,2024,June,Monday,2,1224.62,low
ORD101172,2023-12-23,Priya Reddy,41.0,Female,Delhi,Apparel,Denim Jeans,2.0,468.38,0.0,9.0,UPI,4.0,80.0,,Size Issue,2023,December,Saturday,4,1016.76,low
ORD100560,2024-05-03,Myra Verma,22.0,Male,Surat,Grocery,Basmati Rice 5kg,1.0,153.66,0.0,6.0,UPI,4.0,100.0,WELCOME50,,2024,May,Friday,2,253.66,low
ORD100800,2023-01-12,Rahul Iyer,34.0,Female,Bengaluru,Home & Kitchen,Kitchen Organizer,1.0,1693.91,20.0,9.0,UPI,5.0,80.0,,,2023,January,Thursday,1,1435.1280000000002,low
ORD100617,2023-08-31,Aadhya Pillai,36.0,Male,Indore,Grocery,Green Tea Pack,3.0,458.6,15.0,7.0,Net Banking,0.0,60.0,,,2023,August,Thursday,3,1229.43,low
ORD102657,2023-09-04,Pari Nair,49.0,Other,Lucknow,Electronics,Smartwatch Band,4.0,907.8,0.0,2.0,UPI,0.0,0.0,,,2023,September,Monday,3,3631.2,low
ORD100600,2024-07-15,Aditya Chopra,36.0,Male,Mumbai,Electronics,Bluetooth Earbuds,3.0,1962.22,0.0,5.0,UPI,5.0,60.0,,,2024,July,Monday,3,4807.712,low
ORD100123,2024-03-05,Nikhil Gupta,20.0,Female,Indore,Home & Kitchen,LED Table Lamp,1.0,679.63,0.0,6.0,Debit Card,0.0,0.0,,,2024,March,Tuesday,1,679.63,low
ORD101597,2024-10-22,Aditya Patel,25.0,Male,Mumbai,Home & Kitchen,Steel Water Bottle,2.0,329.68,10.0,9.0,Credit Card,5.0,100.0,,,2024,October,Tuesday,4,693.424,low
ORD100334,2024-02-24,Pari Shah,34.0,Male,Kolkata,Beauty & Personal Care,Face Wash 100ml,1.0,703.8,0.0,6.0,Debit Card,5.0,0.0,WELCOME50,,2024,February,Saturday,1,703.8,low
ORD101857,2024-06-16,Neha Reddy,41.0,Male,Lucknow,Apparel,Formal Shirt,4.0,1388.28,5.0,9.0,UPI,5.0,0.0,,,2024,June,Sunday,2,4807.712,low
ORD102894,2023-08-26,Vivaan Patel,36.0,Female,Mumbai,Grocery,Basmati Rice 5kg,3.0,119.54,40.0,4.0,Credit Card,3.0,0.0,FLAT100,,2023,August,Saturday,3,215.172,low
ORD100304,2024-05-09,Ishaan Shah,38.0,Female,Lucknow,Grocery,Spices Combo Pack,1.0,620.87,42.5,6.0,Credit Card,0.0,0.0,,,2024,May,Thursday,2,310.435,low
ORD102549,2023-04-27,Kabir Gupta,27.0,Other,Lucknow,Beauty & Personal Care,Beard Trimmer,1.0,113.57,20.0,9.0,Debit Card,0.0,0.0,,Size Issue,2023,April,Thursday,2,90.856,low
ORD100980,2024-06-21,Pooja Reddy,34.0,Male,Bengaluru,Home & Kitchen,Wall Clock,1.0,205.53,0.0,6.0,Net Banking,4.0,100.0,,,2024,June,Friday,2,305.53,low
ORD101688,2025-05-05,Kabir Joshi,34.0,Male,Jaipur,Beauty & Personal Care,Beard Trimmer,3.0,288.47,42.5,6.0,Cash on Delivery,0.0,40.0,,Wrong Item Delivered,2025,May,Monday,2,472.70500000000004,low
ORD102694,2023-10-21,Ishaan Kapoor,29.0,Male,Nagpur,Footwear,Formal Leather Shoes,1.0,2116.15,15.0,3.0,Credit Card,0.0,100.0,,,2023,October,Saturday,4,1898.7275,low
ORD102800,2024-12-13,Aadhya Reddy,49.0,Male,Lucknow,Beauty & Personal Care,Perfume 50ml,6.0,899.68,10.0,2.0,UPI,0.0,0.0,,,2024,December,Friday,4,4807.712, very large
ORD100918,2023-12-08,Aditya Deshmukh,32.0,Female,Lucknow,Beauty & Personal Care,Perfume 50ml,4.0,769.66,5.0,7.0,Debit Card,5.0,0.0,,,2023,December,Friday,4,2924.7079999999996,low
ORD101079,2025-01-31,Ishita Gupta,38.0,Male,Ahmedabad,Electronics,LED Bulb Smart,2.0,661.39,5.0,3.0,UPI,5.0,40.0,SAVE10,,2025,January,Friday,1,1296.6409999999998,low
ORD100581,2025-01-29,Navya Reddy,53.0,Male,Chandigarh,Electronics,Power Bank 10000mAh,1.0,2603.435,0.0,2.0,Credit Card,0.0,0.0,,,2025,January,Wednesday,1,4807.712,low
ORD101616,2024-12-24,Aarav Gupta,34.0,Female,Lucknow,Electronics,Smartwatch Band,1.0,1330.04,15.0,9.0,Debit Card,4.0,60.0,,,2024,December,Tuesday,4,1190.5339999999999,low
ORD101274,2024-11-07,Kabir Bhat,32.0,Female,Nagpur,Grocery,Basmati Rice 5kg,3.0,475.26,25.0,8.0,Debit Card,0.0,0.0,NEWUSER15,,2024,November,Thursday,4,1069.335,low
ORD101284,2023-12-14,Navya Kulkarni,29.0,Male,Surat,Electronics,USB-C Cable,3.0,573.62,10.0,8.0,Credit Card,5.0,0.0,,,2023,December,Thursday,4,1548.7740000000001,low
ORD101194,2024-04-24,Anika Agarwal,34.0,Female,Kochi,Apparel,Kids Hoodie,4.0,1405.51,20.0,6.0,UPI,3.0,0.0,FLAT100,,2024,April,Wednesday,2,4497.6320000000005,low
ORD100828,2025-02-25,Vihaan Verma,34.0,Male,Mumbai,Beauty & Personal Care,Perfume 50ml,1.0,450.84,5.0,4.0,UPI,5.0,100.0,,,2025,February,Tuesday,1,528.298,low
ORD100991,2024-05-15,Vihaan Mehta,26.0,Female,Bengaluru,Grocery,Spices Combo Pack,3.0,134.45,0.0,5.0,Debit Card,3.0,80.0,,,2024,May,Wednesday,2,483.34999999999997,low
ORD101197,2025-06-13,Pooja Bhat,25.0,Male,Pune,Home & Kitchen,Steel Water Bottle,1.0,313.54,5.0,8.0,UPI,4.0,0.0,WELCOME50,Changed Mind,2025,June,Friday,2,297.863,low
ORD101195,2024-07-31,Navya Singh,36.0,Other,Kochi,Grocery,Basmati Rice 5kg,2.0,428.48,0.0,8.0,Net Banking,5.0,0.0,,,2024,July,Wednesday,3,856.96,low
ORD101824,2024-12-04,Nikhil Reddy,37.0,Female,Indore,Grocery,Cooking Oil 1L,2.0,302.87,20.0,4.0,UPI,5.0,0.0,,,2024,December,Wednesday,4,484.59200000000004,low
ORD101879,2023-04-02,Amit Joshi,35.0,Female,Jaipur,Apparel,Men Cotton T-Shirt,2.0,803.5,25.0,6.0,UPI,3.0,0.0,,,2023,April,Sunday,2,1205.25,low
ORD101861,2023-09-27,Riya Pillai,25.0,Male,Ahmedabad,Beauty & Personal Care,Herbal Shampoo,3.0,463.18,30.0,14.0,Net Banking,3.0,100.0,,,2023,September,Wednesday,3,1072.6779999999999,low
ORD101350,2023-02-24,Aditya Deshmukh,29.0,Female,Pune,Electronics,Portable Speaker,1.0,2398.73,15.0,8.0,UPI,2.0,0.0,NEWUSER15,,2023,February,Friday,1,2038.9205,low
ORD101527,2023-05-06,Ishaan Shah,40.0,Male,Indore,Apparel,Formal Shirt,4.0,379.41,5.0,4.0,UPI,5.0,0.0,SAVE10,,2023,May,Saturday,2,1441.758,low
ORD101558,2025-06-25,Rahul Nair,32.0,Female,Chandigarh,Beauty & Personal Care,Body Lotion,1.0,603.83,0.0,7.0,UPI,4.0,80.0,,,2025,June,Wednesday,2,683.83,low
ORD102419,2024-01-17,Vihaan Shah,34.0,Male,Nagpur,Electronics,Bluetooth Earbuds,2.0,2167.98,10.0,3.0,Debit Card,5.0,0.0,NEWUSER15,Late Delivery,2024,January,Wednesday,1,3902.364,low
ORD102253,2024-04-01,Rahul Verma,22.0,Male,Lucknow,Apparel,Sports Track Pant,1.0,589.21,20.0,7.0,UPI,5.0,0.0,NEWUSER15,,2024,April,Monday,2,471.36800000000005,low
ORD100409,2024-10-25,Reyansh Mehta,38.0,Male,Ahmedabad,Apparel,Formal Shirt,1.0,604.47,20.0,8.0,Net Banking,4.0,0.0,FLAT100,,2024,October,Friday,4,483.576,low
ORD100675,2024-10-23,Karan Joshi,44.0,Female,Jaipur,Beauty & Personal Care,Face Wash 100ml,1.0,326.26,25.0,6.0,UPI,4.0,0.0,,,2024,October,Wednesday,4,244.695,low
ORD100925,2025-05-11,Rohan Bhat,38.0,Male,Lucknow,Electronics,USB-C Cable,2.0,1150.36,0.0,7.0,Debit Card,0.0,0.0,FEST20,,2025,May,Sunday,2,2300.72,low
ORD100022,2023-06-16,Aditya Pillai,32.0,Female,Lucknow,Apparel,Woolen Sweater,1.0,685.35,15.0,8.0,UPI,4.0,0.0,,,2023,June,Friday,2,582.5475,low
ORD102074,2024-09-26,Anika Rao,27.0,Male,Bengaluru,Home & Kitchen,Cotton Bedsheet Set,1.0,1104.71,25.0,4.0,Net Banking,0.0,0.0,FLAT100,,2024,September,Thursday,3,828.5325,low
ORD102374,2024-09-28,Priya Sharma,41.0,Male,Chennai,Beauty & Personal Care,Sunscreen SPF50,1.0,462.28,20.0,5.0,Credit Card,3.0,80.0,,,2024,September,Saturday,3,449.824,low
ORD100728,2024-03-20,Anika Kulkarni,28.0,Male,Chennai,Beauty & Personal Care,Lip Balm Pack,2.0,192.89,0.0,4.0,Cash on Delivery,5.0,0.0,,,2024,March,Wednesday,1,385.78,low
ORD101621,2023-01-04,Reyansh Agarwal,22.0,Female,Surat,Electronics,Smartphone Cover,1.0,1885.26,30.0,8.0,Credit Card,4.0,0.0,,,2023,January,Wednesday,1,1319.682,low
ORD101346,2025-02-18,Pari Patel,38.0,Female,Surat,Beauty & Personal Care,Beard Trimmer,1.0,764.44,15.0,3.0,Cash on Delivery,3.0,80.0,,,2025,February,Tuesday,1,729.774,low
ORD101307,2023-08-05,Vivaan Gupta,38.0,Male,Indore,Beauty & Personal Care,Herbal Shampoo,1.0,683.11,0.0,7.0,Debit Card,0.0,0.0,,,2023,August,Saturday,3,683.11,low
ORD100893,2025-06-11,Amit Kapoor,37.0,Male,Chandigarh,Apparel,Kids Hoodie,3.0,780.51,30.0,9.0,Credit Card,2.0,60.0,,,2025,June,Wednesday,2,1699.0709999999997,low
ORD100671,2024-10-14,Krishna Rao,36.0,Female,Ahmedabad,Apparel,Men Cotton T-Shirt,1.0,1179.11,15.0,3.0,Cash on Delivery,0.0,0.0,FEST20,,2024,October,Monday,4,1002.2434999999999,low
ORD101672,2024-10-11,Reyansh Bhat,28.0,Male,Kochi,Apparel,Formal Shirt,2.0,1329.55,15.0,9.0,Debit Card,0.0,0.0,,,2024,October,Friday,4,2260.2349999999997,low
ORD101199,2024-12-25,Ananya Joshi,43.0,Female,Pune,Electronics,Smartwatch Band,4.0,1736.73,5.0,6.0,Net Banking,5.0,0.0,,,2024,December,Wednesday,4,4807.712,low
ORD100181,2023-05-19,Rahul Agarwal,31.0,Male,Hyderabad,Beauty & Personal Care,Lip Balm Pack,1.0,752.18,0.0,8.0,Credit Card,0.0,0.0,,,2023,May,Friday,2,752.18,low
ORD102957,2024-03-19,Kavya Nair,33.0,Male,Kolkata,Beauty & Personal Care,Face Wash 100ml,1.0,460.27,25.0,9.0,Credit Card,0.0,0.0,FLAT100,,2024,March,Tuesday,1,345.2025,low
ORD100293,2023-10-30,Vihaan Menon,35.0,Female,Indore,Home & Kitchen,Storage Container Set,2.0,546.8,20.0,9.0,UPI,5.0,60.0,,,2023,October,Monday,4,934.88,low
ORD100201,2025-04-07,Diya Iyer,24.0,Male,Indore,Home & Kitchen,Cotton Bedsheet Set,2.0,1130.79,0.0,3.0,Debit Card,0.0,80.0,,,2025,April,Monday,2,2341.58,low
ORD102142,2025-05-26,Sai Kulkarni,34.0,Male,Lucknow,Footwear,Casual Sneakers,4.0,1519.44,10.0,7.0,Debit Card,5.0,150.0,,,2025,May,Monday,2,4807.712,low
ORD100126,2023-03-14,Aadhya Menon,32.0,Male,Delhi,Beauty & Personal Care,Beard Trimmer,1.0,693.11,42.5,4.0,Cash on Delivery,2.0,60.0,,,2023,March,Tuesday,1,406.555,low
ORD100531,2023-05-31,Rohan Verma,34.0,Female,Chennai,Home & Kitchen,Cotton Bedsheet Set,2.0,672.07,10.0,5.0,Net Banking,0.0,0.0,,,2023,May,Wednesday,2,1209.726,low
ORD101431,2023-06-18,Karan Verma,46.0,Male,Pune,Footwear,Sandals,1.0,766.21,40.0,7.0,Credit Card,5.0,80.0,,,2023,June,Sunday,2,539.726,low
ORD100199,2025-05-26,Pari Nair,31.0,Male,Pune,Home & Kitchen,Cotton Bedsheet Set,1.0,1460.95,0.0,9.0,Debit Card,0.0,80.0,,,2025,May,Monday,2,1540.95,low
ORD101497,2023-01-01,Krishna Singh,44.0,Female,Lucknow,Grocery,Whole Wheat Atta 5kg,1.0,506.12,25.0,7.0,Credit Card,3.0,100.0,,,2023,January,Sunday,1,479.59000000000003,low
ORD102206,2023-05-03,Rohan Singh,37.0,Female,Chandigarh,Electronics,LED Bulb Smart,1.0,2294.93,10.0,8.0,UPI,5.0,0.0,FEST20,,2023,May,Wednesday,2,2065.437,low
ORD101992,2023-09-19,Aadhya Mehta,23.0,Male,Jaipur,Electronics,Power Bank 10000mAh,4.0,1269.8,0.0,9.0,UPI,0.0,60.0,,,2023,September,Tuesday,3,4807.712,low
ORD100692,2025-04-28,Ishaan Pillai,24.0,Female,Pune,Apparel,Women Kurti,2.0,926.73,15.0,5.0,Debit Card,5.0,0.0,,,2025,April,Monday,2,1575.441,low
ORD100934,2024-02-08,Kavya Sharma,44.0,Male,Indore,Apparel,Denim Jeans,4.0,568.74,10.0,5.0,Net Banking,5.0,0.0,,Late Delivery,2024,February,Thursday,1,2047.4640000000002,low
ORD100686,2024-01-06,Priya Pillai,23.0,Female,Hyderabad,Beauty & Personal Care,Perfume 50ml,2.0,210.75,0.0,8.0,Net Banking,5.0,0.0,SAVE10,,2024,January,Saturday,1,421.5,low
ORD100817,2023-04-07,Karan Menon,51.0,Male,Chennai,Electronics,Wireless Mouse,1.0,1860.71,25.0,7.0,Credit Card,4.0,0.0,,,2023,April,Friday,2,1395.5325,low
ORD100216,2023-03-14,Amit Verma,25.0,Female,Lucknow,Apparel,Formal Shirt,2.0,1445.33,5.0,6.0,UPI,4.0,0.0,SAVE10,,2023,March,Tuesday,1,2746.127,low
ORD101277,2024-12-05,Amit Kulkarni,32.0,Female,Ahmedabad,Grocery,Assorted Dry Fruits,1.0,528.09,25.0,6.0,Credit Card,3.0,150.0,,,2024,December,Thursday,4,546.0675,low
ORD100152,2025-04-15,Vihaan Agarwal,51.0,Female,Mumbai,Apparel,Women Kurti,3.0,1025.29,0.0,5.0,Credit Card,3.0,0.0,WELCOME50,,2025,April,Tuesday,2,3075.87,low
ORD102438,2025-02-08,Rohan Singh,34.0,Female,Lucknow,Apparel,Women Kurti,1.0,1032.04,15.0,4.0,Credit Card,4.0,0.0,,,2025,February,Saturday,1,877.2339999999999,low
ORD101841,2023-03-30,Pari Reddy,35.0,Male,Kochi,Electronics,Wireless Mouse,4.0,869.94,5.0,6.0,UPI,5.0,0.0,,,2023,March,Thursday,1,3305.772,low
ORD102124,2023-12-03,Aarav Kapoor,18.0,Male,Lucknow,Footwear,Flip Flops,1.0,1783.73,20.0,6.0,UPI,5.0,0.0,,,2023,December,Sunday,4,1426.9840000000002,low
ORD100965,2024-01-26,Amit Shah,35.0,Female,Kolkata,Grocery,Whole Wheat Atta 5kg,2.0,476.69,5.0,6.0,Credit Card,1.0,0.0,FEST20,,2024,January,Friday,1,905.7109999999999,low
ORD100478,2024-08-27,Diya Bhat,22.0,Male,Surat,Apparel,Ethnic Saree,3.0,392.09,25.0,3.0,Credit Card,0.0,40.0,,,2024,August,Tuesday,3,922.2025,low
ORD101282,2023-12-25,Pooja Iyer,31.0,Male,Chennai,Electronics,Smartphone Cover,3.0,1439.54,20.0,3.0,Credit Card,0.0,150.0,,,2023,December,Monday,4,3604.896,low
ORD101604,2023-04-24,Amit Gupta,34.0,Male,Kolkata,Footwear,Formal Leather Shoes,5.0,2104.38,20.0,3.0,Debit Card,5.0,0.0,WELCOME50,,2023,April,Monday,2,4807.712,low
ORD102060,2025-03-25,Karan Nair,45.0,Female,Bengaluru,Footwear,Casual Sneakers,1.0,1919.86,0.0,2.0,Credit Card,0.0,60.0,,,2025,March,Tuesday,1,1979.86,low
ORD101666,2024-11-15,Krishna Reddy,28.0,Male,Lucknow,Grocery,Instant Noodles Pack,1.0,296.71,0.0,8.0,UPI,4.0,60.0,FEST20,,2024,November,Friday,4,356.71,low
ORD102865,2023-02-02,Anika Menon,27.0,Female,Ahmedabad,Electronics,USB-C Cable,5.0,759.1,25.0,2.0,UPI,5.0,60.0,,,2023,February,Thursday,1,2906.625,low
ORD101150,2023-12-03,Nikhil Sharma,34.0,Male,Ahmedabad,Footwear,Running Shoes,1.0,1388.93,5.0,8.0,UPI,5.0,0.0,,Wrong Item Delivered,2023,December,Sunday,4,1319.4835,low
ORD100812,2024-09-15,Vihaan Agarwal,47.0,Male,Pune,Electronics,USB-C Cable,2.0,644.69,0.0,6.0,UPI,5.0,80.0,,,2024,September,Sunday,3,1369.38,low
ORD102740,2023-06-19,Aadhya Verma,39.0,Female,Surat,Home & Kitchen,Cotton Bedsheet Set,6.0,1376.78,15.0,5.0,UPI,5.0,0.0,,,2023,June,Monday,2,4807.712, very large
ORD101554,2024-02-22,Karan Mehta,36.0,Male,Delhi,Beauty & Personal Care,Perfume 50ml,4.0,594.81,20.0,4.0,UPI,4.0,0.0,,,2024,February,Thursday,1,1903.3919999999998,low
ORD100250,2024-11-11,Rohan Gupta,35.0,Male,Chandigarh,Beauty & Personal Care,Perfume 50ml,1.0,849.73,20.0,8.0,Cash on Delivery,0.0,0.0,,,2024,November,Monday,4,679.7840000000001,low
ORD100843,2023-02-02,Aditya Patel,28.0,Male,Kochi,Footwear,Running Shoes,1.0,1970.01,20.0,4.0,UPI,1.0,0.0,FLAT100,,2023,February,Thursday,1,1576.008,low
ORD102420,2023-12-06,Rahul Iyer,27.0,Male,Ahmedabad,Apparel,Men Cotton T-Shirt,1.0,934.34,5.0,4.0,Net Banking,5.0,100.0,,,2023,December,Wednesday,4,987.6229999999999,low
ORD101264,2023-08-06,Sai Menon,34.0,Male,Indore,Grocery,Cooking Oil 1L,1.0,311.36,15.0,9.0,Credit Card,5.0,0.0,,Quality Not as Expected,2023,August,Sunday,3,264.656,low
ORD101008,2024-10-30,Reyansh Reddy,40.0,Male,Pune,Grocery,Spices Combo Pack,4.0,317.17,30.0,5.0,UPI,3.0,0.0,,,2024,October,Wednesday,4,888.076,low
ORD100327,2023-02-04,Krishna Joshi,40.0,Male,Nagpur,Home & Kitchen,LED Table Lamp,1.0,1143.84,30.0,3.0,UPI,2.0,0.0,,,2023,February,Saturday,1,800.6879999999999,low
ORD100967,2023-10-16,Vihaan Rao,37.0,Female,Lucknow,Footwear,Casual Sneakers,4.0,1142.47,5.0,5.0,UPI,4.0,60.0,,,2023,October,Monday,4,4401.3859999999995,low
ORD100949,2023-01-11,Vivaan Bhat,37.0,Female,Pune,Grocery,Honey 500g,2.0,477.69,10.0,4.0,UPI,0.0,40.0,,,2023,January,Wednesday,1,899.842,low
ORD102352,2023-10-17,Ishita Menon,35.0,Female,Kolkata,Apparel,Sports Track Pant,4.0,1050.84,5.0,4.0,Debit Card,0.0,0.0,WELCOME50,,2023,October,Tuesday,4,3993.1919999999996,low
ORD100972,2024-03-10,Nikhil Kulkarni,28.0,Female,Bengaluru,Electronics,Portable Speaker,1.0,2167.93,5.0,6.0,UPI,4.0,80.0,,,2024,March,Sunday,1,2139.5334999999995,low
ORD101896,2024-11-13,Kavya Rao,33.0,Male,Bengaluru,Footwear,Flip Flops,1.0,1098.9,20.0,7.0,Credit Card,3.0,0.0,FEST20,,2024,November,Wednesday,4,879.1200000000001,low
ORD100187,2024-10-25,Sara Verma,24.0,Male,Ahmedabad,Apparel,Ethnic Saree,4.0,1003.51,0.0,8.0,UPI,0.0,0.0,FEST20,,2024,October,Friday,4,4014.04,low
ORD100246,2024-11-21,Riya Reddy,47.0,Female,Indore,Apparel,Woolen Sweater,2.0,882.06,10.0,5.0,Credit Card,0.0,0.0,SAVE10,Late Delivery,2024,November,Thursday,4,1587.7079999999999,low
ORD102423,2023-01-09,Neha Singh,41.0,Female,Bengaluru,Grocery,Instant Noodles Pack,2.0,327.8,25.0,9.0,UPI,3.0,0.0,,,2023,January,Monday,1,491.70000000000005,low
ORD102535,2025-06-10,Arjun Pillai,34.0,Male,Chennai,Electronics,Power Bank 10000mAh,3.0,2447.53,10.0,6.0,Credit Card,5.0,60.0,,Defective Product,2025,June,Tuesday,2,4807.712,low
ORD102950,2023-10-19,Navya Mehta,51.0,Male,Chennai,Electronics,Smartphone Cover,3.0,593.15,10.0,5.0,UPI,4.0,40.0,FEST20,Defective Product,2023,October,Thursday,4,1641.5049999999999,low
ORD102146,2024-12-19,Pari Nair,26.0,Female,Chandigarh,Footwear,Flip Flops,1.0,1136.21,25.0,5.0,Debit Card,0.0,0.0,,Wrong Item Delivered,2024,December,Thursday,4,852.1575,low
ORD102350,2024-05-05,Amit Deshmukh,22.0,Male,Indore,Beauty & Personal Care,Lip Balm Pack,4.0,416.82,10.0,9.0,Net Banking,4.0,60.0,WELCOME50,,2024,May,Sunday,2,1560.552,low
ORD101326,2023-12-12,Priya Menon,24.0,Male,Mumbai,Home & Kitchen,Curtain Set,1.0,441.75,5.0,7.0,Net Banking,4.0,60.0,,,2023,December,Tuesday,4,479.66249999999997,low
ORD102076,2024-02-28,Aarav Sharma,32.0,Male,Mumbai,Apparel,Ethnic Saree,3.0,1016.7,0.0,8.0,UPI,3.0,0.0,,,2024,February,Wednesday,1,3050.1000000000004,low
ORD100283,2024-03-23,Aadhya Rao,43.0,Female,Delhi,Beauty & Personal Care,Beard Trimmer,1.0,440.75,5.0,4.0,Net Banking,1.0,0.0,,,2024,March,Saturday,1,418.7125,low
ORD101950,2025-04-13,Arjun Singh,56.0,Female,Mumbai,Electronics,Smartphone Cover,4.0,2465.33,20.0,6.0,UPI,5.0,0.0,,,2025,April,Sunday,2,4807.712,low
ORD100157,2024-05-22,Aarav Sharma,55.0,Female,Kolkata,Beauty & Personal Care,Lip Balm Pack,1.0,263.77,25.0,5.0,Net Banking,0.0,0.0,,,2024,May,Wednesday,2,197.8275,low
ORD101505,2023-11-02,Ananya Kapoor,20.0,Female,Lucknow,Beauty & Personal Care,Perfume 50ml,4.0,228.35,5.0,2.0,Cash on Delivery,4.0,0.0,,,2023,November,Thursday,4,867.7299999999999,low
ORD100903,2025-03-16,Sneha Shah,23.0,Male,Chandigarh,Home & Kitchen,Steel Water Bottle,2.0,569.88,5.0,5.0,Credit Card,2.0,100.0,,Changed Mind,2025,March,Sunday,1,1182.772,low
ORD101345,2023-11-05,Arjun Joshi,38.0,Female,Lucknow,Apparel,Men Cotton T-Shirt,2.0,433.37,0.0,2.0,Debit Card,3.0,0.0,,,2023,November,Sunday,4,866.74,low
ORD101269,2024-12-10,Vivaan Gupta,34.0,Female,Indore,Beauty & Personal Care,Body Lotion,2.0,249.92,5.0,9.0,UPI,0.0,0.0,,,2024,December,Tuesday,4,474.84799999999996,low
ORD102426,2023-05-24,Aadhya Deshmukh,43.0,Female,Pune,Footwear,Sandals,4.0,954.27,15.0,7.0,Debit Card,0.0,100.0,WELCOME50,,2023,May,Wednesday,2,3344.518,low
ORD100975,2023-07-25,Amit Kapoor,28.0,Other,Bengaluru,Beauty & Personal Care,Hair Oil 200ml,1.0,197.57,15.0,9.0,UPI,0.0,0.0,,Quality Not as Expected,2023,July,Tuesday,3,167.93449999999999,low
ORD102188,2024-02-25,Vihaan Nair,30.0,Male,Lucknow,Grocery,Honey 500g,2.0,307.07,20.0,2.0,Debit Card,5.0,0.0,,,2024,February,Sunday,1,491.312,low
ORD101645,2024-12-26,Pari Kapoor,44.0,Male,Chandigarh,Home & Kitchen,LED Table Lamp,1.0,227.08,0.0,6.0,Credit Card,4.0,0.0,,,2024,December,Thursday,4,227.08,low
ORD101679,2023-01-19,Vihaan Singh,28.0,Male,Pune,Home & Kitchen,Non-Stick Pan,2.0,850.39,0.0,6.0,UPI,4.0,40.0,,,2023,January,Thursday,1,1740.78,low
ORD102196,2023-09-22,Arjun Bhat,42.0,Female,Nagpur,Electronics,USB-C Cable,1.0,829.75,15.0,6.0,Credit Card,2.0,0.0,SAVE10,,2023,September,Friday,3,705.2875,low
ORD100122,2024-08-19,Karan Pillai,38.0,Male,Pune,Electronics,LED Bulb Smart,1.0,1703.79,0.0,4.0,UPI,0.0,0.0,,,2024,August,Monday,3,1703.79,low
ORD102977,2025-03-27,Neha Iyer,34.0,Female,Chennai,Footwear,Sandals,3.0,2141.76,0.0,7.0,Net Banking,0.0,40.0,,Quality Not as Expected,2025,March,Thursday,1,4807.712,low
ORD101072,2024-10-23,Diya Kulkarni,30.0,Female,Indore,Grocery,Basmati Rice 5kg,2.0,587.89,0.0,4.0,UPI,4.0,60.0,,Changed Mind,2024,October,Wednesday,4,1235.78,low
ORD101534,2025-01-13,Rohan Kulkarni,21.0,Male,Lucknow,Footwear,Running Shoes,5.0,2031.84,0.0,4.0,UPI,4.0,0.0,FLAT100,Late Delivery,2025,January,Monday,1,4807.712,low
ORD101304,2024-07-10,Aditya Deshmukh,38.0,Female,Lucknow,Grocery,Spices Combo Pack,1.0,400.65,10.0,5.0,Cash on Delivery,3.0,60.0,,,2024,July,Wednesday,3,420.585,low
ORD102472,2024-01-13,Kavya Shah,21.0,Female,Mumbai,Apparel,Denim Jeans,1.0,1421.12,5.0,5.0,Debit Card,3.0,0.0,,,2024,January,Saturday,1,1350.0639999999999,low
ORD102842,2024-11-27,Anika Gupta,54.0,Female,Chandigarh,Apparel,Denim Jeans,1.0,972.01,30.0,2.0,UPI,3.0,0.0,FEST20,Quality Not as Expected,2024,November,Wednesday,4,680.4069999999999,low
ORD100417,2023-04-21,Kabir Sharma,30.0,Male,Pune,Electronics,USB-C Cable,1.0,1522.04,20.0,4.0,Debit Card,4.0,60.0,,,2023,April,Friday,2,1277.632,low
ORD102530,2023-12-17,Pari Nair,26.0,Female,Kolkata,Grocery,Whole Wheat Atta 5kg,3.0,301.97,0.0,9.0,Debit Card,0.0,60.0,,,2023,December,Sunday,4,965.9100000000001,low
ORD100869,2023-02-06,Sara Singh,43.0,Male,Pune,Beauty & Personal Care,Sunscreen SPF50,3.0,418.31,15.0,5.0,UPI,0.0,0.0,,,2023,February,Monday,1,1066.6905,low
ORD102780,2023-10-11,Aadhya Reddy,34.0,Female,Chandigarh,Footwear,Running Shoes,2.0,559.12,15.0,9.0,Credit Card,0.0,0.0,,Defective Product,2023,October,Wednesday,4,950.504,low
ORD101030,2024-10-23,Myra Agarwal,23.0,Female,Mumbai,Electronics,Bluetooth Earbuds,3.0,2068.4,25.0,4.0,Net Banking,1.0,80.0,,,2024,October,Wednesday,4,4733.900000000001,low
ORD102674,2025-04-28,Krishna Joshi,52.0,Male,Jaipur,Apparel,Kids Hoodie,4.0,422.91,5.0,2.0,Credit Card,0.0,40.0,,,2025,April,Monday,2,1647.058,low
ORD100756,2024-11-02,Karan Deshmukh,36.0,Female,Delhi,Beauty & Personal Care,Face Wash 100ml,2.0,306.69,5.0,2.0,UPI,0.0,0.0,NEWUSER15,,2024,November,Saturday,4,582.711,low
ORD101701,2023-06-12,Reyansh Mehta,29.0,Female,Kochi,Apparel,Denim Jeans,2.0,931.97,10.0,8.0,UPI,2.0,0.0,,,2023,June,Monday,2,1677.546,low
ORD101542,2023-03-22,Nikhil Iyer,39.0,Female,Nagpur,Apparel,Woolen Sweater,1.0,2603.435,40.0,6.0,UPI,3.0,0.0,SAVE10,,2023,March,Wednesday,1,4807.712,low
ORD101156,2023-04-20,Rahul Chopra,41.0,Male,Kochi,Grocery,Assorted Dry Fruits,1.0,581.21,5.0,6.0,Credit Card,3.0,40.0,,,2023,April,Thursday,2,592.1495,low
ORD101108,2025-05-06,Rahul Pillai,49.0,Male,Chandigarh,Beauty & Personal Care,Lip Balm Pack,1.0,580.03,15.0,3.0,UPI,5.0,100.0,NEWUSER15,Size Issue,2025,May,Tuesday,2,593.0255,low
ORD100067,2023-12-04,Sai Sharma,56.5,Female,Chandigarh,Beauty & Personal Care,Face Wash 100ml,1.0,602.13,10.0,8.0,UPI,3.0,80.0,,,2023,December,Monday,4,621.917,low
ORD102296,2023-06-02,Riya Kapoor,22.0,Male,Chandigarh,Electronics,Smartphone Cover,4.0,1263.99,20.0,7.0,Debit Card,4.0,0.0,NEWUSER15,,2023,June,Friday,2,4044.768,low
ORD100332,2024-11-24,Kabir Reddy,34.0,Female,Kochi,Home & Kitchen,Kitchen Organizer,1.0,1285.52,0.0,9.0,Net Banking,5.0,40.0,,,2024,November,Sunday,4,1325.52,low
ORD101592,2023-10-04,Diya Sharma,21.0,Male,Bengaluru,Footwear,Sandals,5.0,1794.5,0.0,5.0,Debit Card,4.0,40.0,,,2023,October,Wednesday,4,4807.712,low
ORD100336,2025-05-27,Pooja Patel,34.0,Female,Mumbai,Apparel,Denim Jeans,1.0,452.97,5.0,9.0,UPI,0.0,0.0,SAVE10,Late Delivery,2025,May,Tuesday,2,430.3215,low
ORD100912,2023-12-09,Neha Menon,30.0,Male,Delhi,Grocery,Whole Wheat Atta 5kg,3.0,407.55,0.0,3.0,UPI,1.0,60.0,,,2023,December,Saturday,4,1282.65,low
ORD101575,2023-10-18,Rohan Kapoor,30.0,Female,Kochi,Apparel,Formal Shirt,5.0,1411.44,10.0,5.0,UPI,5.0,0.0,,,2023,October,Wednesday,4,4807.712,low
ORD101536,2023-05-20,Vihaan Reddy,27.0,Male,Lucknow,Footwear,Sandals,1.0,1093.71,5.0,9.0,Cash on Delivery,0.0,0.0,,,2023,May,Saturday,2,1039.0245,low
ORD102185,2024-11-22,Arjun Nair,42.0,Male,Bengaluru,Apparel,Ethnic Saree,4.0,978.77,25.0,7.0,UPI,5.0,0.0,,,2024,November,Friday,4,2936.31,low
ORD100472,2023-01-05,Karan Chopra,42.0,Female,Nagpur,Beauty & Personal Care,Body Lotion,5.0,733.8,15.0,3.0,Debit Card,3.0,80.0,FLAT100,,2023,January,Thursday,1,3198.65,low
ORD100901,2023-02-08,Vivaan Singh,33.0,Female,Jaipur,Home & Kitchen,LED Table Lamp,4.0,1493.09,10.0,7.0,Credit Card,2.0,150.0,,,2023,February,Wednesday,1,4807.712,low
ORD101406,2023-11-13,Kabir Rao,41.0,Male,Bengaluru,Apparel,Woolen Sweater,1.0,504.56,30.0,6.0,UPI,0.0,40.0,SAVE10,,2023,November,Monday,4,393.192,low
ORD100865,2024-09-27,Ishita Chopra,37.0,Female,Kolkata,Grocery,Green Tea Pack,3.0,334.36,40.0,3.0,Credit Card,5.0,0.0,SAVE10,,2024,September,Friday,3,601.848,low
ORD101535,2024-10-12,Reyansh Deshmukh,22.0,Female,Hyderabad,Apparel,Denim Jeans,1.0,537.55,25.0,9.0,Net Banking,5.0,0.0,,,2024,October,Saturday,4,403.16249999999997,low
ORD100884,2023-12-20,Kavya Agarwal,32.0,Female,Hyderabad,Grocery,Spices Combo Pack,1.0,177.48,0.0,4.0,Cash on Delivery,4.0,0.0,FEST20,,2023,December,Wednesday,4,177.48,low
ORD100477,2023-10-04,Ishaan Agarwal,38.0,Female,Bengaluru,Beauty & Personal Care,Body Lotion,1.0,523.53,5.0,9.0,UPI,5.0,0.0,,,2023,October,Wednesday,4,497.35349999999994,low
ORD101329,2023-11-08,Diya Nair,28.0,Male,Kolkata,Electronics,Smartwatch Band,3.0,978.49,10.0,8.0,Credit Card,0.0,0.0,,,2023,November,Wednesday,4,2641.9230000000002,low
ORD101566,2025-06-01,Sneha Mehta,37.0,Female,Delhi,Footwear,Flip Flops,5.0,2123.69,5.0,4.0,UPI,4.0,0.0,,,2025,June,Sunday,2,4807.712,low
ORD101342,2023-04-19,Ananya Joshi,32.0,Male,Bengaluru,Apparel,Women Kurti,2.0,699.01,15.0,4.0,UPI,0.0,0.0,,,2023,April,Wednesday,2,1188.317,low
ORD100741,2024-11-25,Ishaan Shah,34.0,Male,Lucknow,Home & Kitchen,Cotton Bedsheet Set,1.0,1256.3,15.0,4.0,UPI,4.0,0.0,,,2024,November,Monday,4,1067.855,low
ORD102813,2025-05-28,Krishna Pillai,27.0,Male,Lucknow,Beauty & Personal Care,Body Lotion,2.0,351.61,30.0,6.0,Cash on Delivery,3.0,100.0,,,2025,May,Wednesday,2,592.2539999999999,low
ORD101340,2024-05-01,Navya Verma,42.0,Female,Mumbai,Grocery,Cooking Oil 1L,2.0,369.45,20.0,5.0,Credit Card,0.0,40.0,,,2024,May,Wednesday,2,631.12,low
ORD102665,2024-05-03,Aadhya Joshi,26.0,Female,Hyderabad,Electronics,Bluetooth Earbuds,1.0,847.96,20.0,4.0,Cash on Delivery,0.0,0.0,,,2024,May,Friday,2,678.368,low
ORD100132,2023-03-24,Myra Joshi,38.0,Female,Chennai,Home & Kitchen,Storage Container Set,1.0,900.86,0.0,6.0,Net Banking,0.0,0.0,,,2023,March,Friday,1,900.86,low
ORD102818,2023-04-27,Sai Singh,48.0,Male,Hyderabad,Home & Kitchen,Storage Container Set,1.0,1137.58,42.5,4.0,UPI,4.0,0.0,,,2023,April,Thursday,2,568.79,low
ORD102216,2024-02-15,Aadhya Chopra,35.0,Male,Jaipur,Electronics,Power Bank 10000mAh,3.0,627.21,0.0,4.0,Credit Card,0.0,60.0,,,2024,February,Thursday,1,1941.63,low
ORD100981,2024-10-23,Rohan Shah,47.0,Male,Chennai,Grocery,Assorted Dry Fruits,4.0,559.78,0.0,8.0,Cash on Delivery,0.0,100.0,,,2024,October,Wednesday,4,2339.12,low
ORD101233,2024-11-14,Reyansh Pillai,46.0,Female,Indore,Electronics,Bluetooth Earbuds,1.0,2349.47,30.0,9.0,Credit Card,4.0,60.0,FLAT100,Quality Not as Expected,2024,November,Thursday,4,1704.6289999999997,low
ORD102090,2025-03-19,Vivaan Gupta,20.0,Male,Chennai,Beauty & Personal Care,Beard Trimmer,3.0,621.94,10.0,8.0,Net Banking,0.0,0.0,FLAT100,,2025,March,Wednesday,1,1679.2380000000003,low
ORD102288,2023-01-02,Sara Iyer,26.0,Male,Lucknow,Electronics,USB-C Cable,1.0,1089.47,40.0,7.0,UPI,3.0,40.0,,,2023,January,Monday,1,693.682,low
ORD101756,2023-11-14,Ishaan Agarwal,35.0,Male,Delhi,Grocery,Honey 500g,4.0,414.83,0.0,5.0,Credit Card,5.0,60.0,,,2023,November,Tuesday,4,1719.32,low
ORD102508,2024-01-07,Rahul Pillai,38.0,Male,Ahmedabad,Grocery,Honey 500g,3.0,242.71,20.0,5.0,UPI,0.0,60.0,WELCOME50,,2024,January,Sunday,1,642.504,low
ORD101149,2023-10-04,Sneha Joshi,46.0,Female,Ahmedabad,Electronics,Bluetooth Earbuds,4.0,1928.06,20.0,5.0,Debit Card,4.0,0.0,,,2023,October,Wednesday,4,4807.712,low
ORD102595,2023-06-01,Rahul Nair,39.0,Female,Hyderabad,Electronics,LED Bulb Smart,2.0,923.71,0.0,5.0,UPI,0.0,150.0,,,2023,June,Thursday,2,1997.42,low
ORD102564,2023-01-12,Ishita Menon,37.0,Male,Delhi,Electronics,Portable Speaker,3.0,1785.4,15.0,4.0,Credit Card,4.0,0.0,NEWUSER15,,2023,January,Thursday,1,4552.77,low
ORD100256,2024-01-15,Vihaan Deshmukh,41.0,Female,Lucknow,Footwear,Sandals,3.0,977.64,0.0,3.0,Net Banking,1.0,0.0,,,2024,January,Monday,1,2932.92,low
ORD100633,2023-01-17,Arjun Joshi,34.0,Male,Ahmedabad,Beauty & Personal Care,Beard Trimmer,1.0,829.02,15.0,5.0,Credit Card,4.0,0.0,,,2023,January,Tuesday,1,704.6669999999999,low
ORD102445,2025-03-25,Aadhya Singh,41.0,Male,Mumbai,Beauty & Personal Care,Herbal Shampoo,2.0,429.06,5.0,6.0,Cash on Delivery,0.0,0.0,FEST20,,2025,March,Tuesday,1,815.2139999999999,low
ORD100777,2023-04-18,Anika Gupta,37.0,Female,Bengaluru,Footwear,Casual Sneakers,2.0,465.79,40.0,3.0,UPI,5.0,0.0,NEWUSER15,,2023,April,Tuesday,2,558.948,low
ORD102405,2023-12-22,Aditya Mehta,34.0,Female,Pune,Grocery,Basmati Rice 5kg,2.0,251.23,15.0,5.0,Credit Card,5.0,0.0,,,2023,December,Friday,4,427.09099999999995,low
ORD100557,2025-03-08,Navya Reddy,55.0,Male,Surat,Footwear,Casual Sneakers,3.0,680.54,10.0,2.0,UPI,0.0,80.0,,,2025,March,Saturday,1,1917.4579999999999,low
ORD102815,2023-03-27,Riya Sharma,41.0,Female,Chennai,Electronics,Smartwatch Band,5.0,804.0,0.0,8.0,Credit Card,4.0,100.0,,,2023,March,Monday,1,4120.0,low
ORD101985,2024-12-24,Amit Joshi,35.0,Female,Pune,Home & Kitchen,Steel Water Bottle,1.0,580.08,10.0,7.0,Credit Card,0.0,0.0,,,2024,December,Tuesday,4,522.072,low
ORD100261,2023-06-05,Vivaan Kapoor,25.0,Male,Surat,Grocery,Whole Wheat Atta 5kg,2.0,336.66,0.0,2.0,UPI,0.0,80.0,SAVE10,,2023,June,Monday,2,753.32,low
ORD102447,2024-01-15,Sneha Kulkarni,37.0,Male,Chandigarh,Home & Kitchen,Kitchen Organizer,1.0,1191.07,20.0,6.0,Debit Card,0.0,0.0,,,2024,January,Monday,1,952.856,low
ORD102468,2023-11-16,Ishaan Chopra,48.0,Male,Chandigarh,Beauty & Personal Care,Beard Trimmer,2.0,789.8,0.0,2.0,Debit Card,0.0,0.0,,Quality Not as Expected,2023,November,Thursday,4,1579.6,low
ORD101889,2024-02-14,Pooja Bhat,47.0,Female,Hyderabad,Grocery,Cooking Oil 1L,1.0,296.17,20.0,3.0,Net Banking,4.0,0.0,,,2024,February,Wednesday,1,236.93600000000004,low
ORD102071,2024-01-11,Ishaan Reddy,42.0,Female,Lucknow,Home & Kitchen,Storage Container Set,2.0,737.48,20.0,9.0,Net Banking,0.0,80.0,,,2024,January,Thursday,1,1259.968,low
ORD102464,2024-02-27,Myra Verma,20.0,Male,Bengaluru,Apparel,Ethnic Saree,4.0,436.33,10.0,3.0,UPI,3.0,0.0,,,2024,February,Tuesday,1,1570.788,low
ORD100208,2024-10-15,Aadhya Kapoor,34.0,Male,Nagpur,Home & Kitchen,Kitchen Organizer,1.0,1008.55,15.0,3.0,Credit Card,0.0,0.0,,,2024,October,Tuesday,4,857.2674999999999,low
ORD102708,2024-10-27,Navya Rao,43.0,Female,Kochi,Footwear,Sandals,4.0,1548.41,5.0,7.0,UPI,4.0,60.0,FLAT100,,2024,October,Sunday,4,4807.712,low
ORD101913,2024-11-23,Anika Shah,47.0,Male,Delhi,Electronics,USB-C Cable,2.0,2404.03,5.0,7.0,UPI,2.0,0.0,FLAT100,,2024,November,Saturday,4,4567.657,low
ORD101606,2023-05-15,Neha Deshmukh,34.0,Female,Indore,Grocery,Assorted Dry Fruits,1.0,157.02,25.0,8.0,Net Banking,4.0,0.0,,,2023,May,Monday,2,117.76500000000001,low
ORD101020,2023-02-20,Ananya Singh,38.0,Male,Nagpur,Apparel,Woolen Sweater,2.0,1205.22,25.0,7.0,UPI,4.0,0.0,SAVE10,,2023,February,Monday,1,1807.83,low
ORD102707,2023-10-04,Aarav Iyer,40.0,Female,Bengaluru,Home & Kitchen,Non-Stick Pan,1.0,207.72,0.0,3.0,Net Banking,3.0,100.0,,,2023,October,Wednesday,4,307.72,low
ORD101403,2023-10-21,Aditya Deshmukh,34.0,Female,Mumbai,Grocery,Whole Wheat Atta 5kg,1.0,534.09,10.0,6.0,Debit Card,4.0,40.0,NEWUSER15,,2023,October,Saturday,4,520.681,low
ORD102086,2024-10-11,Rohan Chopra,45.0,Male,Surat,Beauty & Personal Care,Face Wash 100ml,2.0,458.09,30.0,6.0,Credit Card,1.0,60.0,,,2024,October,Friday,4,701.3259999999999,low
ORD100209,2024-12-10,Karan Mehta,36.0,Male,Nagpur,Home & Kitchen,Curtain Set,2.0,1636.1,5.0,3.0,Debit Card,0.0,60.0,,,2024,December,Tuesday,4,3168.5899999999997,low
ORD100153,2023-09-25,Arjun Mehta,24.0,Male,Ahmedabad,Home & Kitchen,Storage Container Set,1.0,480.46,10.0,6.0,Cash on Delivery,2.0,150.0,,,2023,September,Monday,3,582.414,low
ORD102348,2023-07-03,Aditya Rao,30.0,Female,Lucknow,Footwear,Casual Sneakers,5.0,2184.32,15.0,6.0,Cash on Delivery,4.0,60.0,FEST20,,2023,July,Monday,3,4807.712,low
ORD101590,2024-11-01,Krishna Gupta,20.0,Male,Delhi,Apparel,Kids Hoodie,5.0,1079.29,5.0,6.0,Debit Card,0.0,100.0,,,2024,November,Friday,4,4807.712,low
ORD101147,2024-12-01,Aadhya Menon,30.0,Male,Chennai,Electronics,Smartwatch Band,1.0,1540.2,15.0,2.0,Credit Card,4.0,60.0,,,2024,December,Sunday,4,1369.17,low
ORD101967,2024-03-03,Vivaan Chopra,18.0,Female,Delhi,Apparel,Kids Hoodie,1.0,648.29,15.0,7.0,Credit Card,4.0,80.0,,,2024,March,Sunday,1,631.0464999999999,low
ORD101633,2025-03-13,Ishita Bhat,38.0,Male,Hyderabad,Apparel,Women Kurti,1.0,1293.07,0.0,9.0,Debit Card,5.0,0.0,,,2025,March,Thursday,1,1293.07,low
ORD100597,2024-12-11,Arjun Menon,29.0,Male,Jaipur,Beauty & Personal Care,Beard Trimmer,1.0,738.74,15.0,5.0,Debit Card,0.0,100.0,SAVE10,Late Delivery,2024,December,Wednesday,4,727.929,low
ORD101931,2024-03-15,Riya Sharma,34.0,Male,Chandigarh,Electronics,Bluetooth Earbuds,1.0,2462.82,15.0,5.0,UPI,4.0,0.0,,,2024,March,Friday,1,2093.397,low
ORD101656,2025-02-10,Aarav Shah,34.0,Male,Pune,Grocery,Honey 500g,2.0,505.64,40.0,9.0,Cash on Delivery,5.0,150.0,FEST20,,2025,February,Monday,1,756.7679999999999,low
ORD100680,2023-11-02,Amit Gupta,33.0,Male,Chandigarh,Grocery,Whole Wheat Atta 5kg,4.0,211.35,40.0,2.0,Debit Card,3.0,100.0,,,2023,November,Thursday,4,607.24,low
ORD101565,2024-02-19,Sai Mehta,37.0,Other,Jaipur,Electronics,LED Bulb Smart,3.0,2199.17,5.0,5.0,Debit Card,4.0,0.0,,,2024,February,Monday,1,4807.712,low
ORD101328,2024-09-06,Ananya Shah,30.0,Female,Lucknow,Electronics,Wireless Mouse,1.0,1561.04,0.0,14.0,Credit Card,0.0,150.0,SAVE10,,2024,September,Friday,3,1711.04,low
ORD101518,2024-03-26,Pari Singh,24.0,Male,Chennai,Grocery,Honey 500g,1.0,254.18,5.0,2.0,UPI,4.0,0.0,,,2024,March,Tuesday,1,241.471,low
ORD102160,2024-01-21,Sneha Mehta,32.0,Male,Kochi,Apparel,Men Cotton T-Shirt,5.0,408.11,10.0,3.0,Credit Card,5.0,0.0,,,2024,January,Sunday,1,1836.4950000000001,low
ORD100221,2024-02-20,Priya Kapoor,36.0,Male,Delhi,Beauty & Personal Care,Perfume 50ml,2.0,808.27,20.0,6.0,Debit Card,4.0,40.0,,,2024,February,Tuesday,1,1333.232,low
ORD100225,2023-10-06,Pari Rao,48.0,Female,Mumbai,Beauty & Personal Care,Face Wash 100ml,2.0,125.82,15.0,4.0,UPI,0.0,40.0,,,2023,October,Friday,4,253.89399999999998,low
ORD102893,2025-04-11,Amit Kulkarni,20.0,Male,Chennai,Grocery,Basmati Rice 5kg,1.0,284.65,20.0,2.0,UPI,5.0,100.0,,,2025,April,Friday,2,327.72,low
ORD101760,2023-12-17,Pooja Menon,50.0,Female,Surat,Beauty & Personal Care,Perfume 50ml,3.0,780.24,40.0,5.0,UPI,1.0,0.0,NEWUSER15,,2023,December,Sunday,4,1404.432,low
ORD101360,2024-12-09,Neha Mehta,34.0,Female,Kochi,Electronics,Wireless Mouse,1.0,1603.02,0.0,2.0,Credit Card,0.0,60.0,,,2024,December,Monday,4,1663.02,low
ORD102558,2023-01-29,Kabir Kapoor,32.0,Male,Lucknow,Home & Kitchen,Curtain Set,1.0,1379.64,25.0,5.0,Credit Card,1.0,0.0,NEWUSER15,,2023,January,Sunday,1,1034.73,low
ORD102286,2023-12-09,Aadhya Singh,34.0,Male,Hyderabad,Electronics,Smartwatch Band,2.0,1619.72,0.0,5.0,Debit Card,4.0,150.0,FLAT100,Late Delivery,2023,December,Saturday,4,3389.44,low
ORD101492,2023-01-27,Ishaan Mehta,52.0,Other,Ahmedabad,Home & Kitchen,Kitchen Organizer,4.0,390.23,10.0,7.0,Debit Card,4.0,0.0,WELCOME50,,2023,January,Friday,1,1404.8280000000002,low
ORD102235,2024-12-21,Karan Chopra,54.0,Male,Nagpur,Apparel,Men Cotton T-Shirt,2.0,698.68,0.0,7.0,UPI,4.0,0.0,,,2024,December,Saturday,4,1397.36,low
ORD102248,2023-05-22,Ishita Patel,21.0,Female,Pune,Beauty & Personal Care,Beard Trimmer,1.0,742.32,0.0,7.0,UPI,4.0,60.0,,,2023,May,Monday,2,802.32,low
ORD100205,2023-08-31,Aditya Sharma,33.0,Male,Kochi,Beauty & Personal Care,Sunscreen SPF50,1.0,277.49,0.0,6.0,Debit Card,0.0,100.0,NEWUSER15,,2023,August,Thursday,3,377.49,low
ORD101027,2023-09-13,Nikhil Singh,25.0,Female,Jaipur,Grocery,Assorted Dry Fruits,5.0,557.11,30.0,2.0,UPI,4.0,0.0,,Quality Not as Expected,2023,September,Wednesday,3,1949.885,low
ORD102759,2024-01-26,Krishna Nair,22.0,Male,Chennai,Footwear,Casual Sneakers,2.0,2139.81,15.0,9.0,UPI,4.0,0.0,,,2024,January,Friday,1,3637.6769999999997,low
ORD102119,2024-09-30,Kabir Kulkarni,50.0,Female,Lucknow,Apparel,Kids Hoodie,1.0,788.1,20.0,7.0,Debit Card,5.0,0.0,,,2024,September,Monday,3,630.48,low
ORD101046,2024-12-06,Kabir Chopra,35.0,Female,Bengaluru,Grocery,Honey 500g,4.0,665.26,5.0,2.0,Debit Card,5.0,40.0,WELCOME50,,2024,December,Friday,4,2567.988,low
ORD100693,2025-05-11,Rohan Bhat,34.0,Male,Chandigarh,Beauty & Personal Care,Perfume 50ml,2.0,197.18,30.0,3.0,Net Banking,4.0,0.0,,,2025,May,Sunday,2,276.05199999999996,low
ORD102408,2024-02-27,Pari Iyer,32.0,Female,Chandigarh,Grocery,Honey 500g,1.0,387.59,10.0,6.0,Debit Card,0.0,0.0,,,2024,February,Tuesday,1,348.83099999999996,low
ORD102372,2023-02-25,Sai Agarwal,40.0,Male,Delhi,Electronics,Bluetooth Earbuds,5.0,1371.38,0.0,3.0,Debit Card,5.0,0.0,FLAT100,,2023,February,Saturday,1,4807.712,low
ORD101186,2023-05-10,Priya Menon,36.0,Male,Jaipur,Electronics,USB-C Cable,4.0,601.75,0.0,6.0,UPI,5.0,0.0,FLAT100,Wrong Item Delivered,2023,May,Wednesday,2,2407.0,low
ORD101369,2024-08-01,Ishaan Kapoor,16.0,Female,Chennai,Beauty & Personal Care,Beard Trimmer,4.0,468.49,5.0,7.0,UPI,5.0,0.0,,,2024,August,Thursday,3,1780.262,low
ORD101907,2023-05-27,Kabir Menon,43.0,Male,Lucknow,Footwear,Running Shoes,2.0,787.61,20.0,7.0,Net Banking,3.0,0.0,,,2023,May,Saturday,2,1260.1760000000002,low
ORD100016,2024-04-12,Arjun Mehta,34.0,Male,Jaipur,Beauty & Personal Care,Perfume 50ml,2.0,773.94,5.0,6.0,Cash on Delivery,2.0,0.0,,Changed Mind,2024,April,Friday,2,1470.486,low
ORD101607,2024-06-24,Reyansh Rao,44.0,Male,Nagpur,Home & Kitchen,Curtain Set,1.0,780.45,5.0,6.0,Cash on Delivery,4.0,60.0,,,2024,June,Monday,2,801.4275,low
ORD101676,2023-05-17,Reyansh Shah,34.0,Male,Lucknow,Electronics,Smartphone Cover,3.0,2061.54,5.0,3.0,Debit Card,4.0,0.0,,,2023,May,Wednesday,2,4807.712,low
ORD101184,2024-01-18,Aarav Mehta,26.0,Female,Kolkata,Footwear,Running Shoes,1.0,1299.43,15.0,2.0,Credit Card,2.0,0.0,,Late Delivery,2024,January,Thursday,1,1104.5155,low
ORD100656,2024-11-29,Sara Patel,33.0,Male,Delhi,Grocery,Basmati Rice 5kg,1.0,662.15,5.0,4.0,Debit Card,4.0,100.0,FLAT100,,2024,November,Friday,4,729.0424999999999,low
ORD101571,2023-11-26,Amit Sharma,56.0,Female,Ahmedabad,Beauty & Personal Care,Lip Balm Pack,1.0,378.29,0.0,3.0,UPI,4.0,0.0,,,2023,November,Sunday,4,378.29,low
ORD101737,2023-04-01,Riya Deshmukh,50.0,Male,Ahmedabad,Beauty & Personal Care,Perfume 50ml,2.0,390.07,20.0,5.0,Debit Card,2.0,40.0,SAVE10,,2023,April,Saturday,2,664.1120000000001,low
ORD101419,2023-12-12,Kavya Singh,29.0,Female,Pune,Apparel,Formal Shirt,1.0,362.11,5.0,2.0,Credit Card,5.0,0.0,,,2023,December,Tuesday,4,344.0045,low
ORD100399,2023-10-10,Amit Kulkarni,35.0,Male,Bengaluru,Grocery,Assorted Dry Fruits,1.0,478.61,5.0,5.0,UPI,5.0,80.0,,,2023,October,Tuesday,4,534.6795,low
ORD100618,2023-02-25,Aditya Bhat,43.0,Male,Pune,Apparel,Kids Hoodie,1.0,1253.24,30.0,6.0,Cash on Delivery,5.0,0.0,NEWUSER15,,2023,February,Saturday,1,877.2679999999999,low
ORD100508,2023-09-02,Karan Shah,28.0,Male,Hyderabad,Grocery,Instant Noodles Pack,1.0,367.51,25.0,9.0,UPI,4.0,0.0,FEST20,Late Delivery,2023,September,Saturday,3,275.6325,low
ORD100867,2025-02-02,Amit Iyer,44.0,Male,Pune,Grocery,Cooking Oil 1L,3.0,345.92,5.0,7.0,Debit Card,0.0,0.0,,,2025,February,Sunday,1,985.872,low
ORD100886,2023-02-18,Kavya Pillai,46.0,Female,Pune,Apparel,Woolen Sweater,1.0,1269.84,25.0,5.0,UPI,5.0,60.0,,,2023,February,Saturday,1,1012.3799999999999,low
ORD102110,2023-09-14,Pooja Nair,28.0,Male,Lucknow,Apparel,Ethnic Saree,2.0,488.89,30.0,5.0,Debit Card,0.0,0.0,,,2023,September,Thursday,3,684.4459999999999,low
ORD100599,2024-08-08,Sai Kapoor,23.0,Female,Mumbai,Beauty & Personal Care,Face Wash 100ml,2.0,485.65,5.0,5.0,UPI,2.0,0.0,,,2024,August,Thursday,3,922.7349999999999,low
ORD102166,2023-11-07,Kavya Rao,34.0,Male,Hyderabad,Electronics,Wireless Mouse,4.0,822.88,15.0,8.0,Credit Card,3.0,0.0,,,2023,November,Tuesday,4,2797.792,low
ORD100457,2024-07-31,Riya Deshmukh,39.0,Male,Mumbai,Electronics,LED Bulb Smart,1.0,1356.17,20.0,14.0,Credit Card,3.0,0.0,,,2024,July,Wednesday,3,1084.9360000000001,low
ORD101117,2023-11-13,Sneha Reddy,56.5,Male,Nagpur,Apparel,Woolen Sweater,1.0,824.5,25.0,6.0,UPI,4.0,0.0,,Quality Not as Expected,2023,November,Monday,4,618.375,low
ORD100870,2023-10-03,Karan Joshi,43.0,Male,Nagpur,Apparel,Ethnic Saree,4.0,607.23,0.0,7.0,Debit Card,4.0,40.0,,,2023,October,Tuesday,4,2468.92,low
ORD100790,2023-10-10,Ishita Sharma,26.0,Female,Chandigarh,Grocery,Basmati Rice 5kg,2.0,135.57,20.0,9.0,Credit Card,5.0,60.0,,,2023,October,Tuesday,4,276.91200000000003,low
ORD100954,2024-12-16,Sneha Reddy,20.0,Male,Surat,Grocery,Honey 500g,3.0,571.57,0.0,3.0,UPI,3.0,0.0,,,2024,December,Monday,4,1714.71,low
ORD100650,2023-11-06,Rahul Nair,31.0,Female,Delhi,Beauty & Personal Care,Herbal Shampoo,1.0,568.31,10.0,7.0,Credit Card,0.0,0.0,,,2023,November,Monday,4,511.479,low
ORD100733,2024-12-06,Karan Kapoor,42.0,Male,Hyderabad,Footwear,Formal Leather Shoes,3.0,1863.86,0.0,2.0,Net Banking,3.0,60.0,,,2024,December,Friday,4,4807.712,low
ORD102856,2023-01-24,Neha Menon,42.0,Female,Delhi,Footwear,Formal Leather Shoes,1.0,1671.32,0.0,3.0,Cash on Delivery,4.0,0.0,,,2023,January,Tuesday,1,1671.32,low
ORD100379,2023-08-28,Nikhil Chopra,46.0,Male,Delhi,Electronics,LED Bulb Smart,4.0,772.01,0.0,7.0,UPI,5.0,0.0,,,2023,August,Monday,3,3088.04,low
ORD100956,2024-01-01,Vihaan Chopra,33.0,Male,Ahmedabad,Apparel,Ethnic Saree,5.0,2121.4319046239334,30.0,7.0,UPI,5.0,60.0,,Quality Not as Expected,2024,January,Monday,1,4807.712,low
ORD100171,2023-03-24,Myra Joshi,55.0,Male,Kochi,Apparel,Ethnic Saree,2.0,883.42,0.0,9.0,UPI,2.0,0.0,,,2023,March,Friday,1,1766.84,low
ORD101944,2023-12-13,Aadhya Deshmukh,34.0,Male,Hyderabad,Beauty & Personal Care,Lip Balm Pack,1.0,352.53,30.0,4.0,Debit Card,4.0,40.0,,,2023,December,Wednesday,4,286.77099999999996,low
ORD100659,2023-09-20,Anika Bhat,33.0,Male,Nagpur,Grocery,Basmati Rice 5kg,1.0,666.72,0.0,8.0,Debit Card,5.0,0.0,SAVE10,,2023,September,Wednesday,3,666.72,low
ORD102120,2024-12-01,Sneha Mehta,47.0,Male,Indore,Electronics,Wireless Mouse,2.0,1935.19,5.0,7.0,Debit Card,5.0,0.0,,,2024,December,Sunday,4,3676.861,low
ORD101094,2023-10-27,Priya Shah,34.0,Female,Bengaluru,Footwear,Formal Leather Shoes,3.0,1410.43,42.5,4.0,Credit Card,4.0,0.0,,,2023,October,Friday,4,2115.645,low
ORD102716,2024-01-31,Vivaan Verma,43.0,Male,Mumbai,Beauty & Personal Care,Sunscreen SPF50,1.0,439.69,5.0,4.0,Debit Card,3.0,0.0,,,2024,January,Wednesday,1,417.7055,low
ORD100642,2025-02-17,Krishna Bhat,24.0,Female,Indore,Footwear,Casual Sneakers,1.0,1935.67,5.0,7.0,Credit Card,5.0,40.0,,Quality Not as Expected,2025,February,Monday,1,1878.8865,low
ORD100168,2023-11-19,Pooja Joshi,41.0,Male,Lucknow,Home & Kitchen,Storage Container Set,3.0,988.72,10.0,7.0,Credit Card,5.0,0.0,,,2023,November,Sunday,4,2669.544,low
ORD101800,2023-02-21,Sai Shah,26.0,Female,Kolkata,Grocery,Whole Wheat Atta 5kg,5.0,525.48,10.0,8.0,Debit Card,4.0,0.0,,,2023,February,Tuesday,1,2364.6600000000003,low
ORD102696,2023-01-12,Neha Verma,42.0,Female,Ahmedabad,Home & Kitchen,Non-Stick Pan,1.0,1458.27,0.0,7.0,Net Banking,0.0,60.0,,,2023,January,Thursday,1,1518.27,low
ORD101917,2024-03-22,Pari Singh,32.0,Female,Lucknow,Beauty & Personal Care,Perfume 50ml,2.0,455.4,15.0,3.0,UPI,5.0,60.0,,,2024,March,Friday,1,834.18,low
ORD100272,2023-05-19,Ananya Reddy,33.0,Male,Chandigarh,Electronics,Smartwatch Band,1.0,2051.21,10.0,3.0,Credit Card,4.0,80.0,,Late Delivery,2023,May,Friday,2,1926.0890000000002,low
ORD101215,2023-10-02,Pooja Shah,44.0,Male,Bengaluru,Grocery,Instant Noodles Pack,2.0,227.07,15.0,6.0,Credit Card,5.0,0.0,,Quality Not as Expected,2023,October,Monday,4,386.019,low
ORD101118,2024-11-09,Priya Pillai,30.0,Female,Mumbai,Grocery,Green Tea Pack,2.0,203.62,10.0,7.0,UPI,4.0,0.0,,,2024,November,Saturday,4,366.516,low
ORD102513,2023-11-01,Arjun Pillai,27.0,Female,Lucknow,Grocery,Assorted Dry Fruits,5.0,303.99,0.0,8.0,Net Banking,4.0,0.0,,,2023,November,Wednesday,4,1519.95,low
ORD101066,2025-04-23,Vivaan Nair,25.0,Female,Jaipur,Electronics,Smartphone Cover,3.0,2141.14,10.0,2.0,Debit Card,2.0,0.0,,,2025,April,Wednesday,2,4807.712,low
ORD102104,2023-01-06,Navya Rao,54.0,Other,Kolkata,Home & Kitchen,Wall Clock,1.0,1384.76,20.0,2.0,UPI,2.0,0.0,FLAT100,Wrong Item Delivered,2023,January,Friday,1,1107.808,low
ORD102276,2023-07-11,Pooja Iyer,37.0,Female,Delhi,Electronics,Smartphone Cover,1.0,2431.78,0.0,7.0,Debit Card,3.0,0.0,,,2023,July,Tuesday,3,2431.78,low
ORD102345,2023-08-23,Vihaan Pillai,29.0,Male,Ahmedabad,Grocery,Green Tea Pack,1.0,371.65,10.0,3.0,Debit Card,4.0,80.0,,,2023,August,Wednesday,3,414.485,low
ORD101912,2024-01-06,Rahul Chopra,47.0,Female,Kochi,Grocery,Spices Combo Pack,2.0,390.5,25.0,9.0,Credit Card,5.0,100.0,,,2024,January,Saturday,1,685.75,low
ORD100038,2023-09-10,Sara Singh,44.0,Male,Lucknow,Grocery,Green Tea Pack,2.0,410.28,10.0,3.0,UPI,0.0,0.0,,,2023,September,Sunday,3,738.504,low
ORD100306,2023-10-03,Nikhil Sharma,45.0,Female,Kochi,Footwear,Casual Sneakers,2.0,1841.39,0.0,9.0,Net Banking,0.0,100.0,,,2023,October,Tuesday,4,3782.78,low
ORD100006,2023-03-20,Ishaan Iyer,49.0,Male,Bengaluru,Home & Kitchen,Storage Container Set,2.0,1437.0,5.0,4.0,Credit Card,3.0,0.0,,,2023,March,Monday,1,2730.2999999999997,low
ORD100781,2024-08-03,Aarav Joshi,45.0,Male,Bengaluru,Footwear,Casual Sneakers,3.0,759.18,0.0,7.0,UPI,5.0,0.0,FEST20,,2024,August,Saturday,3,2277.54,low
ORD101190,2024-01-14,Arjun Kapoor,56.5,Male,Kochi,Apparel,Ethnic Saree,1.0,772.66,15.0,4.0,Credit Card,5.0,150.0,,,2024,January,Sunday,1,806.761,low
ORD100583,2023-02-17,Kavya Rao,38.0,Male,Ahmedabad,Apparel,Sports Track Pant,1.0,1243.45,5.0,3.0,Debit Card,3.0,0.0,SAVE10,,2023,February,Friday,1,1181.2775,low
ORD102424,2023-11-14,Ishita Kapoor,37.0,Male,Jaipur,Footwear,Sandals,1.0,1274.9,0.0,9.0,Cash on Delivery,5.0,0.0,SAVE10,,2023,November,Tuesday,4,1274.9,low
ORD102976,2024-03-26,Rahul Chopra,29.0,Male,Kochi,Footwear,Sandals,3.0,1410.07,10.0,2.0,UPI,2.0,100.0,,,2024,March,Tuesday,1,3907.1890000000003,low
ORD102566,2024-12-30,Rohan Chopra,33.0,Male,Jaipur,Grocery,Whole Wheat Atta 5kg,3.0,218.42,0.0,2.0,Debit Card,4.0,0.0,,Quality Not as Expected,2024,December,Monday,4,655.26,low
ORD102782,2024-11-24,Pari Singh,18.0,Female,Hyderabad,Home & Kitchen,LED Table Lamp,3.0,694.56,0.0,3.0,Debit Card,4.0,0.0,,,2024,November,Sunday,4,2083.68,low
ORD102241,2024-01-04,Reyansh Patel,37.0,Female,Bengaluru,Beauty & Personal Care,Sunscreen SPF50,4.0,831.64,15.0,6.0,Credit Card,3.0,0.0,,,2024,January,Thursday,1,2827.576,low
ORD100316,2024-10-09,Vivaan Reddy,31.0,Male,Kochi,Beauty & Personal Care,Sunscreen SPF50,1.0,106.4,15.0,5.0,UPI,5.0,0.0,,,2024,October,Wednesday,4,90.44,low
ORD101794,2024-03-11,Vihaan Shah,32.0,Female,Kochi,Footwear,Flip Flops,1.0,1792.81,15.0,7.0,UPI,0.0,0.0,,,2024,March,Monday,1,1523.8885,low
ORD100271,2023-01-21,Nikhil Nair,28.0,Male,Delhi,Beauty & Personal Care,Face Wash 100ml,1.0,521.44,5.0,5.0,UPI,5.0,0.0,,,2023,January,Saturday,1,495.36800000000005,low
ORD100548,2024-04-15,Ananya Nair,31.0,Male,Chandigarh,Beauty & Personal Care,Herbal Shampoo,2.0,719.19,5.0,9.0,UPI,5.0,100.0,,,2024,April,Monday,2,1466.461,low
ORD101692,2024-08-21,Riya Sharma,40.0,Male,Pune,Grocery,Green Tea Pack,4.0,409.4,10.0,8.0,UPI,0.0,0.0,,,2024,August,Wednesday,3,1473.84,low
ORD101719,2024-04-16,Ananya Iyer,27.0,Female,Lucknow,Footwear,Formal Leather Shoes,1.0,712.55,0.0,4.0,Credit Card,2.0,0.0,NEWUSER15,,2024,April,Tuesday,2,712.55,low
ORD102792,2024-10-19,Riya Pillai,39.0,Female,Kolkata,Grocery,Basmati Rice 5kg,1.0,97.17,30.0,7.0,UPI,5.0,0.0,,Defective Product,2024,October,Saturday,4,68.01899999999999,low
ORD102802,2024-10-10,Karan Kapoor,34.0,Male,Surat,Electronics,Wireless Mouse,1.0,1544.85,15.0,7.0,Credit Card,5.0,0.0,SAVE10,,2024,October,Thursday,4,1313.1225,low
ORD100598,2024-07-25,Sara Pillai,34.0,Male,Mumbai,Home & Kitchen,Storage Container Set,2.0,1461.34,5.0,9.0,UPI,5.0,0.0,,,2024,July,Thursday,3,2776.546,low
ORD101689,2023-03-27,Arjun Reddy,29.0,Female,Ahmedabad,Apparel,Kids Hoodie,1.0,850.65,10.0,9.0,Debit Card,5.0,0.0,,,2023,March,Monday,1,765.585,low
ORD100894,2024-11-13,Rahul Sharma,40.0,Female,Chandigarh,Beauty & Personal Care,Herbal Shampoo,5.0,706.53,0.0,9.0,Cash on Delivery,0.0,60.0,,Changed Mind,2024,November,Wednesday,4,3592.6499999999996,low
ORD102644,2024-02-16,Nikhil Pillai,30.0,Female,Delhi,Apparel,Men Cotton T-Shirt,2.0,455.55,25.0,9.0,Debit Card,0.0,60.0,SAVE10,,2024,February,Friday,1,743.325,low
ORD101775,2023-04-30,Ishaan Verma,30.0,Female,Delhi,Grocery,Honey 500g,1.0,107.04,30.0,7.0,Debit Card,4.0,0.0,,,2023,April,Sunday,2,74.928,low
ORD100570,2025-05-14,Sai Reddy,30.0,Male,Mumbai,Footwear,Sandals,1.0,621.95,5.0,5.0,Cash on Delivery,5.0,0.0,,,2025,May,Wednesday,2,590.8525,low
ORD101999,2023-09-13,Navya Verma,24.0,Female,Lucknow,Home & Kitchen,Curtain Set,3.0,1608.25,0.0,7.0,Credit Card,3.0,0.0,,,2023,September,Wednesday,3,4807.712,low
ORD102122,2024-06-14,Kavya Gupta,46.0,Male,Lucknow,Apparel,Women Kurti,1.0,542.49,15.0,5.0,Debit Card,5.0,0.0,,,2024,June,Friday,2,461.1165,low
ORD100061,2024-11-09,Anika Menon,33.0,Male,Chennai,Beauty & Personal Care,Beard Trimmer,2.0,712.87,25.0,7.0,UPI,3.0,100.0,,,2024,November,Saturday,4,1169.305,low
ORD101247,2024-02-28,Kavya Deshmukh,32.0,Male,Jaipur,Apparel,Kids Hoodie,1.0,934.04,20.0,4.0,Debit Card,4.0,0.0,,,2024,February,Wednesday,1,747.232,low
ORD102048,2024-11-15,Rahul Sharma,34.0,Female,Delhi,Electronics,Bluetooth Earbuds,1.0,1135.41,20.0,9.0,UPI,5.0,80.0,WELCOME50,,2024,November,Friday,4,988.3280000000001,low
ORD101259,2024-12-31,Ishaan Pillai,28.0,Female,Lucknow,Apparel,Ethnic Saree,2.0,651.72,15.0,4.0,Debit Card,2.0,40.0,WELCOME50,,2024,December,Tuesday,4,1147.924,low
ORD100809,2023-12-15,Myra Kulkarni,42.0,Female,Delhi,Grocery,Cooking Oil 1L,1.0,586.22,0.0,2.0,UPI,3.0,0.0,NEWUSER15,,2023,December,Friday,4,586.22,low
ORD101049,2024-01-05,Reyansh Mehta,30.0,Male,Nagpur,Apparel,Sports Track Pant,1.0,1206.34,0.0,2.0,UPI,4.0,0.0,SAVE10,,2024,January,Friday,1,1206.34,low
ORD102685,2023-10-14,Pooja Pillai,25.0,Male,Lucknow,Grocery,Instant Noodles Pack,4.0,630.11,20.0,9.0,Credit Card,4.0,60.0,SAVE10,,2023,October,Saturday,4,2076.352,low
ORD102153,2024-05-11,Sai Iyer,29.0,Female,Delhi,Apparel,Denim Jeans,1.0,341.34,0.0,3.0,UPI,5.0,0.0,,,2024,May,Saturday,2,341.34,low
ORD100673,2023-03-28,Krishna Gupta,24.0,Male,Lucknow,Beauty & Personal Care,Body Lotion,3.0,831.34,5.0,4.0,UPI,4.0,0.0,,,2023,March,Tuesday,1,2369.319,low
ORD100665,2024-09-24,Amit Shah,35.0,Female,Bengaluru,Grocery,Instant Noodles Pack,3.0,578.72,20.0,5.0,Credit Card,5.0,0.0,,,2024,September,Tuesday,3,1388.928,low
ORD100509,2024-12-01,Pari Nair,20.0,Female,Bengaluru,Home & Kitchen,Cotton Bedsheet Set,1.0,242.6,10.0,7.0,UPI,0.0,100.0,WELCOME50,,2024,December,Sunday,4,318.34000000000003,low
ORD101640,2024-10-19,Sai Verma,30.0,Female,Chandigarh,Home & Kitchen,Steel Water Bottle,2.0,1714.31,15.0,8.0,Debit Card,4.0,100.0,,,2024,October,Saturday,4,3014.3269999999998,low
ORD101532,2024-01-21,Pooja Singh,43.0,Female,Nagpur,Electronics,Smartwatch Band,1.0,2163.59,5.0,5.0,Credit Card,5.0,0.0,WELCOME50,Wrong Item Delivered,2024,January,Sunday,1,2055.4105,low
ORD100866,2025-01-16,Rahul Menon,46.0,Male,Chennai,Apparel,Men Cotton T-Shirt,1.0,1313.58,0.0,3.0,UPI,3.0,60.0,FLAT100,,2025,January,Thursday,1,1373.58,low
ORD101855,2025-02-15,Krishna Menon,48.0,Female,Mumbai,Home & Kitchen,Curtain Set,3.0,1742.68,15.0,3.0,Credit Card,5.0,150.0,,,2025,February,Saturday,1,4593.834,low
ORD101736,2024-04-03,Sai Joshi,20.0,Male,Ahmedabad,Grocery,Honey 500g,4.0,2603.435,15.0,7.0,UPI,1.0,0.0,,,2024,April,Wednesday,2,4807.712,low
ORD101060,2024-12-03,Navya Sharma,24.0,Male,Chandigarh,Home & Kitchen,Kitchen Organizer,3.0,800.79,0.0,9.0,Debit Card,4.0,0.0,,,2024,December,Tuesday,4,2402.37,low
ORD102105,2024-12-01,Priya Deshmukh,39.0,Female,Kochi,Home & Kitchen,Curtain Set,2.0,628.35,5.0,3.0,UPI,4.0,0.0,,,2024,December,Sunday,4,1193.865,low
ORD102764,2023-12-19,Sai Patel,34.0,Male,Chandigarh,Home & Kitchen,Non-Stick Pan,1.0,1341.11,25.0,14.0,Credit Card,5.0,0.0,,,2023,December,Tuesday,4,1005.8325,low
ORD101973,2023-11-08,Nikhil Iyer,34.0,Female,Bengaluru,Apparel,Women Kurti,4.0,847.48,5.0,5.0,Net Banking,5.0,100.0,,,2023,November,Wednesday,4,3320.424,low
ORD100589,2025-02-07,Ishaan Agarwal,40.0,Male,Jaipur,Electronics,Wireless Mouse,2.0,2178.84,25.0,6.0,UPI,5.0,0.0,,Defective Product,2025,February,Friday,1,3268.26,low
ORD102507,2024-07-18,Reyansh Kulkarni,56.5,Male,Lucknow,Home & Kitchen,Kitchen Organizer,5.0,611.73,10.0,9.0,UPI,0.0,0.0,,,2024,July,Thursday,3,2752.7850000000003,low
ORD102645,2023-01-05,Kavya Kulkarni,22.0,Female,Hyderabad,Electronics,Smartwatch Band,1.0,1970.45,5.0,2.0,UPI,0.0,0.0,,,2023,January,Thursday,1,1871.9275,low
ORD100086,2023-03-30,Pari Kulkarni,50.0,Male,Nagpur,Grocery,Whole Wheat Atta 5kg,2.0,334.84,25.0,9.0,Debit Card,0.0,0.0,,,2023,March,Thursday,1,502.26,low
ORD102928,2023-06-19,Sara Chopra,16.0,Female,Lucknow,Grocery,Honey 500g,1.0,125.99,15.0,3.0,UPI,4.0,100.0,,,2023,June,Monday,2,207.0915,low
ORD100771,2025-06-17,Krishna Verma,38.0,Female,Kochi,Apparel,Formal Shirt,1.0,931.09,0.0,7.0,Credit Card,5.0,40.0,FEST20,,2025,June,Tuesday,2,971.09,low
ORD102406,2023-12-05,Priya Shah,44.0,Male,Nagpur,Beauty & Personal Care,Beard Trimmer,1.0,450.71,25.0,2.0,Debit Card,5.0,100.0,,,2023,December,Tuesday,4,438.03249999999997,low
ORD101249,2025-06-09,Pooja Singh,26.0,Female,Kolkata,Home & Kitchen,LED Table Lamp,3.0,1399.39,15.0,9.0,Credit Card,4.0,0.0,,,2025,June,Monday,2,3568.4445,low
ORD100708,2024-03-09,Karan Iyer,32.0,Female,Delhi,Electronics,Bluetooth Earbuds,1.0,1189.06,30.0,3.0,Credit Card,4.0,0.0,,,2024,March,Saturday,1,832.3419999999999,low
ORD102795,2024-10-01,Rohan Rao,17.0,Male,Lucknow,Apparel,Kids Hoodie,1.0,591.74,15.0,8.0,UPI,5.0,60.0,NEWUSER15,,2024,October,Tuesday,4,562.979,low
ORD101860,2024-11-04,Karan Kapoor,55.0,Male,Lucknow,Grocery,Spices Combo Pack,2.0,384.03,15.0,5.0,UPI,5.0,100.0,,,2024,November,Monday,4,752.8509999999999,low
ORD102128,2023-02-28,Vihaan Kulkarni,34.0,Male,Indore,Apparel,Denim Jeans,2.0,1325.87,5.0,6.0,Debit Card,5.0,0.0,,,2023,February,Tuesday,1,2519.153,low
ORD102879,2025-06-09,Ananya Nair,16.0,Male,Chandigarh,Apparel,Sports Track Pant,2.0,640.26,15.0,5.0,UPI,0.0,0.0,NEWUSER15,Wrong Item Delivered,2025,June,Monday,2,1088.442,low
ORD100418,2023-09-28,Aarav Bhat,29.0,Female,Delhi,Beauty & Personal Care,Sunscreen SPF50,3.0,646.06,0.0,8.0,UPI,0.0,150.0,,,2023,September,Thursday,3,2088.18,low
ORD101461,2023-10-12,Amit Shah,21.0,Female,Ahmedabad,Electronics,Bluetooth Earbuds,2.0,1794.0,5.0,2.0,Net Banking,0.0,0.0,SAVE10,,2023,October,Thursday,4,3408.6,low
ORD101484,2024-01-13,Aarav Kapoor,29.0,Male,Jaipur,Beauty & Personal Care,Beard Trimmer,2.0,414.7,10.0,3.0,UPI,4.0,0.0,SAVE10,,2024,January,Saturday,1,746.46,low
ORD102803,2024-12-24,Ananya Menon,35.0,Female,Nagpur,Footwear,Formal Leather Shoes,1.0,1572.07,20.0,7.0,UPI,5.0,0.0,,,2024,December,Tuesday,4,1257.656,low
ORD102915,2024-02-03,Pooja Singh,44.0,Female,Indore,Beauty & Personal Care,Face Wash 100ml,1.0,247.38,30.0,7.0,Credit Card,0.0,40.0,FEST20,,2024,February,Saturday,1,213.166,low
ORD100851,2024-12-31,Pooja Pillai,38.0,Male,Delhi,Home & Kitchen,Wall Clock,2.0,593.68,20.0,2.0,Debit Card,5.0,40.0,,,2024,December,Tuesday,4,989.8879999999999,low
ORD101004,2023-04-27,Pooja Reddy,33.0,Male,Pune,Beauty & Personal Care,Beard Trimmer,3.0,288.07,5.0,3.0,Net Banking,4.0,0.0,,,2023,April,Thursday,2,820.9995,low
ORD101996,2024-05-18,Arjun Kulkarni,34.0,Female,Nagpur,Footwear,Flip Flops,1.0,948.13,0.0,5.0,Cash on Delivery,0.0,150.0,,,2024,May,Saturday,2,1098.13,low
ORD101834,2024-01-09,Aditya Pillai,45.0,Other,Pune,Home & Kitchen,Non-Stick Pan,3.0,1627.65,25.0,6.0,UPI,0.0,40.0,,,2024,January,Tuesday,1,3702.2125000000005,low
ORD102510,2023-12-23,Myra Mehta,44.0,Female,Bengaluru,Home & Kitchen,Curtain Set,2.0,592.66,5.0,4.0,UPI,4.0,60.0,,,2023,December,Saturday,4,1186.0539999999999,low
ORD100436,2024-05-31,Navya Bhat,42.0,Male,Mumbai,Beauty & Personal Care,Hair Oil 200ml,4.0,532.5,0.0,1.0,UPI,1.0,0.0,,,2024,May,Friday,2,2130.0,low
ORD101316,2023-01-03,Myra Pillai,31.0,Male,Kochi,Grocery,Spices Combo Pack,1.0,128.09,5.0,3.0,UPI,4.0,100.0,,,2023,January,Tuesday,1,221.6855,low
ORD101623,2023-12-04,Myra Menon,47.0,Female,Pune,Home & Kitchen,LED Table Lamp,3.0,1035.01,0.0,5.0,UPI,5.0,60.0,FEST20,,2023,December,Monday,4,3165.0299999999997,low
ORD101480,2023-05-19,Aditya Iyer,42.0,Male,Chennai,Home & Kitchen,Storage Container Set,1.0,626.45,5.0,8.0,Credit Card,0.0,0.0,,,2023,May,Friday,2,595.1275,low
ORD101648,2025-06-08,Pooja Kulkarni,34.0,Female,Indore,Grocery,Instant Noodles Pack,1.0,249.89,30.0,9.0,UPI,5.0,0.0,,Wrong Item Delivered,2025,June,Sunday,2,174.92299999999997,low
ORD101003,2025-03-18,Sai Pillai,30.0,Male,Lucknow,Grocery,Cooking Oil 1L,1.0,383.55,25.0,5.0,Net Banking,5.0,0.0,SAVE10,,2025,March,Tuesday,1,287.6625,low
ORD101278,2023-01-08,Vihaan Rao,21.0,Female,Indore,Footwear,Flip Flops,2.0,1483.88,40.0,6.0,Credit Card,4.0,150.0,,,2023,January,Sunday,1,1930.6560000000002,low
ORD101823,2025-03-09,Ananya Pillai,20.0,Male,Delhi,Beauty & Personal Care,Lip Balm Pack,3.0,322.72,10.0,7.0,UPI,4.0,60.0,,,2025,March,Sunday,1,931.344,low
ORD102460,2023-11-06,Anika Reddy,33.0,Female,Lucknow,Electronics,Bluetooth Earbuds,2.0,1190.68,20.0,5.0,UPI,5.0,0.0,WELCOME50,,2023,November,Monday,4,1905.0880000000002,low
ORD102917,2025-05-11,Neha Shah,26.0,Male,Pune,Home & Kitchen,LED Table Lamp,1.0,1672.38,15.0,3.0,Debit Card,4.0,80.0,,,2025,May,Sunday,2,1501.5230000000001,low
ORD101836,2025-05-07,Pari Shah,38.0,Male,Lucknow,Footwear,Formal Leather Shoes,5.0,2129.41,10.0,4.0,Credit Card,4.0,0.0,SAVE10,,2025,May,Wednesday,2,4807.712,low
ORD102873,2023-07-19,Kavya Mehta,28.0,Female,Jaipur,Apparel,Sports Track Pant,3.0,1102.1,42.5,5.0,Credit Card,0.0,100.0,,,2023,July,Wednesday,3,1753.1499999999999,low
ORD101546,2024-09-18,Diya Rao,35.0,Female,Mumbai,Apparel,Kids Hoodie,2.0,840.35,20.0,4.0,UPI,5.0,60.0,,,2024,September,Wednesday,3,1404.5600000000002,low
ORD100335,2025-01-06,Nikhil Pillai,24.0,Female,Bengaluru,Beauty & Personal Care,Beard Trimmer,1.0,119.54,25.0,14.0,Debit Card,3.0,0.0,,,2025,January,Monday,1,89.655,low
ORD100088,2024-11-30,Aarav Mehta,32.0,Male,Pune,Electronics,Bluetooth Earbuds,3.0,2270.08,5.0,6.0,UPI,0.0,0.0,,,2024,November,Saturday,4,4807.712,low
ORD100874,2024-09-27,Sai Chopra,42.0,Male,Kochi,Apparel,Women Kurti,2.0,350.6,10.0,5.0,UPI,5.0,60.0,,,2024,September,Friday,3,691.08,low
ORD102659,2023-05-27,Aarav Agarwal,39.0,Female,Bengaluru,Apparel,Denim Jeans,3.0,769.73,0.0,4.0,Debit Card,5.0,150.0,,,2023,May,Saturday,2,2459.19,low
ORD100543,2023-01-22,Anika Mehta,22.0,Female,Kolkata,Footwear,Flip Flops,1.0,2063.16,15.0,6.0,UPI,3.0,60.0,,,2023,January,Sunday,1,1813.686,low
ORD101241,2024-12-09,Ishaan Kapoor,37.0,Male,Pune,Apparel,Ethnic Saree,1.0,690.79,0.0,5.0,Net Banking,3.0,40.0,,,2024,December,Monday,4,730.79,low
ORD101880,2023-12-17,Nikhil Kapoor,21.0,Male,Delhi,Electronics,USB-C Cable,5.0,788.74,10.0,9.0,UPI,0.0,0.0,,,2023,December,Sunday,4,3549.33,low
ORD102925,2023-06-16,Kavya Bhat,34.0,Female,Hyderabad,Apparel,Denim Jeans,1.0,889.72,5.0,8.0,UPI,0.0,40.0,,Late Delivery,2023,June,Friday,2,885.234,low
ORD102906,2024-07-23,Rahul Rao,38.0,Male,Kochi,Footwear,Running Shoes,1.0,922.06,0.0,3.0,UPI,5.0,0.0,,Defective Product,2024,July,Tuesday,3,922.06,low
ORD100319,2024-12-01,Anika Reddy,50.0,Male,Kolkata,Home & Kitchen,Curtain Set,2.0,272.95,0.0,5.0,UPI,5.0,60.0,WELCOME50,,2024,December,Sunday,4,605.9,low
ORD100519,2024-06-25,Sara Bhat,20.0,Male,Kolkata,Electronics,Power Bank 10000mAh,1.0,2059.31,5.0,8.0,Credit Card,4.0,60.0,,,2024,June,Tuesday,2,2016.3445,low
ORD102364,2024-11-23,Neha Patel,34.0,Male,Mumbai,Beauty & Personal Care,Beard Trimmer,1.0,793.47,0.0,4.0,UPI,0.0,150.0,SAVE10,,2024,November,Saturday,4,943.47,low
ORD100878,2024-05-14,Sai Kulkarni,34.0,Male,Lucknow,Electronics,Wireless Mouse,1.0,2158.34,5.0,9.0,UPI,0.0,0.0,,,2024,May,Tuesday,2,2050.4230000000002,low
ORD100825,2023-03-24,Vihaan Rao,21.0,Male,Nagpur,Grocery,Basmati Rice 5kg,2.0,298.74,10.0,9.0,Debit Card,0.0,60.0,,,2023,March,Friday,1,597.7320000000001,low
ORD101290,2023-08-01,Navya Iyer,36.0,Female,Mumbai,Electronics,Wireless Mouse,1.0,1869.71,0.0,8.0,UPI,0.0,100.0,,,2023,August,Tuesday,3,1969.71,low
ORD102599,2023-12-21,Priya Patel,39.0,Male,Pune,Electronics,Smartwatch Band,1.0,1184.33,10.0,6.0,Credit Card,5.0,0.0,WELCOME50,,2023,December,Thursday,4,1065.897,low
ORD102578,2025-06-02,Pari Bhat,44.0,Female,Surat,Home & Kitchen,Cotton Bedsheet Set,3.0,428.81,42.5,4.0,UPI,3.0,80.0,SAVE10,,2025,June,Monday,2,723.215,low
ORD100138,2024-11-02,Priya Reddy,55.0,Female,Kochi,Apparel,Ethnic Saree,1.0,1347.92,10.0,8.0,UPI,5.0,0.0,,,2024,November,Saturday,4,1213.1280000000002,low
ORD100163,2024-01-06,Navya Bhat,41.0,Female,Kolkata,Grocery,Basmati Rice 5kg,1.0,278.71,15.0,7.0,Credit Card,4.0,0.0,FLAT100,,2024,January,Saturday,1,236.90349999999998,low
ORD101618,2023-04-21,Karan Kulkarni,37.0,Other,Kochi,Beauty & Personal Care,Sunscreen SPF50,2.0,331.11,5.0,9.0,Net Banking,0.0,40.0,,,2023,April,Friday,2,669.109,low
ORD102862,2025-01-30,Aadhya Bhat,23.0,Male,Chennai,Beauty & Personal Care,Lip Balm Pack,1.0,200.29,10.0,6.0,Cash on Delivery,5.0,150.0,,,2025,January,Thursday,1,330.26099999999997,low
ORD101791,2025-03-13,Nikhil Singh,34.0,Female,Pune,Beauty & Personal Care,Herbal Shampoo,1.0,302.54,10.0,7.0,UPI,5.0,100.0,,,2025,March,Thursday,1,372.286,low
ORD101045,2023-05-20,Sara Nair,24.0,Male,Indore,Grocery,Honey 500g,1.0,469.03,42.5,4.0,Credit Card,2.0,100.0,,,2023,May,Saturday,2,334.515,low
ORD100960,2023-11-09,Sneha Rao,49.0,Female,Hyderabad,Grocery,Whole Wheat Atta 5kg,2.0,255.07,0.0,4.0,UPI,0.0,40.0,,,2023,November,Thursday,4,550.14,low
ORD101750,2025-04-28,Anika Kapoor,48.0,Female,Mumbai,Grocery,Green Tea Pack,3.0,502.3,42.5,5.0,Debit Card,4.0,0.0,,,2025,April,Monday,2,753.45,low
ORD102601,2023-07-15,Reyansh Rao,34.0,Male,Mumbai,Footwear,Casual Sneakers,1.0,1877.56,0.0,2.0,Credit Card,0.0,40.0,,,2023,July,Saturday,3,1917.56,low
ORD102307,2023-05-20,Diya Shah,25.0,Male,Hyderabad,Apparel,Woolen Sweater,3.0,949.4,5.0,2.0,Debit Card,4.0,150.0,,Size Issue,2023,May,Saturday,2,2855.7899999999995,low
ORD101504,2024-06-28,Diya Shah,33.0,Female,Lucknow,Apparel,Women Kurti,3.0,887.58,25.0,4.0,Net Banking,0.0,40.0,NEWUSER15,,2024,June,Friday,2,2037.0550000000003,low
ORD102729,2024-02-25,Sneha Pillai,50.0,Male,Chandigarh,Electronics,Portable Speaker,1.0,2194.53,20.0,8.0,UPI,0.0,150.0,FEST20,,2024,February,Sunday,1,1905.6240000000003,low
ORD102994,2024-12-02,Anika Iyer,34.0,Female,Ahmedabad,Beauty & Personal Care,Lip Balm Pack,3.0,829.6,10.0,8.0,UPI,4.0,0.0,SAVE10,,2024,December,Monday,4,2239.92,low
ORD101059,2023-10-11,Diya Pillai,39.0,Male,Surat,Apparel,Denim Jeans,1.0,887.1,15.0,5.0,UPI,4.0,150.0,SAVE10,,2023,October,Wednesday,4,904.035,low
ORD102756,2025-03-16,Ishaan Gupta,37.0,Female,Lucknow,Electronics,USB-C Cable,5.0,1682.23,0.0,9.0,Debit Card,0.0,0.0,FEST20,,2025,March,Sunday,1,4807.712,low
ORD100655,2024-04-30,Neha Mehta,45.0,Male,Lucknow,Footwear,Casual Sneakers,5.0,1552.69,42.5,2.0,UPI,5.0,80.0,,,2024,April,Tuesday,2,3961.7250000000004,low
ORD102064,2024-06-21,Kavya Deshmukh,41.0,Male,Lucknow,Grocery,Instant Noodles Pack,1.0,598.26,0.0,5.0,Credit Card,4.0,0.0,SAVE10,,2024,June,Friday,2,598.26,low
ORD102358,2024-07-23,Rohan Deshmukh,34.0,Female,Indore,Home & Kitchen,Cotton Bedsheet Set,1.0,1134.1,30.0,9.0,UPI,0.0,100.0,,,2024,July,Tuesday,3,893.8699999999999,low
ORD100137,2023-01-29,Karan Iyer,26.0,Male,Jaipur,Grocery,Green Tea Pack,2.0,375.81,10.0,8.0,Debit Card,5.0,0.0,,,2023,January,Sunday,1,676.458,low
ORD102399,2024-10-31,Sara Gupta,30.0,Female,Indore,Apparel,Kids Hoodie,1.0,1486.38,10.0,8.0,UPI,1.0,0.0,,,2024,October,Thursday,4,1337.7420000000002,low
ORD101976,2025-04-28,Neha Joshi,40.0,Male,Bengaluru,Beauty & Personal Care,Perfume 50ml,2.0,685.26,5.0,9.0,Credit Card,0.0,0.0,,,2025,April,Monday,2,1301.994,low
ORD101581,2023-07-17,Krishna Joshi,22.0,Female,Kolkata,Grocery,Green Tea Pack,1.0,116.82,0.0,6.0,UPI,0.0,80.0,WELCOME50,,2023,July,Monday,3,196.82,low
ORD100697,2024-06-21,Ishita Chopra,34.0,Male,Jaipur,Electronics,Power Bank 10000mAh,2.0,560.63,20.0,8.0,Net Banking,4.0,0.0,NEWUSER15,,2024,June,Friday,2,897.008,low
ORD101097,2024-12-11,Ishaan Sharma,50.0,Male,Indore,Home & Kitchen,Wall Clock,1.0,1015.31,20.0,3.0,UPI,0.0,0.0,FLAT100,,2024,December,Wednesday,4,812.248,low
ORD102669,2023-01-18,Priya Deshmukh,50.0,Female,Nagpur,Footwear,Casual Sneakers,1.0,2172.5,5.0,5.0,Credit Card,1.0,0.0,,,2023,January,Wednesday,1,2063.875,low
ORD102650,2025-03-13,Sneha Iyer,54.0,Female,Surat,Grocery,Whole Wheat Atta 5kg,1.0,256.47,0.0,8.0,Debit Card,5.0,0.0,,,2025,March,Thursday,1,256.47,low
ORD101392,2025-06-15,Ishita Verma,32.0,Male,Surat,Apparel,Women Kurti,1.0,1262.98,30.0,4.0,UPI,0.0,0.0,,,2025,June,Sunday,2,884.086,low
ORD102960,2025-04-19,Nikhil Shah,56.5,Female,Surat,Apparel,Formal Shirt,3.0,1317.11,15.0,3.0,Credit Card,2.0,0.0,,Defective Product,2025,April,Saturday,2,3358.6304999999998,low
ORD101266,2023-02-20,Reyansh Iyer,44.0,Other,Chennai,Home & Kitchen,Steel Water Bottle,5.0,1184.5,10.0,3.0,Net Banking,1.0,0.0,WELCOME50,,2023,February,Monday,1,4807.712,low
ORD100135,2023-10-04,Ishaan Singh,34.0,Female,Nagpur,Footwear,Formal Leather Shoes,1.0,1924.22,10.0,7.0,Debit Card,4.0,0.0,WELCOME50,Wrong Item Delivered,2023,October,Wednesday,4,1731.798,low
ORD101169,2025-04-15,Myra Iyer,30.0,Male,Hyderabad,Electronics,Power Bank 10000mAh,3.0,1851.38,0.0,7.0,Debit Card,4.0,80.0,,,2025,April,Tuesday,2,4807.712,low
ORD102135,2024-09-16,Navya Kulkarni,20.0,Male,Lucknow,Apparel,Formal Shirt,1.0,605.0,42.5,8.0,UPI,4.0,100.0,SAVE10,,2024,September,Monday,3,402.5,low
ORD101503,2023-10-21,Rohan Gupta,45.0,Female,Chennai,Apparel,Ethnic Saree,4.0,492.31,15.0,7.0,Credit Card,4.0,0.0,WELCOME50,,2023,October,Saturday,4,1673.854,low
ORD101362,2023-11-16,Rohan Patel,33.0,Female,Delhi,Apparel,Denim Jeans,4.0,1277.78,10.0,9.0,Credit Card,5.0,0.0,FEST20,Changed Mind,2023,November,Thursday,4,4600.008,low
ORD102437,2024-09-08,Aditya Chopra,49.0,Male,Kochi,Home & Kitchen,Steel Water Bottle,1.0,241.32,10.0,3.0,UPI,3.0,0.0,SAVE10,,2024,September,Sunday,3,217.188,low
ORD100148,2025-01-18,Vihaan Kapoor,31.0,Female,Hyderabad,Electronics,Power Bank 10000mAh,1.0,2154.24,10.0,8.0,UPI,5.0,0.0,,,2025,January,Saturday,1,1938.8159999999998,low
ORD100303,2025-03-27,Navya Nair,25.0,Male,Chennai,Footwear,Casual Sneakers,2.0,1312.99,10.0,8.0,UPI,1.0,60.0,,,2025,March,Thursday,1,2423.382,low
ORD101017,2024-03-26,Nikhil Nair,45.0,Male,Surat,Grocery,Honey 500g,1.0,117.49,25.0,6.0,UPI,3.0,0.0,,,2024,March,Tuesday,1,88.11749999999999,low
ORD101924,2023-01-26,Krishna Bhat,39.0,Female,Lucknow,Beauty & Personal Care,Body Lotion,3.0,204.73,40.0,5.0,UPI,2.0,150.0,,,2023,January,Thursday,1,518.5139999999999,low
ORD101052,2024-04-02,Sai Kapoor,29.0,Female,Chennai,Apparel,Ethnic Saree,1.0,455.33,0.0,3.0,Net Banking,0.0,80.0,NEWUSER15,,2024,April,Tuesday,2,535.3299999999999,low
ORD102767,2025-06-24,Arjun Deshmukh,36.0,Female,Surat,Apparel,Men Cotton T-Shirt,2.0,1484.61,15.0,7.0,UPI,4.0,0.0,FLAT100,,2025,June,Tuesday,2,2523.837,low
ORD102393,2023-12-25,Riya Chopra,34.0,Male,Delhi,Electronics,USB-C Cable,1.0,2349.68,15.0,5.0,Credit Card,5.0,80.0,,,2023,December,Monday,4,2077.228,low
ORD101904,2024-12-15,Sai Kapoor,20.0,Female,Bengaluru,Footwear,Flip Flops,1.0,706.33,15.0,9.0,Credit Card,0.0,0.0,SAVE10,,2024,December,Sunday,4,600.3805,low
ORD102639,2025-02-15,Riya Singh,29.0,Male,Indore,Footwear,Flip Flops,5.0,1015.84,10.0,2.0,Net Banking,0.0,0.0,,,2025,February,Saturday,1,4571.28,low
ORD100198,2024-01-25,Kabir Shah,24.0,Female,Delhi,Apparel,Denim Jeans,2.0,1274.81,10.0,7.0,Credit Card,1.0,0.0,,Changed Mind,2024,January,Thursday,1,2294.658,low
ORD101768,2023-03-03,Kabir Pillai,34.0,Male,Lucknow,Grocery,Green Tea Pack,2.0,226.19,10.0,9.0,Debit Card,0.0,0.0,,,2023,March,Friday,1,407.142,low
ORD102240,2023-10-20,Riya Shah,31.0,Male,Lucknow,Apparel,Women Kurti,1.0,528.11,20.0,2.0,Net Banking,5.0,100.0,,,2023,October,Friday,4,522.488,low
ORD100404,2024-03-30,Nikhil Iyer,45.0,Male,Kolkata,Apparel,Woolen Sweater,1.0,361.57,5.0,4.0,UPI,0.0,40.0,WELCOME50,,2024,March,Saturday,1,383.4915,low
ORD102693,2024-01-23,Reyansh Sharma,34.0,Male,Chennai,Electronics,Smartphone Cover,1.0,550.1,0.0,3.0,UPI,0.0,0.0,SAVE10,,2024,January,Tuesday,1,550.1,low
ORD100483,2024-12-26,Pari Rao,29.0,Male,Chandigarh,Grocery,Whole Wheat Atta 5kg,4.0,681.17,0.0,7.0,UPI,0.0,0.0,FLAT100,,2024,December,Thursday,4,2724.68,low
ORD101182,2024-09-21,Rahul Singh,40.0,Male,Jaipur,Footwear,Sandals,1.0,440.15,15.0,5.0,Credit Card,0.0,80.0,,,2024,September,Saturday,3,454.1275,low
ORD101339,2024-01-07,Neha Joshi,41.0,Female,Pune,Apparel,Woolen Sweater,1.0,720.83,40.0,9.0,UPI,0.0,100.0,SAVE10,,2024,January,Sunday,1,532.498,low
ORD101280,2023-11-01,Aadhya Deshmukh,23.0,Male,Surat,Apparel,Ethnic Saree,1.0,1363.58,0.0,3.0,Net Banking,4.0,0.0,FLAT100,,2023,November,Wednesday,4,1363.58,low
ORD101031,2023-06-07,Navya Kapoor,39.0,Male,Bengaluru,Apparel,Ethnic Saree,1.0,1025.94,0.0,4.0,UPI,3.0,100.0,,,2023,June,Wednesday,2,1125.94,low
ORD100791,2024-02-18,Krishna Pillai,41.0,Female,Surat,Electronics,Power Bank 10000mAh,4.0,733.79,10.0,7.0,UPI,3.0,0.0,,,2024,February,Sunday,1,2641.644,low
ORD100799,2024-02-07,Ishaan Pillai,30.0,Female,Mumbai,Electronics,Wireless Mouse,5.0,1863.75,40.0,8.0,Credit Card,5.0,0.0,NEWUSER15,,2024,February,Wednesday,1,4807.712,low
ORD101201,2023-01-12,Sai Gupta,21.0,Male,Indore,Electronics,Bluetooth Earbuds,3.0,658.4,25.0,7.0,Debit Card,1.0,60.0,,,2023,January,Thursday,1,1541.3999999999999,low
ORD100422,2024-11-28,Ishita Kulkarni,31.0,Female,Lucknow,Electronics,USB-C Cable,3.0,992.29,5.0,6.0,Credit Card,3.0,0.0,,,2024,November,Thursday,4,2828.0265,low
ORD101883,2024-12-05,Aadhya Bhat,29.0,Male,Ahmedabad,Apparel,Formal Shirt,3.0,629.68,0.0,7.0,Credit Card,2.0,0.0,,,2024,December,Thursday,4,1889.04,low
ORD101479,2024-01-15,Vihaan Shah,41.0,Male,Kochi,Home & Kitchen,Storage Container Set,2.0,1040.92,10.0,3.0,UPI,2.0,150.0,,,2024,January,Monday,1,2023.6560000000002,low
ORD101928,2023-06-16,Karan Singh,39.0,Male,Kochi,Grocery,Green Tea Pack,5.0,436.81,20.0,9.0,UPI,5.0,0.0,,,2023,June,Friday,2,1747.2400000000002,low
ORD102552,2023-07-17,Amit Pillai,38.0,Male,Lucknow,Beauty & Personal Care,Lip Balm Pack,1.0,275.25,20.0,5.0,Credit Card,2.0,100.0,,,2023,July,Monday,3,320.20000000000005,low
ORD101529,2025-04-17,Pooja Iyer,38.0,Female,Nagpur,Beauty & Personal Care,Lip Balm Pack,2.0,277.57,0.0,2.0,Net Banking,0.0,60.0,,,2025,April,Thursday,2,615.14,low
ORD100902,2023-07-19,Aadhya Agarwal,36.0,Male,Surat,Apparel,Ethnic Saree,2.0,1339.3,0.0,8.0,Credit Card,5.0,0.0,,,2023,July,Wednesday,3,2678.6,low
ORD100685,2024-12-30,Amit Kulkarni,19.0,Male,Surat,Home & Kitchen,Wall Clock,1.0,1194.67,0.0,8.0,Debit Card,5.0,150.0,,,2024,December,Monday,4,1344.67,low
ORD101551,2025-02-16,Ananya Bhat,34.0,Male,Kochi,Apparel,Woolen Sweater,3.0,1328.49,5.0,9.0,UPI,5.0,40.0,,,2025,February,Sunday,1,3826.1965,low
ORD100159,2024-12-15,Arjun Chopra,35.0,Male,Kolkata,Apparel,Sports Track Pant,1.0,727.44,5.0,8.0,Credit Card,1.0,80.0,,,2024,December,Sunday,4,771.068,low
ORD100999,2024-04-12,Arjun Agarwal,30.0,Female,Chandigarh,Grocery,Assorted Dry Fruits,1.0,346.19,0.0,6.0,Debit Card,4.0,0.0,,,2024,April,Friday,2,346.19,low
ORD102952,2023-12-06,Sneha Pillai,25.0,Male,Nagpur,Electronics,Bluetooth Earbuds,5.0,567.69,0.0,2.0,UPI,0.0,0.0,NEWUSER15,,2023,December,Wednesday,4,2838.4500000000003,low
ORD102858,2024-10-22,Amit Bhat,39.0,Male,Indore,Home & Kitchen,Curtain Set,3.0,1214.56,20.0,3.0,UPI,3.0,150.0,SAVE10,Defective Product,2024,October,Tuesday,4,3064.944,low
ORD102250,2024-04-06,Aarav Shah,41.0,Female,Lucknow,Home & Kitchen,Wall Clock,3.0,726.52,0.0,7.0,UPI,1.0,60.0,,,2024,April,Saturday,2,2239.56,low
ORD100112,2024-05-21,Rohan Gupta,33.0,Male,Kochi,Home & Kitchen,Non-Stick Pan,1.0,1695.75,10.0,6.0,Net Banking,4.0,0.0,,,2024,May,Tuesday,2,1526.175,low
ORD102884,2023-11-20,Myra Pillai,30.0,Female,Kolkata,Home & Kitchen,Non-Stick Pan,2.0,1053.89,20.0,2.0,Credit Card,0.0,0.0,SAVE10,,2023,November,Monday,4,1686.2240000000002,low
ORD101446,2025-05-04,Karan Joshi,26.0,Male,Lucknow,Grocery,Whole Wheat Atta 5kg,3.0,203.38,5.0,5.0,Debit Card,4.0,0.0,,,2025,May,Sunday,2,579.6329999999999,low
ORD101952,2023-03-07,Riya Nair,34.0,Female,Chennai,Grocery,Basmati Rice 5kg,4.0,529.9,20.0,8.0,UPI,4.0,0.0,,,2023,March,Tuesday,1,1695.68,low
ORD101624,2024-05-19,Ananya Kapoor,37.0,Male,Hyderabad,Electronics,Bluetooth Earbuds,3.0,1201.84,20.0,4.0,Credit Card,5.0,60.0,WELCOME50,,2024,May,Sunday,2,2944.4159999999997,low
ORD102615,2024-09-01,Myra Chopra,41.0,Female,Indore,Electronics,Portable Speaker,1.0,912.23,25.0,7.0,Debit Card,4.0,0.0,FEST20,,2024,September,Sunday,3,684.1725,low
ORD101319,2024-01-13,Sneha Joshi,50.0,Female,Surat,Footwear,Casual Sneakers,1.0,1821.7,25.0,8.0,UPI,0.0,150.0,FEST20,,2024,January,Saturday,1,1516.275,low
ORD101663,2024-01-08,Sai Kapoor,39.0,Male,Surat,Beauty & Personal Care,Perfume 50ml,1.0,617.72,40.0,6.0,Debit Card,3.0,100.0,FLAT100,Quality Not as Expected,2024,January,Monday,1,470.632,low
ORD100815,2025-02-01,Myra Reddy,39.0,Male,Lucknow,Home & Kitchen,Curtain Set,3.0,1586.2,10.0,4.0,UPI,0.0,0.0,,,2025,February,Saturday,1,4282.740000000001,low
ORD102266,2024-09-14,Diya Iyer,32.0,Male,Lucknow,Home & Kitchen,Steel Water Bottle,3.0,1224.62,5.0,3.0,Credit Card,4.0,80.0,,,2024,September,Saturday,3,3570.1669999999995,low
ORD101473,2023-07-08,Ishita Joshi,39.0,Male,Indore,Apparel,Woolen Sweater,5.0,1388.12,30.0,9.0,Credit Card,5.0,150.0,,,2023,July,Saturday,3,4807.712,low
ORD101773,2023-12-26,Myra Kapoor,33.0,Female,Indore,Home & Kitchen,Wall Clock,3.0,477.94,15.0,8.0,Cash on Delivery,4.0,100.0,,Late Delivery,2023,December,Tuesday,4,1318.7469999999998,low
ORD100679,2025-05-02,Pari Rao,43.0,Male,Hyderabad,Apparel,Sports Track Pant,2.0,1114.55,40.0,3.0,Credit Card,4.0,0.0,,,2025,May,Friday,2,1337.4599999999998,low
ORD102591,2023-12-11,Krishna Verma,51.0,Female,Kochi,Apparel,Woolen Sweater,3.0,954.97,0.0,2.0,Credit Card,4.0,60.0,FLAT100,,2023,December,Monday,4,2924.91,low
ORD101093,2023-10-16,Ishita Menon,16.0,Female,Hyderabad,Apparel,Woolen Sweater,1.0,603.02,25.0,5.0,Cash on Delivery,3.0,0.0,FLAT100,,2023,October,Monday,4,452.265,low
ORD100080,2025-05-06,Priya Chopra,23.0,Female,Nagpur,Footwear,Casual Sneakers,3.0,1114.93,42.5,3.0,Cash on Delivery,5.0,60.0,SAVE10,,2025,May,Tuesday,2,1732.395,low
ORD102494,2024-01-17,Vihaan Reddy,29.0,Male,Chennai,Grocery,Cooking Oil 1L,1.0,267.87,25.0,8.0,UPI,0.0,40.0,FLAT100,,2024,January,Wednesday,1,240.9025,low
ORD101239,2023-02-07,Myra Bhat,18.0,Other,Kolkata,Beauty & Personal Care,Beard Trimmer,3.0,769.33,10.0,2.0,Credit Card,0.0,40.0,,,2023,February,Tuesday,1,2117.1910000000003,low
ORD100329,2024-05-20,Rohan Singh,45.0,Male,Lucknow,Electronics,Smartphone Cover,1.0,1953.62,20.0,14.0,Cash on Delivery,5.0,60.0,,,2024,May,Monday,2,1622.896,low
ORD100242,2023-03-28,Ananya Mehta,34.0,Male,Ahmedabad,Apparel,Denim Jeans,3.0,343.29,30.0,2.0,Debit Card,2.0,0.0,,,2023,March,Tuesday,1,720.909,low
ORD100641,2024-01-04,Anika Chopra,34.0,Female,Surat,Beauty & Personal Care,Body Lotion,3.0,339.09,40.0,8.0,UPI,5.0,0.0,,Changed Mind,2024,January,Thursday,1,610.362,low
ORD100696,2024-10-19,Diya Joshi,40.0,Female,Lucknow,Home & Kitchen,Storage Container Set,1.0,1313.32,40.0,7.0,UPI,4.0,0.0,,,2024,October,Saturday,4,787.992,low
ORD102257,2024-08-17,Sai Menon,34.0,Male,Surat,Home & Kitchen,Storage Container Set,0.0,854.68,30.0,5.0,UPI,5.0,100.0,,,2024,August,Saturday,3,100.0,low
ORD100753,2023-12-17,Myra Kapoor,22.0,Male,Nagpur,Grocery,Cooking Oil 1L,1.0,491.55,0.0,4.0,Debit Card,4.0,100.0,,Size Issue,2023,December,Sunday,4,591.55,low
ORD100435,2023-04-23,Rahul Agarwal,17.0,Female,Mumbai,Grocery,Assorted Dry Fruits,1.0,688.08,10.0,5.0,Cash on Delivery,3.0,0.0,,,2023,April,Sunday,2,619.272,low
ORD101563,2025-04-17,Karan Menon,23.0,Female,Ahmedabad,Footwear,Flip Flops,1.0,693.41,20.0,6.0,Credit Card,5.0,0.0,NEWUSER15,,2025,April,Thursday,2,554.728,low
ORD101934,2023-05-14,Sai Menon,38.0,Male,Lucknow,Apparel,Sports Track Pant,2.0,731.35,15.0,5.0,Debit Card,4.0,150.0,,Quality Not as Expected,2023,May,Sunday,2,1393.295,low
ORD102797,2024-05-31,Aadhya Kapoor,24.0,Female,Lucknow,Footwear,Formal Leather Shoes,2.0,2008.82,25.0,5.0,Cash on Delivery,4.0,100.0,,,2024,May,Friday,2,3113.23,low
ORD101712,2025-03-12,Rahul Menon,34.0,Male,Indore,Beauty & Personal Care,Lip Balm Pack,3.0,717.17,25.0,7.0,Debit Card,3.0,0.0,,,2025,March,Wednesday,1,1613.6324999999997,low
ORD100551,2023-12-25,Anika Reddy,28.0,Male,Delhi,Electronics,Power Bank 10000mAh,1.0,1262.84,25.0,9.0,Credit Card,3.0,0.0,,,2023,December,Monday,4,947.1299999999999,low
ORD102846,2025-02-24,Pari Agarwal,43.0,Female,Delhi,Home & Kitchen,Curtain Set,1.0,1102.64,10.0,9.0,Debit Card,3.0,40.0,WELCOME50,,2025,February,Monday,1,1032.3760000000002,low
ORD100601,2024-12-10,Reyansh Agarwal,34.0,Male,Lucknow,Apparel,Women Kurti,4.0,348.18,10.0,6.0,UPI,3.0,60.0,WELCOME50,,2024,December,Tuesday,4,1313.448,low
ORD101964,2025-01-14,Amit Reddy,32.0,Male,Chandigarh,Home & Kitchen,LED Table Lamp,4.0,526.5,20.0,2.0,UPI,5.0,0.0,,Wrong Item Delivered,2025,January,Tuesday,1,1684.8000000000002,low
ORD101013,2023-10-14,Arjun Bhat,39.0,Male,Jaipur,Electronics,Wireless Mouse,3.0,2029.18,0.0,8.0,Credit Card,2.0,40.0,FLAT100,,2023,October,Saturday,4,4807.712,low
ORD102497,2025-03-20,Ishaan Kapoor,28.0,Male,Hyderabad,Apparel,Women Kurti,3.0,639.15,25.0,9.0,UPI,0.0,0.0,,Defective Product,2025,March,Thursday,1,1438.0874999999999,low
ORD101427,2025-04-02,Reyansh Joshi,43.0,Female,Lucknow,Electronics,Smartphone Cover,3.0,1873.43,0.0,6.0,UPI,3.0,40.0,,Late Delivery,2025,April,Wednesday,2,4807.712,low
ORD102012,2023-05-20,Aditya Patel,40.0,Male,Pune,Footwear,Formal Leather Shoes,2.0,1334.54,0.0,3.0,Credit Card,3.0,0.0,,Size Issue,2023,May,Saturday,2,2669.08,low
ORD101386,2023-11-15,Sara Shah,37.0,Female,Pune,Beauty & Personal Care,Face Wash 100ml,3.0,187.51,15.0,8.0,Net Banking,4.0,0.0,,,2023,November,Wednesday,4,478.15049999999997,low
ORD101295,2024-04-13,Ishaan Rao,26.0,Male,Ahmedabad,Home & Kitchen,Cotton Bedsheet Set,2.0,1690.9,30.0,6.0,Cash on Delivery,5.0,0.0,WELCOME50,,2024,April,Saturday,2,2367.2599999999998,low
ORD100466,2023-06-01,Rohan Shah,40.0,Male,Jaipur,Grocery,Spices Combo Pack,3.0,131.4,10.0,2.0,Credit Card,5.0,0.0,WELCOME50,Defective Product,2023,June,Thursday,2,354.78000000000003,low
ORD101499,2025-02-05,Navya Pillai,27.0,Female,Chandigarh,Grocery,Instant Noodles Pack,2.0,216.9,25.0,8.0,Cash on Delivery,0.0,0.0,,,2025,February,Wednesday,1,325.35,low
ORD102606,2024-04-30,Sara Iyer,41.0,Male,Chennai,Electronics,USB-C Cable,3.0,1868.53,0.0,4.0,UPI,4.0,0.0,FLAT100,,2024,April,Tuesday,2,4807.712,low
ORD102975,2024-03-03,Rohan Agarwal,43.0,Female,Surat,Apparel,Ethnic Saree,1.0,1312.5,42.5,8.0,UPI,2.0,0.0,WELCOME50,,2024,March,Sunday,1,656.25,low
ORD100277,2024-12-14,Reyansh Agarwal,30.0,Male,Chandigarh,Apparel,Woolen Sweater,1.0,1297.21,0.0,8.0,Credit Card,0.0,0.0,,,2024,December,Saturday,4,1297.21,low
ORD101069,2023-01-10,Neha Kapoor,34.0,Male,Pune,Grocery,Honey 500g,3.0,116.91,10.0,8.0,UPI,0.0,0.0,,,2023,January,Tuesday,1,315.65700000000004,low
ORD101548,2024-03-26,Ishaan Kapoor,28.0,Male,Lucknow,Apparel,Women Kurti,1.0,1310.56,20.0,9.0,Cash on Delivery,5.0,0.0,,,2024,March,Tuesday,1,1048.448,low
ORD101024,2023-11-06,Arjun Bhat,52.0,Female,Lucknow,Electronics,Wireless Mouse,3.0,1378.26,0.0,4.0,Debit Card,0.0,0.0,,,2023,November,Monday,4,4134.78,low
ORD101465,2023-04-12,Arjun Sharma,27.0,Female,Hyderabad,Footwear,Casual Sneakers,1.0,791.68,0.0,7.0,UPI,5.0,0.0,,,2023,April,Wednesday,2,791.68,low
ORD100940,2024-09-21,Aarav Joshi,52.0,Male,Hyderabad,Electronics,Power Bank 10000mAh,1.0,1206.34,25.0,2.0,Credit Card,3.0,0.0,,,2024,September,Saturday,3,904.7549999999999,low
ORD101466,2024-08-01,Pooja Joshi,31.0,Female,Kolkata,Grocery,Green Tea Pack,1.0,324.33,5.0,5.0,UPI,4.0,0.0,WELCOME50,,2024,August,Thursday,3,308.1135,low
ORD101323,2023-10-10,Myra Reddy,37.0,Male,Mumbai,Beauty & Personal Care,Face Wash 100ml,1.0,869.23,25.0,3.0,Debit Card,1.0,0.0,NEWUSER15,,2023,October,Tuesday,4,651.9225,low
ORD101399,2023-12-12,Pari Agarwal,29.0,Male,Indore,Grocery,Cooking Oil 1L,4.0,411.59,40.0,2.0,UPI,5.0,40.0,,,2023,December,Tuesday,4,1027.8159999999998,low
ORD102514,2023-04-05,Sneha Menon,37.0,Male,Indore,Grocery,Spices Combo Pack,3.0,333.1,5.0,9.0,Credit Card,3.0,0.0,,,2023,April,Wednesday,2,949.335,low
ORD101449,2024-10-25,Karan Menon,25.0,Male,Bengaluru,Home & Kitchen,Cotton Bedsheet Set,1.0,1036.42,0.0,6.0,UPI,1.0,0.0,FEST20,,2024,October,Friday,4,1036.42,low
ORD100906,2024-01-10,Aarav Menon,40.0,Male,Lucknow,Home & Kitchen,Storage Container Set,2.0,466.39,5.0,8.0,Cash on Delivery,5.0,0.0,,,2024,January,Wednesday,1,886.141,low
ORD102710,2023-03-02,Aditya Rao,22.0,Female,Chandigarh,Apparel,Kids Hoodie,3.0,1163.95,0.0,6.0,UPI,4.0,0.0,,Late Delivery,2023,March,Thursday,1,3491.8500000000004,low
ORD101895,2025-02-14,Myra Kulkarni,26.0,Female,Lucknow,Apparel,Men Cotton T-Shirt,4.0,1171.07,25.0,3.0,Credit Card,4.0,0.0,,,2025,February,Friday,1,3513.21,low
ORD100388,2025-03-23,Aditya Gupta,40.0,Male,Kochi,Grocery,Instant Noodles Pack,2.0,576.29,15.0,7.0,UPI,3.0,80.0,,,2025,March,Sunday,1,1059.6929999999998,low
ORD102070,2023-06-22,Kavya Kulkarni,41.0,Male,Hyderabad,Apparel,Ethnic Saree,2.0,602.9,15.0,4.0,UPI,1.0,150.0,,,2023,June,Thursday,2,1174.9299999999998,low
ORD102398,2023-08-18,Krishna Menon,29.0,Male,Lucknow,Electronics,Bluetooth Earbuds,1.0,2243.19,0.0,9.0,Credit Card,1.0,0.0,NEWUSER15,,2023,August,Friday,3,2243.19,low
ORD102172,2023-11-21,Priya Pillai,36.0,Male,Pune,Footwear,Sandals,2.0,1078.92,0.0,2.0,UPI,0.0,80.0,,,2023,November,Tuesday,4,2237.84,low
ORD100880,2023-03-20,Sneha Rao,37.0,Male,Indore,Home & Kitchen,LED Table Lamp,1.0,1599.86,0.0,6.0,Credit Card,2.0,60.0,,,2023,March,Monday,1,1659.86,low
ORD102769,2025-05-23,Ishita Nair,36.0,Female,Jaipur,Beauty & Personal Care,Lip Balm Pack,1.0,267.11,0.0,8.0,UPI,0.0,150.0,,,2025,May,Friday,2,417.11,low
ORD100050,2024-11-23,Arjun Mehta,35.0,Female,Bengaluru,Apparel,Denim Jeans,5.0,1287.81,10.0,3.0,Credit Card,5.0,60.0,,,2024,November,Saturday,4,4807.712,low
ORD101887,2024-10-20,Navya Joshi,32.0,Male,Chandigarh,Footwear,Formal Leather Shoes,1.0,1086.43,10.0,5.0,Credit Card,0.0,0.0,,Quality Not as Expected,2024,October,Sunday,4,977.787,low
ORD101702,2024-12-27,Myra Kulkarni,27.0,Female,Hyderabad,Apparel,Women Kurti,1.0,663.97,5.0,4.0,Credit Card,4.0,60.0,FEST20,,2024,December,Friday,4,690.7715,low
ORD100133,2024-05-24,Amit Chopra,32.0,Female,Pune,Electronics,Smartphone Cover,4.0,675.39,25.0,8.0,Credit Card,0.0,60.0,SAVE10,,2024,May,Friday,2,2086.17,low
ORD101105,2023-06-14,Priya Joshi,31.0,Female,Chennai,Electronics,Smartwatch Band,4.0,1441.21,10.0,2.0,Debit Card,4.0,0.0,,,2023,June,Wednesday,2,4807.712,low
ORD100703,2023-06-06,Navya Verma,30.0,Female,Indore,Home & Kitchen,Kitchen Organizer,3.0,414.57,10.0,3.0,Debit Card,3.0,0.0,,,2023,June,Tuesday,2,1119.3390000000002,low
ORD100482,2023-08-17,Amit Iyer,31.0,Female,Delhi,Beauty & Personal Care,Face Wash 100ml,3.0,115.49,10.0,2.0,UPI,3.0,100.0,,,2023,August,Thursday,3,411.823,low
ORD101145,2024-03-15,Krishna Pillai,41.0,Female,Lucknow,Footwear,Running Shoes,2.0,514.75,0.0,6.0,UPI,0.0,0.0,,,2024,March,Friday,1,1029.5,low
ORD102038,2025-06-19,Kabir Kapoor,29.0,Female,Chandigarh,Footwear,Formal Leather Shoes,3.0,1000.61,10.0,4.0,Credit Card,5.0,0.0,,,2025,June,Thursday,2,2701.647,low
ORD102978,2023-09-15,Nikhil Mehta,21.0,Male,Lucknow,Grocery,Spices Combo Pack,4.0,132.05,10.0,8.0,UPI,2.0,80.0,FLAT100,,2023,September,Friday,3,555.3800000000001,low
ORD100066,2025-04-04,Krishna Deshmukh,40.0,Female,Bengaluru,Home & Kitchen,Storage Container Set,4.0,1382.71,5.0,5.0,UPI,0.0,0.0,NEWUSER15,Quality Not as Expected,2025,April,Friday,2,4807.712,low
ORD102313,2023-02-18,Sai Menon,34.0,Male,Bengaluru,Footwear,Running Shoes,2.0,2043.44,20.0,8.0,UPI,0.0,80.0,,,2023,February,Saturday,1,3349.5040000000004,low
ORD100907,2024-12-15,Ananya Iyer,36.0,Female,Kochi,Apparel,Women Kurti,1.0,347.92,0.0,7.0,Credit Card,4.0,0.0,,,2024,December,Sunday,4,347.92,low
ORD100031,2023-07-27,Amit Joshi,47.0,Male,Surat,Apparel,Women Kurti,4.0,325.46,0.0,4.0,Debit Card,0.0,150.0,NEWUSER15,,2023,July,Thursday,3,1451.84,low
ORD102870,2023-09-15,Sai Singh,30.0,Female,Nagpur,Apparel,Formal Shirt,2.0,396.28,15.0,2.0,Debit Card,3.0,0.0,,Wrong Item Delivered,2023,September,Friday,3,673.6759999999999,low
ORD100010,2023-01-10,Reyansh Kapoor,34.0,Female,Bengaluru,Footwear,Sandals,2.0,2106.83,15.0,9.0,UPI,4.0,0.0,,,2023,January,Tuesday,1,3581.611,low
ORD100064,2024-01-10,Aarav Kapoor,44.0,Male,Bengaluru,Beauty & Personal Care,Herbal Shampoo,4.0,323.99,5.0,5.0,Credit Card,0.0,0.0,,,2024,January,Wednesday,1,1231.162,low
ORD100077,2023-07-26,Anika Chopra,49.0,Male,Chennai,Grocery,Whole Wheat Atta 5kg,3.0,615.84,20.0,4.0,UPI,5.0,0.0,,,2023,July,Wednesday,3,1478.016,low
ORD100491,2025-03-01,Kabir Nair,34.0,Female,Chandigarh,Home & Kitchen,Storage Container Set,2.0,715.21,42.5,7.0,UPI,0.0,0.0,,,2025,March,Saturday,1,715.21,low
ORD102653,2023-12-06,Vihaan Kapoor,43.0,Female,Hyderabad,Beauty & Personal Care,Face Wash 100ml,1.0,577.96,15.0,8.0,UPI,3.0,0.0,,,2023,December,Wednesday,4,491.266,low
ORD102113,2025-04-09,Arjun Chopra,36.0,Female,Jaipur,Electronics,Portable Speaker,1.0,1333.25,10.0,5.0,UPI,2.0,0.0,,,2025,April,Wednesday,2,1199.925,low
ORD102794,2023-03-05,Ananya Sharma,34.0,Female,Kolkata,Grocery,Assorted Dry Fruits,1.0,255.95,10.0,3.0,UPI,5.0,60.0,FEST20,,2023,March,Sunday,1,290.355,low
ORD102344,2024-06-19,Aditya Menon,34.0,Female,Surat,Grocery,Green Tea Pack,4.0,329.1,40.0,5.0,UPI,2.0,40.0,NEWUSER15,,2024,June,Wednesday,2,829.84,low
ORD100591,2023-10-06,Aditya Joshi,34.0,Male,Surat,Electronics,LED Bulb Smart,1.0,2357.64,20.0,2.0,Debit Card,4.0,40.0,,,2023,October,Friday,4,1926.112,low
ORD101285,2023-12-23,Arjun Nair,16.0,Female,Lucknow,Grocery,Assorted Dry Fruits,1.0,687.0,0.0,8.0,Net Banking,3.0,40.0,,,2023,December,Saturday,4,727.0,low
ORD102226,2025-03-10,Sara Joshi,24.0,Male,Hyderabad,Grocery,Spices Combo Pack,4.0,266.96,0.0,5.0,Credit Card,2.0,0.0,,,2025,March,Monday,1,1067.84,low
ORD100724,2024-12-17,Rohan Singh,32.0,Male,Indore,Electronics,Bluetooth Earbuds,2.0,1126.04,20.0,9.0,UPI,5.0,0.0,,,2024,December,Tuesday,4,1801.664,low
ORD102548,2024-03-04,Nikhil Bhat,45.0,Male,Jaipur,Beauty & Personal Care,Lip Balm Pack,1.0,834.67,15.0,2.0,UPI,4.0,150.0,NEWUSER15,Wrong Item Delivered,2024,March,Monday,1,859.4694999999999,low
ORD101212,2024-10-13,Sara Joshi,39.0,Female,Jaipur,Apparel,Kids Hoodie,1.0,895.38,0.0,8.0,Debit Card,4.0,0.0,,,2024,October,Sunday,4,895.38,low
ORD102299,2025-03-24,Anika Reddy,28.0,Male,Surat,Beauty & Personal Care,Hair Oil 200ml,3.0,204.3,15.0,2.0,UPI,4.0,60.0,,,2025,March,Monday,1,580.965,low
ORD102610,2025-06-03,Rohan Rao,42.0,Other,Chennai,Electronics,Portable Speaker,1.0,668.83,0.0,5.0,Credit Card,5.0,80.0,,,2025,June,Tuesday,2,748.83,low
ORD101637,2024-07-20,Sara Verma,46.0,Female,Lucknow,Home & Kitchen,Wall Clock,2.0,1252.54,15.0,7.0,UPI,0.0,80.0,,,2024,July,Saturday,3,2209.3179999999998,low
ORD102890,2023-05-16,Pari Mehta,26.0,Male,Pune,Grocery,Assorted Dry Fruits,2.0,93.08,15.0,14.0,UPI,0.0,80.0,,,2023,May,Tuesday,2,238.236,low
ORD102970,2023-10-14,Ishaan Shah,26.0,Male,Indore,Home & Kitchen,Kitchen Organizer,1.0,766.23,25.0,9.0,Cash on Delivery,4.0,60.0,,Size Issue,2023,October,Saturday,4,634.6725,low
ORD100982,2023-10-25,Kavya Singh,28.0,Male,Kolkata,Home & Kitchen,Storage Container Set,5.0,1167.4,15.0,2.0,Net Banking,0.0,0.0,,,2023,October,Wednesday,4,4807.712,low
ORD100706,2023-01-08,Diya Gupta,48.0,Male,Ahmedabad,Home & Kitchen,Kitchen Organizer,1.0,817.97,25.0,3.0,UPI,2.0,0.0,,,2023,January,Sunday,1,613.4775,low
ORD101687,2024-01-07,Arjun Agarwal,42.0,Male,Indore,Electronics,USB-C Cable,3.0,2130.77,0.0,6.0,Credit Card,5.0,150.0,,Defective Product,2024,January,Sunday,1,4807.712,low
ORD101709,2023-07-13,Vivaan Shah,17.0,Female,Chandigarh,Grocery,Spices Combo Pack,2.0,156.1,0.0,2.0,UPI,5.0,0.0,,,2023,July,Thursday,3,312.2,low
ORD102772,2024-01-18,Rahul Pillai,27.0,Female,Hyderabad,Grocery,Assorted Dry Fruits,5.0,195.64,10.0,5.0,UPI,5.0,80.0,,,2024,January,Thursday,1,960.38,low
ORD100963,2023-07-18,Aarav Deshmukh,33.0,Male,Bengaluru,Apparel,Denim Jeans,1.0,1144.98,20.0,3.0,UPI,3.0,0.0,,,2023,July,Tuesday,3,915.984,low
ORD102543,2023-12-06,Rahul Deshmukh,46.0,Female,Chennai,Apparel,Ethnic Saree,2.0,1478.74,20.0,9.0,Debit Card,0.0,60.0,,Changed Mind,2023,December,Wednesday,4,2425.984,low
ORD102889,2023-06-27,Karan Pillai,36.0,Male,Chennai,Apparel,Denim Jeans,4.0,1467.05,10.0,8.0,Credit Card,2.0,150.0,,,2023,June,Tuesday,2,4807.712,low
ORD102692,2025-04-09,Myra Deshmukh,44.0,Other,Nagpur,Home & Kitchen,Storage Container Set,1.0,304.41,10.0,6.0,UPI,2.0,0.0,,,2025,April,Wednesday,2,273.96900000000005,low
ORD102586,2024-11-04,Aarav Verma,42.0,Female,Kolkata,Footwear,Casual Sneakers,2.0,1118.92,20.0,5.0,UPI,3.0,0.0,,,2024,November,Monday,4,1790.2720000000002,low
ORD101452,2023-02-16,Sai Menon,33.0,Male,Delhi,Electronics,Portable Speaker,4.0,821.58,0.0,7.0,Credit Card,4.0,40.0,,,2023,February,Thursday,1,3326.32,low
ORD100149,2024-01-02,Diya Deshmukh,34.0,Male,Delhi,Grocery,Spices Combo Pack,1.0,366.03,5.0,7.0,Debit Card,2.0,0.0,,,2024,January,Tuesday,1,347.72849999999994,low
ORD101757,2024-07-08,Sai Rao,39.0,Male,Chandigarh,Footwear,Casual Sneakers,4.0,1199.23,10.0,4.0,Net Banking,2.0,100.0,WELCOME50,,2024,July,Monday,3,4417.228,low
ORD100218,2024-01-05,Amit Kulkarni,32.0,Male,Kolkata,Electronics,Wireless Mouse,1.0,1315.3,5.0,9.0,Net Banking,0.0,0.0,,,2024,January,Friday,1,1249.5349999999999,low
ORD100239,2024-07-25,Pooja Agarwal,37.0,Female,Kolkata,Grocery,Spices Combo Pack,2.0,667.91,0.0,4.0,UPI,0.0,40.0,FLAT100,,2024,July,Thursday,3,1375.82,low
ORD101131,2024-09-02,Diya Deshmukh,34.0,Male,Nagpur,Grocery,Cooking Oil 1L,2.0,357.63,0.0,9.0,Debit Card,3.0,150.0,FEST20,,2024,September,Monday,3,865.26,low
ORD102737,2023-06-21,Diya Kulkarni,44.0,Female,Chennai,Apparel,Woolen Sweater,4.0,980.99,0.0,4.0,UPI,4.0,80.0,,,2023,June,Wednesday,2,4003.96,low
ORD102239,2023-11-12,Ishita Joshi,34.0,Female,Kolkata,Footwear,Formal Leather Shoes,2.0,2161.06,15.0,3.0,Credit Card,2.0,0.0,,,2023,November,Sunday,4,3673.8019999999997,low
ORD102381,2024-02-13,Riya Reddy,32.0,Male,Hyderabad,Footwear,Formal Leather Shoes,1.0,1243.47,5.0,7.0,Net Banking,3.0,0.0,,,2024,February,Tuesday,1,1181.2965,low
ORD101253,2024-12-24,Kabir Kulkarni,42.0,Male,Chennai,Electronics,Wireless Mouse,2.0,1212.89,30.0,5.0,Credit Card,1.0,0.0,,,2024,December,Tuesday,4,1698.046,low
ORD101053,2025-05-23,Arjun Iyer,40.0,Female,Delhi,Grocery,Cooking Oil 1L,1.0,461.42,0.0,3.0,Credit Card,0.0,0.0,,Wrong Item Delivered,2025,May,Friday,2,461.42,low
ORD101668,2024-04-30,Kabir Kapoor,35.0,Male,Lucknow,Footwear,Flip Flops,1.0,1907.37,5.0,5.0,UPI,2.0,150.0,,,2024,April,Tuesday,2,1962.0014999999999,low
ORD102575,2023-10-27,Ishita Agarwal,31.0,Male,Ahmedabad,Apparel,Ethnic Saree,4.0,699.77,5.0,7.0,UPI,0.0,0.0,FEST20,,2023,October,Friday,4,2659.1259999999997,low
ORD101357,2023-05-03,Neha Iyer,40.0,Female,Lucknow,Footwear,Casual Sneakers,1.0,1621.08,0.0,7.0,UPI,5.0,40.0,,,2023,May,Wednesday,2,1661.08,low
ORD100775,2025-05-16,Aadhya Menon,22.0,Male,Kochi,Grocery,Spices Combo Pack,3.0,545.46,0.0,9.0,UPI,5.0,0.0,,,2025,May,Friday,2,1636.38,low
ORD102654,2024-01-08,Neha Reddy,29.0,Female,Lucknow,Home & Kitchen,Cotton Bedsheet Set,1.0,449.27,5.0,4.0,Net Banking,4.0,0.0,,,2024,January,Monday,1,426.80649999999997,low
ORD100839,2025-04-09,Vihaan Kapoor,54.0,Female,Lucknow,Home & Kitchen,LED Table Lamp,1.0,442.69,30.0,6.0,Debit Card,0.0,60.0,,,2025,April,Wednesday,2,369.883,low
ORD100627,2023-12-01,Ananya Agarwal,26.0,Female,Ahmedabad,Electronics,Smartphone Cover,1.0,2013.28,25.0,2.0,Credit Card,5.0,0.0,NEWUSER15,,2023,December,Friday,4,1509.96,low
ORD100323,2025-04-14,Vivaan Kulkarni,23.0,Male,Surat,Grocery,Green Tea Pack,2.0,351.99,30.0,3.0,UPI,5.0,0.0,,,2025,April,Monday,2,492.786,low
ORD102979,2024-03-09,Aadhya Deshmukh,34.0,Male,Surat,Footwear,Sandals,1.0,1505.16,15.0,5.0,Credit Card,4.0,100.0,FEST20,,2024,March,Saturday,1,1379.386,low
ORD101867,2024-11-23,Ishaan Iyer,24.0,Male,Pune,Electronics,Smartwatch Band,1.0,1132.48,15.0,8.0,Net Banking,4.0,0.0,,,2024,November,Saturday,4,962.608,low
ORD101160,2024-06-15,Sara Iyer,34.0,Male,Lucknow,Electronics,Smartphone Cover,4.0,1319.15,5.0,9.0,UPI,0.0,60.0,,,2024,June,Saturday,2,4807.712,low
ORD101076,2024-10-10,Sneha Kapoor,52.0,Female,Kolkata,Home & Kitchen,Cotton Bedsheet Set,2.0,1072.03,15.0,4.0,Credit Card,4.0,60.0,,,2024,October,Thursday,4,1882.4509999999998,low
ORD100437,2025-04-25,Arjun Shah,29.0,Male,Mumbai,Footwear,Running Shoes,1.0,1073.84,25.0,7.0,Credit Card,3.0,0.0,WELCOME50,,2025,April,Friday,2,805.3799999999999,low
ORD100119,2023-04-15,Riya Mehta,16.0,Female,Mumbai,Electronics,Bluetooth Earbuds,1.0,729.75,20.0,9.0,Credit Card,4.0,0.0,FEST20,,2023,April,Saturday,2,583.8000000000001,low
ORD102678,2024-06-12,Sneha Deshmukh,22.0,Male,Pune,Apparel,Woolen Sweater,1.0,459.46,0.0,6.0,Debit Card,4.0,0.0,FEST20,,2024,June,Wednesday,2,459.46,low
ORD102505,2023-04-16,Ishaan Reddy,35.0,Female,Delhi,Electronics,Wireless Mouse,2.0,2116.74,0.0,3.0,Debit Card,0.0,60.0,,,2023,April,Sunday,2,4293.48,low
ORD102683,2023-10-27,Navya Reddy,47.0,Male,Mumbai,Apparel,Sports Track Pant,2.0,793.51,42.5,7.0,UPI,0.0,80.0,WELCOME50,,2023,October,Friday,4,873.51,low
ORD101839,2024-05-18,Neha Gupta,40.0,Male,Lucknow,Grocery,Green Tea Pack,1.0,507.95,15.0,3.0,Credit Card,0.0,0.0,,,2024,May,Saturday,2,431.7575,low
ORD101026,2023-03-12,Rahul Deshmukh,45.0,Female,Surat,Apparel,Kids Hoodie,1.0,626.5,15.0,9.0,UPI,4.0,40.0,,,2023,March,Sunday,1,572.525,low
ORD100076,2023-10-28,Rohan Bhat,29.0,Female,Jaipur,Grocery,Assorted Dry Fruits,2.0,125.53,0.0,5.0,Credit Card,4.0,0.0,,,2023,October,Saturday,4,251.06,low
ORD100900,2023-01-04,Reyansh Shah,19.0,Female,Ahmedabad,Electronics,Bluetooth Earbuds,4.0,2133.58,30.0,9.0,UPI,4.0,0.0,,,2023,January,Wednesday,1,4807.712,low
ORD101204,2024-12-20,Myra Kapoor,31.0,Female,Pune,Beauty & Personal Care,Herbal Shampoo,1.0,559.66,15.0,5.0,Debit Card,0.0,0.0,,,2024,December,Friday,4,475.71099999999996,low
ORD102581,2023-12-11,Ishita Bhat,48.0,Female,Chennai,Electronics,LED Bulb Smart,1.0,1861.87,25.0,4.0,Cash on Delivery,4.0,40.0,,,2023,December,Monday,4,1436.4025,low
ORD100941,2023-12-05,Riya Joshi,43.0,Male,Chennai,Home & Kitchen,Cotton Bedsheet Set,2.0,204.87,10.0,2.0,UPI,5.0,60.0,,,2023,December,Tuesday,4,428.766,low
ORD100406,2024-01-31,Aditya Kulkarni,33.0,Male,Chandigarh,Electronics,Smartphone Cover,2.0,1566.07,15.0,5.0,UPI,5.0,0.0,FEST20,,2024,January,Wednesday,1,2662.319,low
ORD102117,2024-05-08,Ishita Shah,56.0,Female,Surat,Grocery,Basmati Rice 5kg,2.0,281.75,42.5,9.0,UPI,0.0,0.0,,,2024,May,Wednesday,2,281.75,low
ORD101613,2024-09-23,Sai Reddy,32.0,Male,Nagpur,Electronics,Smartwatch Band,3.0,1923.44,0.0,7.0,UPI,5.0,0.0,,,2024,September,Monday,3,4807.712,low
ORD100968,2025-04-18,Navya Verma,30.0,Other,Chennai,Electronics,LED Bulb Smart,3.0,1484.78,10.0,2.0,Cash on Delivery,1.0,100.0,,,2025,April,Friday,2,4108.906000000001,low
ORD102349,2024-04-04,Pooja Menon,36.0,Male,Hyderabad,Beauty & Personal Care,Perfume 50ml,3.0,122.29,42.5,2.0,UPI,3.0,0.0,,,2024,April,Thursday,2,183.435,low
ORD101746,2025-06-19,Riya Kapoor,34.0,Male,Pune,Beauty & Personal Care,Body Lotion,4.0,796.51,20.0,9.0,Credit Card,4.0,0.0,,,2025,June,Thursday,2,2548.8320000000003,low
ORD101738,2023-01-10,Nikhil Gupta,34.0,Male,Chennai,Electronics,Smartwatch Band,3.0,2182.51,5.0,7.0,UPI,4.0,0.0,,Changed Mind,2023,January,Tuesday,1,4807.712,low
ORD100236,2024-08-27,Ishita Mehta,42.0,Male,Lucknow,Beauty & Personal Care,Perfume 50ml,1.0,731.04,15.0,7.0,UPI,4.0,40.0,FEST20,,2024,August,Tuesday,3,661.3839999999999,low
ORD102907,2024-10-22,Ishaan Deshmukh,34.0,Male,Lucknow,Beauty & Personal Care,Herbal Shampoo,1.0,583.35,10.0,9.0,Credit Card,5.0,0.0,FLAT100,,2024,October,Tuesday,4,525.015,low
ORD101986,2025-01-23,Ishita Sharma,38.0,Male,Lucknow,Apparel,Kids Hoodie,1.0,683.12,10.0,3.0,Cash on Delivery,4.0,0.0,FLAT100,,2025,January,Thursday,1,614.808,low
ORD101983,2024-11-15,Aadhya Rao,21.0,Male,Kochi,Home & Kitchen,Wall Clock,3.0,364.65,10.0,5.0,UPI,0.0,0.0,WELCOME50,,2024,November,Friday,4,984.5549999999998,low
ORD100499,2024-01-23,Vihaan Kapoor,26.0,Female,Pune,Electronics,USB-C Cable,3.0,1387.89,0.0,8.0,Debit Card,1.0,0.0,,,2024,January,Tuesday,1,4163.67,low
ORD100822,2023-05-05,Vihaan Verma,40.0,Male,Delhi,Home & Kitchen,Curtain Set,1.0,1063.49,0.0,4.0,Credit Card,5.0,80.0,,,2023,May,Friday,2,1143.49,low
ORD100794,2024-12-24,Anika Chopra,31.0,Male,Delhi,Home & Kitchen,Non-Stick Pan,2.0,737.56,10.0,9.0,UPI,0.0,80.0,NEWUSER15,,2024,December,Tuesday,4,1407.608,low
ORD100990,2023-11-09,Nikhil Kapoor,29.0,Male,Lucknow,Apparel,Denim Jeans,4.0,545.26,5.0,2.0,Debit Card,5.0,0.0,,Defective Product,2023,November,Thursday,4,2071.988,low
ORD100567,2023-08-16,Sai Bhat,34.0,Other,Bengaluru,Footwear,Casual Sneakers,5.0,2188.5,20.0,7.0,Debit Card,5.0,0.0,,,2023,August,Wednesday,3,4807.712,low
ORD102435,2024-05-28,Nikhil Bhat,31.0,Female,Delhi,Grocery,Basmati Rice 5kg,1.0,207.47,0.0,3.0,UPI,0.0,100.0,,,2024,May,Tuesday,2,307.47,low
ORD100390,2024-11-11,Vivaan Joshi,41.0,Male,Hyderabad,Footwear,Casual Sneakers,5.0,735.49,0.0,7.0,Credit Card,0.0,0.0,FLAT100,,2024,November,Monday,4,3677.45,low
ORD100743,2023-12-24,Sneha Menon,40.0,Male,Indore,Electronics,Power Bank 10000mAh,3.0,1814.31,0.0,4.0,Debit Card,0.0,80.0,,,2023,December,Sunday,4,4807.712,low
ORD102400,2023-01-06,Reyansh Mehta,35.0,Female,Jaipur,Home & Kitchen,Kitchen Organizer,1.0,1748.47,25.0,4.0,UPI,4.0,100.0,,,2023,January,Friday,1,1411.3525,low
ORD101217,2024-10-29,Myra Menon,48.0,Female,Nagpur,Footwear,Running Shoes,1.0,839.48,0.0,5.0,Credit Card,4.0,80.0,,,2024,October,Tuesday,4,919.48,low
ORD100235,2024-10-17,Reyansh Mehta,49.0,Male,Kolkata,Grocery,Whole Wheat Atta 5kg,4.0,402.96,30.0,8.0,UPI,0.0,0.0,,,2024,October,Thursday,4,1128.2879999999998,low
ORD100480,2023-09-20,Riya Nair,29.0,Male,Bengaluru,Beauty & Personal Care,Perfume 50ml,1.0,194.53,5.0,4.0,Credit Card,0.0,150.0,,,2023,September,Wednesday,3,334.8035,low
ORD102042,2024-11-10,Aarav Iyer,40.0,Female,Lucknow,Beauty & Personal Care,Sunscreen SPF50,1.0,437.76,0.0,4.0,Cash on Delivery,5.0,0.0,NEWUSER15,,2024,November,Sunday,4,437.76,low
ORD101677,2024-01-17,Aadhya Kulkarni,29.0,Male,Lucknow,Grocery,Green Tea Pack,1.0,437.26,10.0,3.0,Debit Card,4.0,60.0,,,2024,January,Wednesday,1,453.534,low
ORD102784,2025-04-10,Aarav Gupta,48.0,Male,Ahmedabad,Home & Kitchen,Non-Stick Pan,2.0,1087.81,20.0,5.0,Credit Card,2.0,0.0,,,2025,April,Thursday,2,1740.496,low
ORD102937,2024-10-19,Sneha Sharma,32.0,Male,Kolkata,Apparel,Sports Track Pant,1.0,1268.62,20.0,9.0,UPI,0.0,0.0,,,2024,October,Saturday,4,1014.896,low
ORD100678,2024-10-08,Anika Kulkarni,20.0,Male,Bengaluru,Footwear,Sandals,4.0,1594.77,0.0,7.0,UPI,3.0,0.0,NEWUSER15,,2024,October,Tuesday,4,4807.712,low
ORD102833,2024-05-12,Ishaan Agarwal,56.5,Male,Nagpur,Home & Kitchen,Non-Stick Pan,1.0,449.51,20.0,6.0,Credit Card,4.0,0.0,,Changed Mind,2024,May,Sunday,2,359.608,low
ORD100120,2024-02-05,Vihaan Kapoor,18.0,Female,Nagpur,Electronics,Portable Speaker,1.0,762.26,20.0,6.0,UPI,0.0,100.0,,,2024,February,Monday,1,709.808,low
ORD101272,2025-04-28,Neha Patel,39.0,Female,Kolkata,Apparel,Women Kurti,1.0,332.38,25.0,8.0,Credit Card,0.0,0.0,,Late Delivery,2025,April,Monday,2,249.285,low
ORD100926,2024-05-08,Myra Nair,20.0,Male,Lucknow,Grocery,Whole Wheat Atta 5kg,2.0,162.06,0.0,4.0,UPI,3.0,0.0,,Defective Product,2024,May,Wednesday,2,324.12,low
ORD101594,2024-10-01,Aarav Chopra,34.0,Male,Chennai,Footwear,Flip Flops,1.0,1322.64,15.0,7.0,UPI,0.0,60.0,FEST20,,2024,October,Tuesday,4,1184.2440000000001,low
ORD100223,2023-07-04,Pooja Gupta,45.0,Female,Chennai,Electronics,USB-C Cable,1.0,2235.99,25.0,5.0,UPI,4.0,0.0,FEST20,,2023,July,Tuesday,3,1676.9924999999998,low
ORD100766,2024-07-12,Diya Sharma,50.0,Male,Lucknow,Grocery,Basmati Rice 5kg,4.0,593.06,0.0,7.0,Credit Card,4.0,100.0,,,2024,July,Friday,3,2472.24,low
ORD100613,2024-10-07,Myra Verma,34.0,Female,Bengaluru,Grocery,Spices Combo Pack,2.0,368.66,5.0,6.0,Debit Card,3.0,100.0,,,2024,October,Monday,4,800.4540000000001,low
ORD101245,2025-06-16,Sara Nair,33.0,Female,Hyderabad,Beauty & Personal Care,Face Wash 100ml,6.0,386.69,0.0,7.0,Cash on Delivery,4.0,40.0,,,2025,June,Monday,2,4807.712, very large
ORD101540,2023-01-22,Kabir Verma,37.0,Male,Mumbai,Beauty & Personal Care,Face Wash 100ml,2.0,888.83,5.0,4.0,Credit Card,1.0,80.0,,,2023,January,Sunday,1,1768.777,low
ORD100052,2023-11-28,Aditya Shah,38.0,Male,Ahmedabad,Grocery,Honey 500g,1.0,286.2,0.0,6.0,UPI,2.0,0.0,,,2023,November,Tuesday,4,286.2,low
ORD100529,2025-04-19,Sara Iyer,34.0,Female,Jaipur,Footwear,Formal Leather Shoes,2.0,1108.6,25.0,6.0,UPI,5.0,0.0,,,2025,April,Saturday,2,1662.8999999999999,low
ORD101899,2023-11-06,Sneha Joshi,26.0,Male,Mumbai,Home & Kitchen,Curtain Set,1.0,1553.92,15.0,2.0,Debit Card,1.0,0.0,,,2023,November,Monday,4,1320.832,low
ORD102981,2023-10-17,Myra Gupta,31.0,Male,Bengaluru,Apparel,Formal Shirt,3.0,850.62,5.0,2.0,Net Banking,5.0,0.0,,,2023,October,Tuesday,4,2424.267,low
ORD100818,2024-08-29,Anika Chopra,34.0,Male,Chennai,Apparel,Woolen Sweater,4.0,853.42,15.0,7.0,Net Banking,5.0,80.0,,,2024,August,Thursday,3,2981.6279999999997,low
ORD100155,2024-08-26,Myra Kulkarni,34.0,Female,Hyderabad,Apparel,Denim Jeans,1.0,991.95,0.0,3.0,UPI,4.0,100.0,,,2024,August,Monday,3,1091.95,low
ORD102926,2024-07-15,Reyansh Agarwal,39.0,Male,Jaipur,Electronics,Wireless Mouse,1.0,678.78,0.0,4.0,UPI,0.0,80.0,,,2024,July,Monday,3,758.78,low
ORD100248,2024-11-16,Pari Iyer,31.0,Female,Lucknow,Apparel,Men Cotton T-Shirt,4.0,1272.62,5.0,4.0,Credit Card,0.0,60.0,,Defective Product,2024,November,Saturday,4,4807.712,low
ORD100761,2024-05-18,Aarav Iyer,34.0,Male,Kolkata,Footwear,Flip Flops,3.0,913.28,10.0,9.0,UPI,0.0,0.0,,,2024,May,Saturday,2,2465.856,low
ORD101894,2023-05-03,Neha Iyer,34.0,Male,Hyderabad,Grocery,Spices Combo Pack,1.0,306.23,15.0,4.0,Credit Card,5.0,0.0,FLAT100,,2023,May,Wednesday,2,260.2955,low
ORD102029,2023-11-09,Arjun Iyer,49.0,Male,Jaipur,Footwear,Flip Flops,4.0,2124.64,20.0,6.0,UPI,4.0,80.0,,,2023,November,Thursday,4,4807.712,low
ORD101130,2024-01-06,Vihaan Kulkarni,40.0,Female,Chennai,Beauty & Personal Care,Beard Trimmer,1.0,422.3,15.0,4.0,Net Banking,0.0,60.0,,,2024,January,Saturday,1,418.955,low
ORD100542,2023-06-27,Sara Agarwal,29.0,Female,Kochi,Footwear,Flip Flops,2.0,844.67,10.0,3.0,UPI,0.0,0.0,,,2023,June,Tuesday,2,1520.406,low
ORD100793,2023-01-16,Aadhya Mehta,18.0,Male,Delhi,Apparel,Sports Track Pant,2.0,1248.17,10.0,8.0,UPI,5.0,80.0,,,2023,January,Monday,1,2326.706,low
ORD101725,2024-12-14,Sneha Reddy,42.0,Male,Indore,Home & Kitchen,LED Table Lamp,2.0,1518.5,20.0,3.0,Debit Card,3.0,0.0,,,2024,December,Saturday,4,2429.6,low
ORD100628,2024-04-05,Sneha Joshi,41.0,Male,Mumbai,Beauty & Personal Care,Face Wash 100ml,2.0,354.21,0.0,2.0,Debit Card,3.0,0.0,SAVE10,,2024,April,Friday,2,708.42,low
ORD102198,2023-01-05,Sara Gupta,26.0,Male,Indore,Electronics,USB-C Cable,3.0,1904.26,5.0,4.0,UPI,2.0,0.0,,,2023,January,Thursday,1,4807.712,low
ORD102748,2023-11-25,Rohan Patel,33.0,Male,Mumbai,Electronics,LED Bulb Smart,3.0,565.66,15.0,5.0,Net Banking,5.0,80.0,,,2023,November,Saturday,4,1522.433,low
ORD102339,2023-03-26,Rohan Chopra,43.0,Male,Pune,Home & Kitchen,Cotton Bedsheet Set,2.0,202.39,25.0,6.0,UPI,4.0,0.0,,,2023,March,Sunday,1,303.585,low
ORD102429,2024-11-01,Anika Chopra,16.0,Female,Bengaluru,Apparel,Sports Track Pant,2.0,1002.59,30.0,2.0,UPI,0.0,0.0,,,2024,November,Friday,4,1403.626,low
ORD102918,2025-02-12,Neha Agarwal,29.0,Female,Ahmedabad,Apparel,Men Cotton T-Shirt,1.0,1273.09,0.0,3.0,Debit Card,0.0,0.0,,,2025,February,Wednesday,1,1273.09,low
ORD101367,2024-02-17,Reyansh Kulkarni,43.0,Female,Delhi,Apparel,Men Cotton T-Shirt,3.0,1490.85,20.0,5.0,UPI,5.0,40.0,,Size Issue,2024,February,Saturday,1,3618.0399999999995,low
ORD101620,2023-01-25,Navya Gupta,46.0,Male,Ahmedabad,Apparel,Kids Hoodie,1.0,1202.22,10.0,7.0,UPI,5.0,0.0,,,2023,January,Wednesday,1,1081.998,low
ORD102832,2023-10-01,Diya Verma,43.0,Male,Ahmedabad,Home & Kitchen,Cotton Bedsheet Set,1.0,1763.55,15.0,5.0,Credit Card,4.0,0.0,,Late Delivery,2023,October,Sunday,4,1499.0175,low
ORD101071,2023-07-10,Pari Rao,39.0,Female,Chandigarh,Apparel,Men Cotton T-Shirt,1.0,1437.09,15.0,5.0,UPI,5.0,0.0,,,2023,July,Monday,3,1221.5265,low
ORD100554,2025-06-15,Arjun Verma,52.0,Female,Lucknow,Apparel,Woolen Sweater,2.0,870.05,25.0,2.0,UPI,4.0,150.0,,,2025,June,Sunday,2,1455.0749999999998,low
ORD101828,2023-01-21,Sai Nair,42.0,Male,Bengaluru,Beauty & Personal Care,Lip Balm Pack,1.0,762.26,20.0,8.0,Debit Card,5.0,40.0,FLAT100,,2023,January,Saturday,1,649.808,low
ORD100826,2024-09-12,Reyansh Verma,35.0,Female,Hyderabad,Grocery,Green Tea Pack,1.0,284.82,5.0,5.0,UPI,4.0,0.0,,,2024,September,Thursday,3,270.579,low
ORD101984,2024-08-03,Ananya Nair,24.0,Male,Jaipur,Electronics,Smartwatch Band,2.0,619.39,0.0,4.0,Debit Card,0.0,0.0,SAVE10,,2024,August,Saturday,3,1238.78,low
ORD101837,2023-10-05,Krishna Iyer,43.0,Female,Bengaluru,Beauty & Personal Care,Herbal Shampoo,3.0,156.62,15.0,6.0,Debit Card,0.0,0.0,,,2023,October,Thursday,4,399.38100000000003,low
ORD100535,2023-05-20,Amit Patel,30.0,Male,Pune,Home & Kitchen,Curtain Set,4.0,734.93,15.0,3.0,UPI,0.0,40.0,,,2023,May,Saturday,2,2538.7619999999997,low
ORD102717,2024-01-03,Vihaan Verma,20.0,Male,Indore,Apparel,Kids Hoodie,2.0,404.47,10.0,7.0,UPI,0.0,100.0,FLAT100,Wrong Item Delivered,2024,January,Wednesday,1,828.046,low
ORD100154,2024-01-31,Sneha Menon,25.0,Female,Jaipur,Apparel,Men Cotton T-Shirt,3.0,528.14,5.0,6.0,Credit Card,2.0,0.0,FEST20,,2024,January,Wednesday,1,1505.199,low
ORD102625,2024-06-11,Amit Singh,39.0,Female,Hyderabad,Apparel,Formal Shirt,2.0,392.65,30.0,7.0,UPI,4.0,100.0,,,2024,June,Tuesday,2,649.7099999999999,low
ORD102861,2025-04-27,Aditya Chopra,30.0,Male,Ahmedabad,Grocery,Spices Combo Pack,2.0,314.9,15.0,7.0,Debit Card,4.0,0.0,,Late Delivery,2025,April,Sunday,2,535.3299999999999,low
ORD100322,2024-07-13,Ishaan Kapoor,22.0,Female,Hyderabad,Apparel,Woolen Sweater,4.0,617.13,15.0,4.0,UPI,0.0,80.0,,,2024,July,Saturday,3,2178.2419999999997,low
ORD101710,2023-11-09,Neha Verma,30.0,Female,Pune,Electronics,Smartphone Cover,3.0,2414.35,25.0,8.0,Debit Card,4.0,80.0,FLAT100,,2023,November,Thursday,4,4807.712,low
ORD100014,2024-10-15,Pari Iyer,27.0,Female,Pune,Apparel,Men Cotton T-Shirt,1.0,1083.82,10.0,7.0,Debit Card,4.0,80.0,FLAT100,,2024,October,Tuesday,4,1055.438,low
ORD101798,2024-03-12,Sneha Agarwal,35.0,Male,Bengaluru,Apparel,Kids Hoodie,4.0,905.8,0.0,5.0,Credit Card,5.0,40.0,,,2024,March,Tuesday,1,3663.2,low
ORD102864,2023-03-21,Sneha Kulkarni,29.0,Male,Chennai,Beauty & Personal Care,Perfume 50ml,1.0,255.6,5.0,4.0,Credit Card,0.0,80.0,,,2023,March,Tuesday,1,322.82,low
ORD100082,2023-05-27,Kavya Patel,21.0,Male,Ahmedabad,Electronics,Power Bank 10000mAh,3.0,1537.75,0.0,8.0,Net Banking,5.0,0.0,,,2023,May,Saturday,2,4613.25,low
ORD102560,2024-06-10,Ishaan Reddy,34.0,Female,Surat,Electronics,USB-C Cable,2.0,1345.09,25.0,7.0,UPI,5.0,40.0,,,2024,June,Monday,2,2057.6349999999998,low
ORD101943,2023-01-28,Neha Sharma,17.0,Male,Hyderabad,Footwear,Casual Sneakers,1.0,790.87,5.0,2.0,Debit Card,0.0,60.0,,,2023,January,Saturday,1,811.3265,low
ORD101988,2023-01-07,Arjun Deshmukh,39.0,Male,Pune,Grocery,Assorted Dry Fruits,2.0,504.81,25.0,9.0,UPI,4.0,0.0,,,2023,January,Saturday,1,757.215,low
ORD101383,2025-03-28,Priya Joshi,23.0,Female,Ahmedabad,Electronics,Bluetooth Earbuds,2.0,1399.73,5.0,3.0,Credit Card,2.0,80.0,,,2025,March,Friday,1,2739.487,low
ORD101574,2023-05-16,Ishita Rao,31.0,Female,Bengaluru,Home & Kitchen,Cotton Bedsheet Set,1.0,806.08,0.0,2.0,UPI,5.0,60.0,,,2023,May,Tuesday,2,866.08,low
ORD102058,2023-12-26,Ishita Gupta,56.5,Female,Kolkata,Footwear,Running Shoes,3.0,718.78,0.0,8.0,UPI,2.0,100.0,,,2023,December,Tuesday,4,2256.34,low
ORD102929,2024-08-18,Arjun Gupta,38.0,Male,Kochi,Grocery,Basmati Rice 5kg,1.0,325.62,10.0,9.0,UPI,5.0,60.0,,,2024,August,Sunday,3,353.058,low
ORD101494,2024-01-09,Pari Agarwal,28.0,Male,Chennai,Home & Kitchen,Storage Container Set,1.0,1713.03,5.0,9.0,Debit Card,5.0,0.0,,,2024,January,Tuesday,1,1627.3784999999998,low
ORD100831,2023-08-08,Nikhil Reddy,35.0,Male,Hyderabad,Grocery,Instant Noodles Pack,1.0,123.2,30.0,5.0,Credit Card,1.0,0.0,,Size Issue,2023,August,Tuesday,3,86.24,low
ORD102080,2025-01-23,Neha Chopra,40.0,Female,Delhi,Apparel,Sports Track Pant,2.0,1087.89,5.0,8.0,Net Banking,4.0,40.0,,,2025,January,Thursday,1,2106.991,low
ORD101174,2023-01-08,Karan Kulkarni,20.0,Male,Chennai,Footwear,Flip Flops,1.0,1978.7,5.0,7.0,Cash on Delivery,0.0,80.0,,,2023,January,Sunday,1,1959.7649999999999,low
ORD100413,2024-01-24,Vihaan Agarwal,31.0,Male,Hyderabad,Home & Kitchen,LED Table Lamp,1.0,1057.82,10.0,6.0,Net Banking,3.0,150.0,SAVE10,,2024,January,Wednesday,1,1102.038,low
ORD101817,2023-11-26,Rohan Pillai,37.0,Female,Lucknow,Home & Kitchen,Wall Clock,2.0,446.68,40.0,3.0,UPI,4.0,0.0,,,2023,November,Sunday,4,536.016,low
ORD102623,2025-04-21,Amit Verma,30.0,Female,Hyderabad,Grocery,Instant Noodles Pack,4.0,592.64,0.0,5.0,Net Banking,0.0,0.0,,,2025,April,Monday,2,2370.56,low
ORD102972,2024-06-28,Kavya Joshi,40.0,Female,Chandigarh,Electronics,USB-C Cable,2.0,1122.86,15.0,4.0,Credit Card,4.0,100.0,FEST20,,2024,June,Friday,2,2008.8619999999999,low
ORD100614,2024-01-03,Priya Kulkarni,34.0,Male,Pune,Apparel,Woolen Sweater,1.0,529.02,25.0,6.0,UPI,0.0,100.0,,,2024,January,Wednesday,1,496.765,low
ORD101014,2024-04-18,Karan Iyer,25.0,Male,Surat,Beauty & Personal Care,Hair Oil 200ml,1.0,581.5,10.0,3.0,UPI,3.0,0.0,WELCOME50,,2024,April,Thursday,2,523.35,low
ORD102137,2023-01-22,Anika Verma,31.0,Male,Pune,Beauty & Personal Care,Beard Trimmer,2.0,239.68,10.0,9.0,UPI,4.0,80.0,,,2023,January,Sunday,1,511.42400000000004,low
ORD101237,2023-04-23,Kabir Verma,23.0,Male,Delhi,Electronics,USB-C Cable,1.0,1244.29,10.0,4.0,Credit Card,0.0,60.0,FLAT100,,2023,April,Sunday,2,1179.861,low
ORD102181,2023-08-07,Pooja Shah,30.0,Male,Delhi,Apparel,Ethnic Saree,2.0,963.68,25.0,2.0,Debit Card,4.0,60.0,FEST20,,2023,August,Monday,3,1505.52,low
ORD100555,2024-10-19,Neha Rao,20.0,Female,Surat,Electronics,Portable Speaker,2.0,2603.435,0.0,5.0,Credit Card,5.0,0.0,,,2024,October,Saturday,4,4807.712,low
ORD102368,2023-05-28,Rahul Gupta,24.0,Female,Indore,Apparel,Woolen Sweater,3.0,1491.83,15.0,4.0,Debit Card,0.0,0.0,,,2023,May,Sunday,2,3804.1665,low
ORD101211,2024-12-13,Rahul Verma,20.0,Male,Indore,Home & Kitchen,Storage Container Set,2.0,474.6,0.0,9.0,UPI,0.0,60.0,FEST20,,2024,December,Friday,4,1009.2,low
ORD102831,2024-10-18,Rohan Mehta,32.0,Male,Kolkata,Home & Kitchen,LED Table Lamp,3.0,1670.74,0.0,9.0,UPI,4.0,0.0,,,2024,October,Friday,4,4807.712,low
ORD100634,2023-06-16,Arjun Reddy,34.0,Female,Ahmedabad,Grocery,Basmati Rice 5kg,1.0,236.27,20.0,7.0,Debit Card,0.0,80.0,,,2023,June,Friday,2,269.016,low
ORD102600,2025-02-25,Priya Rao,52.0,Male,Lucknow,Home & Kitchen,Steel Water Bottle,1.0,225.75,20.0,2.0,UPI,4.0,0.0,,,2025,February,Tuesday,1,180.60000000000002,low
ORD101055,2025-06-25,Aarav Menon,39.0,Male,Delhi,Grocery,Green Tea Pack,1.0,346.03,0.0,7.0,UPI,4.0,0.0,,,2025,June,Wednesday,2,346.03,low
ORD102340,2024-11-03,Vihaan Joshi,48.0,Male,Pune,Home & Kitchen,Cotton Bedsheet Set,5.0,988.71,15.0,4.0,UPI,4.0,0.0,,,2024,November,Sunday,4,4202.0175,low
ORD101708,2023-08-11,Aadhya Mehta,26.0,Female,Lucknow,Electronics,USB-C Cable,4.0,1113.53,20.0,4.0,UPI,0.0,0.0,,,2023,August,Friday,3,3563.2960000000003,low
ORD100796,2025-06-01,Kavya Reddy,19.0,Male,Lucknow,Apparel,Ethnic Saree,1.0,1461.44,30.0,3.0,UPI,4.0,60.0,,,2025,June,Sunday,2,1083.0079999999998,low
ORD102807,2023-10-11,Sara Mehta,36.0,Female,Bengaluru,Home & Kitchen,LED Table Lamp,1.0,1340.72,15.0,6.0,UPI,2.0,0.0,SAVE10,,2023,October,Wednesday,4,1139.612,low
ORD100174,2024-09-26,Vihaan Reddy,29.0,Male,Ahmedabad,Electronics,LED Bulb Smart,1.0,2440.15,0.0,2.0,Credit Card,5.0,0.0,,,2024,September,Thursday,3,2440.15,low
ORD100245,2023-03-18,Kavya Singh,43.0,Male,Indore,Electronics,Wireless Mouse,1.0,2298.55,0.0,4.0,UPI,0.0,40.0,,,2023,March,Saturday,1,2338.55,low
ORD101080,2023-12-20,Sara Reddy,25.0,Female,Jaipur,Apparel,Woolen Sweater,2.0,895.58,20.0,6.0,UPI,5.0,0.0,FEST20,,2023,December,Wednesday,4,1432.928,low
ORD101654,2023-05-23,Navya Singh,43.0,Female,Delhi,Apparel,Women Kurti,1.0,627.33,15.0,2.0,UPI,5.0,150.0,FLAT100,,2023,May,Tuesday,2,683.2305,low
ORD100144,2024-12-20,Anika Bhat,45.0,Female,Surat,Home & Kitchen,LED Table Lamp,2.0,642.91,15.0,8.0,UPI,2.0,0.0,SAVE10,,2024,December,Friday,4,1092.947,low
ORD100145,2025-02-16,Nikhil Singh,26.0,Male,Hyderabad,Home & Kitchen,Curtain Set,1.0,398.84,15.0,4.0,UPI,3.0,0.0,,,2025,February,Sunday,1,339.01399999999995,low
ORD100090,2023-11-09,Nikhil Verma,44.0,Male,Bengaluru,Apparel,Women Kurti,1.0,777.51,5.0,8.0,UPI,3.0,0.0,,,2023,November,Thursday,4,738.6345,low
ORD100682,2023-10-11,Ishaan Gupta,35.0,Male,Chandigarh,Beauty & Personal Care,Perfume 50ml,1.0,159.45,30.0,8.0,UPI,4.0,0.0,NEWUSER15,Wrong Item Delivered,2023,October,Wednesday,4,111.61499999999998,low
ORD100310,2023-12-01,Sai Deshmukh,36.0,Male,Indore,Electronics,LED Bulb Smart,1.0,1606.39,5.0,6.0,UPI,0.0,80.0,,Late Delivery,2023,December,Friday,4,1606.0705,low
ORD100093,2023-12-19,Kabir Kulkarni,31.0,Male,Delhi,Electronics,Bluetooth Earbuds,1.0,1378.73,0.0,6.0,Credit Card,4.0,0.0,,,2023,December,Tuesday,4,1378.73,low
ORD102690,2024-10-26,Kabir Menon,50.0,Female,Nagpur,Electronics,LED Bulb Smart,4.0,1624.83,20.0,3.0,Net Banking,3.0,0.0,,Late Delivery,2024,October,Saturday,4,4807.712,low
ORD101956,2024-04-26,Nikhil Nair,27.0,Male,Lucknow,Beauty & Personal Care,Body Lotion,1.0,796.43,0.0,5.0,Net Banking,5.0,0.0,,,2024,April,Friday,2,796.43,low
ORD100924,2023-08-15,Sara Nair,56.5,Male,Lucknow,Apparel,Kids Hoodie,1.0,638.01,0.0,4.0,Credit Card,0.0,0.0,,,2023,August,Tuesday,3,638.01,low
ORD102790,2023-10-16,Pooja Bhat,46.0,Male,Surat,Home & Kitchen,Storage Container Set,5.0,327.54,20.0,9.0,Debit Card,0.0,0.0,,,2023,October,Monday,4,1310.16,low
ORD101909,2025-05-06,Diya Agarwal,26.0,Female,Indore,Grocery,Basmati Rice 5kg,4.0,142.82,30.0,8.0,Credit Card,0.0,60.0,,,2025,May,Tuesday,2,459.89599999999996,low
ORD101400,2025-02-17,Aarav Deshmukh,19.0,Male,Delhi,Home & Kitchen,Cotton Bedsheet Set,1.0,773.72,5.0,7.0,Debit Card,3.0,80.0,FEST20,,2025,February,Monday,1,815.034,low
ORD102291,2023-10-20,Rohan Agarwal,34.0,Female,Bengaluru,Grocery,Green Tea Pack,1.0,449.08,25.0,6.0,UPI,4.0,0.0,FLAT100,,2023,October,Friday,4,336.81,low
ORD101500,2024-04-27,Sara Nair,27.0,Female,Kochi,Electronics,Power Bank 10000mAh,1.0,528.3,25.0,3.0,Credit Card,4.0,80.0,,,2024,April,Saturday,2,476.22499999999997,low
ORD102262,2023-01-29,Krishna Iyer,36.0,Male,Surat,Footwear,Flip Flops,2.0,508.79,0.0,9.0,Credit Card,5.0,0.0,SAVE10,,2023,January,Sunday,1,1017.58,low
ORD101468,2024-12-09,Ishaan Rao,33.0,Male,Surat,Apparel,Ethnic Saree,5.0,326.48,5.0,3.0,Credit Card,1.0,0.0,,,2024,December,Monday,4,1550.78,low
ORD100998,2025-05-26,Sara Verma,36.0,Female,Nagpur,Beauty & Personal Care,Hair Oil 200ml,5.0,711.3,5.0,8.0,UPI,4.0,0.0,SAVE10,,2025,May,Monday,2,3378.6749999999997,low
ORD100853,2023-01-05,Sai Menon,34.0,Male,Pune,Electronics,Smartwatch Band,1.0,1879.02,5.0,2.0,Cash on Delivery,0.0,0.0,FEST20,,2023,January,Thursday,1,1785.069,low
ORD102473,2024-12-18,Reyansh Pillai,28.0,Female,Lucknow,Apparel,Sports Track Pant,3.0,1238.5,10.0,5.0,Credit Card,4.0,0.0,,,2024,December,Wednesday,4,3343.9500000000003,low
ORD102204,2024-02-19,Sneha Pillai,44.0,Male,Chennai,Electronics,Portable Speaker,1.0,637.92,10.0,5.0,Credit Card,4.0,0.0,,Quality Not as Expected,2024,February,Monday,1,574.1279999999999,low
ORD101142,2025-04-28,Aadhya Shah,35.0,Female,Lucknow,Grocery,Cooking Oil 1L,1.0,414.88,5.0,6.0,Credit Card,0.0,0.0,,,2025,April,Monday,2,394.13599999999997,low
ORD101143,2025-02-08,Ishaan Chopra,30.0,Male,Surat,Electronics,Wireless Mouse,1.0,2151.99,20.0,9.0,Credit Card,5.0,40.0,NEWUSER15,,2025,February,Saturday,1,1761.5919999999999,low
ORD102274,2023-06-12,Pari Nair,27.0,Female,Bengaluru,Grocery,Green Tea Pack,5.0,489.19,10.0,8.0,Credit Card,5.0,0.0,,Late Delivery,2023,June,Monday,2,2201.355,low
ORD100401,2024-12-09,Myra Kulkarni,40.0,Male,Jaipur,Footwear,Casual Sneakers,1.0,1219.02,5.0,3.0,UPI,3.0,60.0,,,2024,December,Monday,4,1218.069,low
ORD101103,2024-11-26,Krishna Chopra,32.0,Male,Lucknow,Electronics,LED Bulb Smart,5.0,2035.72,40.0,2.0,UPI,4.0,40.0,,,2024,November,Tuesday,4,4807.712,low
ORD100084,2024-07-27,Aarav Verma,44.0,Male,Surat,Grocery,Honey 500g,1.0,294.45,25.0,9.0,Cash on Delivery,1.0,80.0,,Changed Mind,2024,July,Saturday,3,300.8375,low
ORD102210,2024-09-29,Karan Joshi,33.0,Female,Pune,Beauty & Personal Care,Perfume 50ml,2.0,868.01,5.0,7.0,UPI,0.0,100.0,,,2024,September,Sunday,3,1749.2189999999998,low
ORD102932,2024-12-08,Rohan Joshi,30.0,Male,Jaipur,Home & Kitchen,Storage Container Set,1.0,1053.68,10.0,9.0,Credit Card,0.0,150.0,,,2024,December,Sunday,4,1098.3120000000001,low
ORD100114,2024-04-05,Reyansh Chopra,44.0,Male,Bengaluru,Electronics,Smartwatch Band,3.0,1313.09,10.0,7.0,UPI,0.0,60.0,,,2024,April,Friday,2,3605.343,low
ORD102655,2024-05-29,Sai Joshi,29.0,Male,Hyderabad,Beauty & Personal Care,Lip Balm Pack,2.0,862.47,0.0,6.0,Credit Card,4.0,150.0,WELCOME50,,2024,May,Wednesday,2,1874.94,low
ORD101585,2024-01-15,Karan Reddy,25.0,Female,Nagpur,Beauty & Personal Care,Face Wash 100ml,3.0,772.24,15.0,4.0,Credit Card,5.0,80.0,FLAT100,,2024,January,Monday,1,2049.2120000000004,low
ORD101567,2024-07-03,Vivaan Reddy,32.0,Female,Bengaluru,Grocery,Whole Wheat Atta 5kg,3.0,387.12,0.0,4.0,Cash on Delivery,2.0,0.0,,,2024,July,Wednesday,3,1161.3600000000001,low
ORD101501,2023-08-26,Anika Deshmukh,22.0,Male,Lucknow,Electronics,Bluetooth Earbuds,2.0,2148.22,15.0,5.0,Cash on Delivery,0.0,0.0,,,2023,August,Saturday,3,3651.9739999999997,low
ORD101660,2024-07-18,Riya Reddy,34.0,Male,Kolkata,Beauty & Personal Care,Perfume 50ml,2.0,560.99,0.0,2.0,UPI,3.0,0.0,,Wrong Item Delivered,2024,July,Thursday,3,1121.98,low
ORD101556,2025-03-27,Nikhil Shah,46.0,Female,Hyderabad,Electronics,Power Bank 10000mAh,1.0,1020.3,10.0,6.0,UPI,5.0,40.0,WELCOME50,,2025,March,Thursday,1,958.27,low
ORD102007,2023-05-19,Rohan Agarwal,28.0,Male,Nagpur,Home & Kitchen,LED Table Lamp,3.0,896.03,20.0,7.0,Debit Card,3.0,150.0,FLAT100,,2023,May,Friday,2,2300.472,low
ORD100625,2024-01-16,Sai Chopra,33.0,Male,Lucknow,Grocery,Assorted Dry Fruits,1.0,685.06,10.0,4.0,Debit Card,0.0,40.0,,,2024,January,Tuesday,1,656.554,low
ORD101885,2023-06-13,Sai Menon,52.0,Male,Chennai,Grocery,Assorted Dry Fruits,1.0,351.41,0.0,8.0,Net Banking,0.0,80.0,,,2023,June,Tuesday,2,431.41,low
ORD101866,2023-04-12,Arjun Menon,27.0,Female,Bengaluru,Beauty & Personal Care,Lip Balm Pack,1.0,376.73,0.0,2.0,UPI,0.0,60.0,,,2023,April,Wednesday,2,436.73,low
ORD100952,2024-07-13,Vivaan Sharma,41.0,Female,Lucknow,Home & Kitchen,Storage Container Set,4.0,1588.89,10.0,4.0,UPI,5.0,0.0,,,2024,July,Saturday,3,4807.712,low
ORD102306,2023-10-24,Pooja Singh,29.0,Male,Lucknow,Beauty & Personal Care,Body Lotion,4.0,308.47,20.0,6.0,Credit Card,4.0,60.0,FEST20,,2023,October,Tuesday,4,1047.1040000000003,low
ORD100624,2023-10-14,Ananya Iyer,48.0,Male,Ahmedabad,Footwear,Formal Leather Shoes,2.0,584.49,25.0,3.0,UPI,0.0,0.0,,,2023,October,Saturday,4,876.735,low
ORD100234,2024-03-24,Sai Nair,34.0,Male,Lucknow,Footwear,Sandals,2.0,2062.48,0.0,3.0,Debit Card,0.0,60.0,FLAT100,,2024,March,Sunday,1,4184.96,low
ORD102183,2024-08-10,Kabir Gupta,39.0,Female,Lucknow,Apparel,Kids Hoodie,1.0,1145.39,10.0,3.0,Credit Card,0.0,0.0,,Late Delivery,2024,August,Saturday,3,1030.851,low
ORD102034,2025-06-17,Reyansh Singh,47.0,Female,Delhi,Apparel,Ethnic Saree,1.0,1130.43,0.0,7.0,Debit Card,4.0,0.0,,,2025,June,Tuesday,2,1130.43,low
ORD102887,2023-02-27,Arjun Rao,39.0,Male,Chennai,Grocery,Honey 500g,1.0,545.45,25.0,5.0,Credit Card,0.0,60.0,,,2023,February,Monday,1,469.08750000000003,low
ORD102640,2023-12-10,Vihaan Pillai,53.0,Male,Jaipur,Apparel,Formal Shirt,1.0,366.21,5.0,6.0,UPI,5.0,0.0,,,2023,December,Sunday,4,347.8995,low
ORD101314,2023-01-20,Sneha Deshmukh,40.0,Male,Chandigarh,Electronics,USB-C Cable,3.0,1934.97,25.0,8.0,Credit Card,0.0,60.0,,,2023,January,Friday,1,4413.6825,low
ORD101525,2023-02-13,Rahul Pillai,40.0,Male,Mumbai,Grocery,Basmati Rice 5kg,2.0,677.89,15.0,3.0,Credit Card,0.0,40.0,,,2023,February,Monday,1,1192.413,low
ORD101562,2023-08-15,Ananya Shah,56.5,Male,Bengaluru,Apparel,Woolen Sweater,1.0,779.06,25.0,2.0,Debit Card,5.0,0.0,,,2023,August,Tuesday,3,584.295,low
ORD101752,2024-07-26,Pari Iyer,32.0,Female,Lucknow,Beauty & Personal Care,Beard Trimmer,4.0,374.59,10.0,4.0,Credit Card,5.0,0.0,WELCOME50,,2024,July,Friday,3,1348.524,low
ORD101605,2023-12-02,Neha Iyer,48.0,Female,Kochi,Apparel,Woolen Sweater,1.0,1350.57,0.0,7.0,Debit Card,5.0,0.0,SAVE10,,2023,December,Saturday,4,1350.57,low
ORD100343,2024-12-17,Amit Bhat,32.0,Male,Nagpur,Electronics,Portable Speaker,3.0,986.24,15.0,8.0,Net Banking,4.0,60.0,,,2024,December,Tuesday,4,2574.9120000000003,low
ORD102341,2023-12-26,Sai Singh,24.0,Male,Delhi,Footwear,Formal Leather Shoes,1.0,960.02,40.0,7.0,Cash on Delivery,0.0,40.0,,,2023,December,Tuesday,4,616.012,low
ORD102412,2023-11-19,Pooja Menon,28.0,Male,Bengaluru,Apparel,Sports Track Pant,1.0,803.4,0.0,3.0,Net Banking,0.0,150.0,,,2023,November,Sunday,4,953.4,low
ORD100996,2024-04-24,Ishaan Shah,31.0,Female,Ahmedabad,Footwear,Casual Sneakers,1.0,1857.62,0.0,2.0,Debit Card,4.0,0.0,FLAT100,,2024,April,Wednesday,2,1857.62,low
ORD102062,2023-05-17,Amit Kulkarni,34.0,Male,Kolkata,Home & Kitchen,Storage Container Set,5.0,1273.27,30.0,6.0,UPI,5.0,40.0,FLAT100,,2023,May,Wednesday,2,4496.445,low
ORD101110,2024-07-29,Sneha Chopra,47.0,Female,Kolkata,Beauty & Personal Care,Lip Balm Pack,2.0,104.22,5.0,2.0,Debit Card,4.0,40.0,,,2024,July,Monday,3,238.018,low
ORD102213,2023-01-06,Ishaan Kapoor,35.0,Female,Delhi,Footwear,Running Shoes,2.0,2124.62,20.0,2.0,Cash on Delivery,5.0,80.0,,,2023,January,Friday,1,3479.392,low
ORD101359,2023-11-29,Krishna Shah,39.0,Female,Kolkata,Apparel,Formal Shirt,5.0,1438.12,15.0,7.0,UPI,4.0,40.0,,,2023,November,Wednesday,4,4807.712,low
ORD102107,2023-05-07,Aarav Mehta,33.0,Male,Jaipur,Beauty & Personal Care,Sunscreen SPF50,1.0,579.64,20.0,4.0,UPI,4.0,0.0,,,2023,May,Sunday,2,463.712,low
ORD100709,2024-02-29,Kabir Kulkarni,44.0,Male,Nagpur,Home & Kitchen,LED Table Lamp,2.0,674.55,20.0,7.0,Credit Card,0.0,60.0,FEST20,Changed Mind,2024,February,Thursday,1,1139.28,low
ORD101878,2024-10-24,Krishna Sharma,41.0,Female,Lucknow,Apparel,Men Cotton T-Shirt,4.0,1305.64,10.0,9.0,Credit Card,0.0,0.0,,,2024,October,Thursday,4,4700.304,low
ORD101378,2024-04-03,Ananya Patel,35.0,Female,Surat,Footwear,Casual Sneakers,1.0,991.47,0.0,5.0,UPI,4.0,0.0,,,2024,April,Wednesday,2,991.47,low
ORD100424,2024-12-05,Aadhya Sharma,41.0,Female,Bengaluru,Home & Kitchen,Curtain Set,2.0,1489.02,0.0,5.0,UPI,1.0,0.0,,,2024,December,Thursday,4,2978.04,low
ORD101065,2024-12-01,Kabir Kulkarni,46.0,Female,Nagpur,Electronics,Bluetooth Earbuds,2.0,1374.83,25.0,2.0,UPI,4.0,80.0,,,2024,December,Sunday,4,2142.245,low
ORD101638,2023-06-16,Reyansh Menon,55.0,Male,Lucknow,Home & Kitchen,LED Table Lamp,2.0,896.23,10.0,5.0,Credit Card,0.0,40.0,SAVE10,Changed Mind,2023,June,Friday,2,1653.2140000000002,low
ORD102477,2023-01-01,Sneha Iyer,31.0,Male,Pune,Electronics,Portable Speaker,4.0,1731.14,20.0,9.0,UPI,0.0,0.0,FLAT100,,2023,January,Sunday,1,4807.712,low
ORD101012,2023-12-07,Kabir Singh,21.0,Female,Surat,Beauty & Personal Care,Body Lotion,2.0,238.84,10.0,2.0,UPI,5.0,0.0,,,2023,December,Thursday,4,429.91200000000003,low
ORD102127,2023-11-03,Sara Chopra,34.0,Female,Mumbai,Footwear,Casual Sneakers,1.0,1450.28,10.0,2.0,UPI,2.0,100.0,FLAT100,,2023,November,Friday,4,1405.252,low
ORD101717,2023-12-12,Nikhil Bhat,18.0,Male,Delhi,Electronics,Power Bank 10000mAh,1.0,2338.61,5.0,4.0,UPI,3.0,0.0,,Wrong Item Delivered,2023,December,Tuesday,4,2221.6795,low
ORD100937,2023-10-01,Rahul Reddy,34.0,Male,Mumbai,Apparel,Sports Track Pant,2.0,446.27,30.0,5.0,UPI,4.0,0.0,WELCOME50,,2023,October,Sunday,4,624.7779999999999,low
ORD100834,2025-02-17,Pari Pillai,37.0,Male,Surat,Beauty & Personal Care,Beard Trimmer,4.0,782.58,15.0,5.0,UPI,4.0,0.0,FLAT100,,2025,February,Monday,1,2660.772,low
ORD100254,2024-08-24,Ishita Iyer,56.5,Other,Chennai,Apparel,Men Cotton T-Shirt,3.0,2603.435,30.0,8.0,UPI,4.0,0.0,SAVE10,,2024,August,Saturday,3,4807.712,low
ORD101482,2023-09-22,Pari Rao,28.0,Male,Chandigarh,Apparel,Women Kurti,4.0,308.99,20.0,9.0,Debit Card,0.0,150.0,,,2023,September,Friday,3,1138.768,low
ORD101407,2025-03-07,Priya Agarwal,31.0,Other,Indore,Beauty & Personal Care,Lip Balm Pack,1.0,178.18,10.0,8.0,UPI,0.0,80.0,,,2025,March,Friday,1,240.36200000000002,low
ORD102954,2024-10-23,Aadhya Verma,45.0,Female,Bengaluru,Beauty & Personal Care,Hair Oil 200ml,2.0,532.8,42.5,5.0,Credit Card,2.0,0.0,,,2024,October,Wednesday,4,532.8,low
ORD102184,2024-07-31,Rohan Nair,23.0,Female,Surat,Electronics,Smartwatch Band,1.0,1658.99,0.0,6.0,Net Banking,5.0,0.0,,,2024,July,Wednesday,3,1658.99,low
ORD100723,2024-10-26,Riya Gupta,29.0,Male,Chennai,Footwear,Sandals,4.0,1426.41,15.0,7.0,Net Banking,5.0,0.0,WELCOME50,Defective Product,2024,October,Saturday,4,4807.712,low
ORD100969,2023-02-02,Krishna Singh,37.0,Male,Chennai,Home & Kitchen,Non-Stick Pan,2.0,1639.22,25.0,7.0,Debit Card,5.0,0.0,,,2023,February,Thursday,1,2458.83,low
ORD100496,2023-04-19,Diya Bhat,46.0,Male,Delhi,Apparel,Women Kurti,1.0,1429.27,10.0,9.0,Debit Card,4.0,0.0,,,2023,April,Wednesday,2,1286.343,low
ORD100950,2023-03-27,Reyansh Shah,34.0,Male,Kolkata,Apparel,Women Kurti,1.0,1072.29,0.0,5.0,UPI,1.0,0.0,,,2023,March,Monday,1,1072.29,low
ORD100805,2024-12-12,Pooja Patel,35.0,Male,Lucknow,Home & Kitchen,Wall Clock,3.0,1532.05,10.0,8.0,UPI,5.0,0.0,,,2024,December,Thursday,4,4136.535,low
ORD101829,2024-01-02,Pari Mehta,34.0,Female,Chennai,Electronics,Wireless Mouse,1.0,1911.93,10.0,3.0,UPI,4.0,0.0,,,2024,January,Tuesday,1,1720.737,low
ORD102177,2024-03-13,Vivaan Gupta,27.0,Male,Surat,Beauty & Personal Care,Face Wash 100ml,3.0,840.74,20.0,8.0,Debit Card,4.0,0.0,,,2024,March,Wednesday,1,2017.7760000000003,low
ORD101739,2023-01-26,Kavya Verma,37.0,Female,Kochi,Beauty & Personal Care,Hair Oil 200ml,5.0,351.98,20.0,3.0,Debit Card,4.0,0.0,,,2023,January,Thursday,1,1407.92,low
ORD100337,2023-10-16,Nikhil Menon,23.0,Male,Jaipur,Footwear,Running Shoes,1.0,809.9,10.0,2.0,UPI,2.0,0.0,WELCOME50,,2023,October,Monday,4,728.91,low
ORD100730,2024-10-25,Neha Rao,35.0,Female,Ahmedabad,Grocery,Whole Wheat Atta 5kg,2.0,462.09,15.0,6.0,UPI,4.0,80.0,,,2024,October,Friday,4,865.5529999999999,low
ORD100608,2024-12-15,Navya Reddy,56.5,Female,Jaipur,Apparel,Men Cotton T-Shirt,1.0,969.6,5.0,6.0,Cash on Delivery,5.0,0.0,,,2024,December,Sunday,4,921.12,low
ORD101148,2024-09-19,Rahul Agarwal,29.0,Female,Kochi,Home & Kitchen,Kitchen Organizer,1.0,1485.82,0.0,6.0,Credit Card,3.0,80.0,,,2024,September,Thursday,3,1565.82,low
ORD102243,2023-04-12,Sneha Menon,28.0,Male,Chandigarh,Beauty & Personal Care,Lip Balm Pack,4.0,630.57,0.0,6.0,Credit Card,0.0,40.0,NEWUSER15,,2023,April,Wednesday,2,2562.28,low
ORD101713,2024-10-30,Aadhya Pillai,26.0,Male,Lucknow,Beauty & Personal Care,Lip Balm Pack,1.0,131.29,20.0,6.0,UPI,5.0,0.0,,,2024,October,Wednesday,4,105.032,low
ORD100909,2023-03-25,Vihaan Sharma,38.0,Male,Mumbai,Footwear,Formal Leather Shoes,1.0,1491.16,10.0,9.0,UPI,0.0,0.0,,,2023,March,Saturday,1,1342.044,low
ORD102632,2025-04-12,Ishita Menon,32.0,Male,Nagpur,Beauty & Personal Care,Perfume 50ml,2.0,292.77,5.0,4.0,UPI,5.0,0.0,,,2025,April,Saturday,2,556.2629999999999,low
ORD102151,2023-11-24,Neha Agarwal,34.0,Female,Ahmedabad,Footwear,Casual Sneakers,4.0,1631.07,0.0,6.0,Debit Card,4.0,60.0,NEWUSER15,,2023,November,Friday,4,4807.712,low
ORD102010,2024-03-28,Krishna Verma,43.0,Male,Lucknow,Grocery,Assorted Dry Fruits,2.0,424.28,30.0,8.0,Credit Card,3.0,0.0,FEST20,,2024,March,Thursday,1,593.992,low
ORD102491,2023-08-30,Kabir Mehta,29.0,Female,Lucknow,Grocery,Assorted Dry Fruits,1.0,196.32,20.0,2.0,Credit Card,5.0,0.0,SAVE10,Defective Product,2023,August,Wednesday,3,157.056,low
ORD101810,2024-10-09,Vivaan Iyer,25.0,Male,Ahmedabad,Footwear,Sandals,1.0,857.47,10.0,3.0,Net Banking,4.0,0.0,FEST20,,2024,October,Wednesday,4,771.7230000000001,low
ORD101994,2024-11-17,Amit Sharma,25.0,Female,Bengaluru,Home & Kitchen,Kitchen Organizer,2.0,1439.75,15.0,9.0,UPI,4.0,0.0,,,2024,November,Sunday,4,2447.575,low
ORD100719,2023-10-06,Sai Patel,36.0,Male,Kolkata,Apparel,Women Kurti,5.0,1208.98,25.0,4.0,Credit Card,5.0,0.0,,,2023,October,Friday,4,4533.674999999999,low
ORD101569,2025-06-16,Priya Agarwal,32.0,Female,Lucknow,Home & Kitchen,Kitchen Organizer,1.0,1117.1,25.0,7.0,Credit Card,2.0,0.0,,Wrong Item Delivered,2025,June,Monday,2,837.8249999999999,low
ORD102275,2024-01-22,Sai Menon,16.0,Other,Mumbai,Grocery,Assorted Dry Fruits,1.0,399.95,5.0,6.0,Cash on Delivery,3.0,40.0,FEST20,,2024,January,Monday,1,419.9525,low
ORD100434,2024-01-31,Kavya Nair,24.0,Male,Lucknow,Apparel,Men Cotton T-Shirt,1.0,1291.49,10.0,4.0,Cash on Delivery,5.0,0.0,,,2024,January,Wednesday,1,1162.3410000000001,low
ORD101299,2023-01-27,Ishaan Sharma,36.0,Male,Jaipur,Apparel,Men Cotton T-Shirt,1.0,1360.45,15.0,2.0,UPI,0.0,0.0,,Size Issue,2023,January,Friday,1,1156.3825,low
ORD102174,2024-11-10,Rohan Iyer,38.0,Male,Kochi,Apparel,Men Cotton T-Shirt,5.0,564.59,15.0,9.0,UPI,1.0,0.0,,,2024,November,Sunday,4,2399.5075,low
ORD100405,2024-04-01,Kavya Rao,28.0,Male,Chennai,Footwear,Flip Flops,3.0,1292.5,30.0,3.0,UPI,3.0,80.0,,,2024,April,Monday,2,2794.25,low
ORD100821,2024-08-29,Sara Agarwal,22.0,Male,Bengaluru,Home & Kitchen,Non-Stick Pan,1.0,1084.43,15.0,7.0,Debit Card,4.0,0.0,WELCOME50,,2024,August,Thursday,3,921.7655,low
ORD101789,2024-11-06,Aadhya Chopra,29.0,Male,Surat,Apparel,Woolen Sweater,3.0,747.17,25.0,4.0,Debit Card,5.0,0.0,,Quality Not as Expected,2024,November,Wednesday,4,1681.1324999999997,low
ORD102956,2023-04-01,Pari Verma,23.0,Male,Pune,Beauty & Personal Care,Beard Trimmer,3.0,830.58,10.0,5.0,Credit Card,5.0,100.0,,,2023,April,Saturday,2,2342.5660000000003,low
ORD102351,2024-11-14,Pooja Deshmukh,25.0,Male,Pune,Apparel,Women Kurti,2.0,1328.06,15.0,3.0,Cash on Delivery,5.0,40.0,FEST20,,2024,November,Thursday,4,2297.7019999999998,low
ORD102315,2023-01-01,Pooja Nair,40.0,Male,Kochi,Apparel,Ethnic Saree,5.0,1057.84,25.0,3.0,UPI,4.0,0.0,,,2023,January,Sunday,1,3966.8999999999996,low
ORD101858,2023-12-05,Aadhya Gupta,20.0,Female,Chandigarh,Beauty & Personal Care,Perfume 50ml,3.0,134.46,5.0,8.0,UPI,2.0,0.0,SAVE10,,2023,December,Tuesday,4,383.21099999999996,low
ORD101557,2024-12-05,Riya Rao,29.0,Male,Lucknow,Beauty & Personal Care,Face Wash 100ml,4.0,132.69,5.0,7.0,Debit Card,3.0,0.0,NEWUSER15,,2024,December,Thursday,4,504.222,low
ORD100545,2023-02-18,Aadhya Kulkarni,49.0,Male,Indore,Beauty & Personal Care,Face Wash 100ml,2.0,861.56,5.0,3.0,Credit Card,0.0,0.0,,,2023,February,Saturday,1,1636.9639999999997,low
ORD100212,2023-01-25,Diya Iyer,44.0,Female,Lucknow,Electronics,Bluetooth Earbuds,2.0,2424.7,10.0,8.0,Net Banking,5.0,0.0,,,2023,January,Wednesday,1,4364.46,low
ORD100896,2024-04-08,Priya Kulkarni,24.0,Male,Delhi,Electronics,USB-C Cable,1.0,1892.66,40.0,3.0,Debit Card,3.0,150.0,WELCOME50,,2024,April,Monday,2,1285.596,low
ORD101941,2023-08-19,Diya Singh,24.0,Female,Chandigarh,Apparel,Formal Shirt,2.0,355.13,10.0,7.0,UPI,0.0,0.0,SAVE10,,2023,August,Saturday,3,639.234,low
ORD101891,2023-08-12,Vivaan Pillai,17.0,Male,Delhi,Beauty & Personal Care,Body Lotion,1.0,113.84,10.0,9.0,Net Banking,4.0,0.0,,,2023,August,Saturday,3,102.456,low
ORD100916,2024-05-09,Aditya Nair,34.0,Male,Lucknow,Electronics,Portable Speaker,3.0,2271.02,20.0,3.0,UPI,4.0,0.0,,,2024,May,Thursday,2,4807.712,low
ORD102723,2023-12-10,Anika Sharma,48.0,Male,Chennai,Electronics,Wireless Mouse,4.0,1186.4,10.0,3.0,Credit Card,0.0,0.0,,,2023,December,Sunday,4,4271.040000000001,low
ORD101289,2024-07-20,Aditya Joshi,33.0,Male,Chennai,Beauty & Personal Care,Face Wash 100ml,1.0,280.82,15.0,8.0,UPI,0.0,0.0,,,2024,July,Saturday,3,238.69699999999997,low
ORD100814,2024-12-09,Aditya Agarwal,31.0,Male,Indore,Beauty & Personal Care,Lip Balm Pack,2.0,899.15,15.0,4.0,UPI,0.0,0.0,,,2024,December,Monday,4,1528.5549999999998,low
ORD101265,2023-02-03,Reyansh Singh,28.0,Female,Bengaluru,Apparel,Woolen Sweater,1.0,2603.435,15.0,2.0,Credit Card,5.0,0.0,,,2023,February,Friday,1,4807.712,low
ORD100342,2024-07-20,Karan Joshi,40.0,Female,Indore,Apparel,Women Kurti,2.0,811.63,10.0,6.0,Net Banking,0.0,80.0,,,2024,July,Saturday,3,1540.934,low
ORD102597,2024-10-20,Vivaan Pillai,53.0,Female,Chennai,Footwear,Casual Sneakers,1.0,1608.23,25.0,7.0,Cash on Delivery,4.0,0.0,,,2024,October,Sunday,4,1206.1725000000001,low
ORD101410,2023-02-25,Priya Menon,26.0,Female,Delhi,Electronics,Power Bank 10000mAh,2.0,942.59,20.0,9.0,UPI,4.0,0.0,,,2023,February,Saturday,1,1508.1440000000002,low
ORD101214,2024-12-03,Ishita Patel,32.0,Male,Bengaluru,Grocery,Instant Noodles Pack,4.0,409.71,20.0,7.0,UPI,5.0,0.0,,,2024,December,Tuesday,4,1311.0720000000001,low
ORD100966,2024-07-02,Vihaan Sharma,32.0,Female,Surat,Electronics,LED Bulb Smart,1.0,1448.6,10.0,3.0,Cash on Delivery,4.0,0.0,,,2024,July,Tuesday,3,1303.74,low
ORD101230,2025-01-18,Rohan Pillai,33.0,Male,Kolkata,Electronics,Portable Speaker,1.0,1469.78,40.0,8.0,Credit Card,0.0,100.0,,,2025,January,Saturday,1,981.8679999999999,low
ORD102343,2024-11-03,Priya Iyer,43.0,Male,Hyderabad,Beauty & Personal Care,Body Lotion,2.0,109.38,0.0,8.0,UPI,3.0,0.0,,Quality Not as Expected,2024,November,Sunday,4,218.76,low
ORD100695,2023-08-19,Sai Deshmukh,56.5,Female,Chandigarh,Grocery,Basmati Rice 5kg,1.0,335.74,20.0,4.0,UPI,0.0,80.0,,,2023,August,Saturday,3,348.59200000000004,low
ORD102121,2025-05-18,Krishna Agarwal,33.0,Male,Ahmedabad,Beauty & Personal Care,Face Wash 100ml,1.0,894.73,5.0,3.0,Debit Card,4.0,0.0,,,2025,May,Sunday,2,849.9934999999999,low
ORD100605,2023-10-08,Ishita Mehta,28.0,Female,Chennai,Apparel,Denim Jeans,4.0,840.49,15.0,7.0,Cash on Delivery,0.0,0.0,,Quality Not as Expected,2023,October,Sunday,4,2857.666,low
ORD100104,2024-12-17,Neha Nair,25.0,Male,Lucknow,Beauty & Personal Care,Body Lotion,2.0,326.65,5.0,3.0,Credit Card,5.0,0.0,,,2024,December,Tuesday,4,620.6349999999999,low
ORD100645,2024-01-12,Karan Shah,39.0,Female,Pune,Apparel,Women Kurti,2.0,301.77,0.0,6.0,UPI,4.0,80.0,,,2024,January,Friday,1,683.54,low
ORD101404,2023-06-11,Ishaan Deshmukh,31.0,Male,Ahmedabad,Electronics,Wireless Mouse,2.0,632.54,0.0,14.0,UPI,0.0,0.0,FEST20,,2023,June,Sunday,2,1265.08,low
ORD100494,2023-09-22,Riya Rao,42.0,Female,Ahmedabad,Beauty & Personal Care,Perfume 50ml,1.0,593.82,20.0,2.0,UPI,4.0,80.0,,,2023,September,Friday,3,555.056,low
ORD102487,2023-02-20,Aarav Nair,22.0,Male,Indore,Electronics,Bluetooth Earbuds,1.0,1116.11,0.0,4.0,UPI,0.0,150.0,NEWUSER15,,2023,February,Monday,1,1266.11,low
ORD100091,2025-01-03,Rahul Verma,55.0,Female,Ahmedabad,Electronics,Smartwatch Band,1.0,2231.81,15.0,2.0,UPI,0.0,0.0,NEWUSER15,,2025,January,Friday,1,1897.0384999999999,low
ORD101112,2023-06-25,Rahul Patel,41.0,Male,Lucknow,Electronics,Wireless Mouse,1.0,524.87,15.0,7.0,UPI,3.0,0.0,,,2023,June,Sunday,2,446.1395,low
ORD100908,2023-12-05,Riya Deshmukh,18.0,Female,Jaipur,Beauty & Personal Care,Hair Oil 200ml,2.0,184.41,0.0,9.0,Net Banking,5.0,60.0,,,2023,December,Tuesday,4,428.82,low
ORD101474,2025-06-09,Arjun Pillai,37.0,Male,Bengaluru,Footwear,Running Shoes,2.0,2012.65,10.0,7.0,Credit Card,5.0,80.0,,,2025,June,Monday,2,3702.7700000000004,low
ORD101741,2024-11-08,Neha Patel,17.0,Male,Chandigarh,Apparel,Kids Hoodie,1.0,328.74,0.0,2.0,Credit Card,0.0,0.0,,,2024,November,Friday,4,328.74,low
ORD102150,2023-10-26,Ishaan Shah,36.0,Male,Kochi,Footwear,Sandals,4.0,1746.73,40.0,7.0,UPI,1.0,80.0,,,2023,October,Thursday,4,4272.152,low
ORD100238,2023-11-23,Riya Sharma,31.0,Male,Hyderabad,Electronics,Power Bank 10000mAh,1.0,1541.08,5.0,9.0,Debit Card,2.0,0.0,,,2023,November,Thursday,4,1464.0259999999998,low
ORD100942,2025-04-12,Kavya Bhat,36.0,Male,Hyderabad,Beauty & Personal Care,Lip Balm Pack,4.0,483.27,15.0,2.0,UPI,4.0,80.0,,,2025,April,Saturday,2,1723.118,low
ORD101270,2023-12-03,Ishaan Kapoor,30.0,Female,Delhi,Beauty & Personal Care,Herbal Shampoo,5.0,104.76,15.0,6.0,Debit Card,3.0,150.0,,,2023,December,Sunday,4,595.23,low
ORD100938,2024-02-25,Krishna Deshmukh,46.0,Male,Hyderabad,Beauty & Personal Care,Beard Trimmer,3.0,658.61,20.0,7.0,UPI,3.0,60.0,,,2024,February,Sunday,1,1640.664,low
ORD101424,2023-08-21,Sneha Kapoor,30.0,Male,Bengaluru,Apparel,Woolen Sweater,3.0,704.44,10.0,9.0,Debit Card,0.0,40.0,,,2023,August,Monday,3,1941.9880000000003,low
ORD101862,2023-12-04,Sai Mehta,33.0,Male,Lucknow,Electronics,Smartphone Cover,3.0,1376.43,5.0,9.0,UPI,0.0,0.0,WELCOME50,,2023,December,Monday,4,3922.8255,low
ORD101669,2024-10-23,Diya Joshi,49.0,Female,Ahmedabad,Beauty & Personal Care,Hair Oil 200ml,1.0,593.46,15.0,6.0,UPI,0.0,60.0,,Defective Product,2024,October,Wednesday,4,564.441,low
ORD100005,2025-02-21,Kavya Sharma,27.0,Male,Indore,Electronics,Smartphone Cover,3.0,2037.39,0.0,9.0,Debit Card,0.0,0.0,,,2025,February,Friday,1,4807.712,low
ORD100247,2023-11-02,Ishaan Pillai,44.0,Male,Pune,Apparel,Women Kurti,2.0,866.52,5.0,7.0,UPI,4.0,0.0,NEWUSER15,,2023,November,Thursday,4,1646.388,low
ORD100018,2025-02-04,Priya Chopra,33.0,Male,Nagpur,Apparel,Women Kurti,1.0,1002.67,0.0,4.0,Cash on Delivery,3.0,0.0,FLAT100,,2025,February,Tuesday,1,1002.67,low
ORD102169,2025-06-10,Navya Sharma,26.0,Male,Hyderabad,Grocery,Instant Noodles Pack,1.0,658.36,0.0,9.0,UPI,4.0,0.0,,,2025,June,Tuesday,2,658.36,low
ORD101970,2025-01-24,Ishaan Mehta,33.0,Male,Lucknow,Home & Kitchen,Curtain Set,3.0,1611.39,20.0,9.0,Credit Card,4.0,0.0,,,2025,January,Friday,1,3867.3360000000002,low
ORD102709,2025-03-07,Aditya Agarwal,37.0,Female,Pune,Grocery,Honey 500g,1.0,111.6,15.0,2.0,Credit Card,2.0,0.0,,,2025,March,Friday,1,94.86,low
ORD102232,2023-01-22,Vivaan Kulkarni,48.0,Male,Lucknow,Apparel,Sports Track Pant,2.0,477.17,0.0,7.0,Credit Card,5.0,100.0,,,2023,January,Sunday,1,1054.3400000000001,low
ORD102322,2023-11-04,Vihaan Kapoor,37.0,Male,Hyderabad,Home & Kitchen,Cotton Bedsheet Set,1.0,271.11,5.0,7.0,Credit Card,5.0,0.0,NEWUSER15,,2023,November,Saturday,4,257.5545,low
ORD102481,2025-02-22,Amit Bhat,40.0,Female,Jaipur,Electronics,Portable Speaker,1.0,2159.94,20.0,2.0,Debit Card,4.0,60.0,FLAT100,,2025,February,Saturday,1,1787.9520000000002,low
ORD100811,2024-11-01,Amit Rao,49.0,Male,Indore,Footwear,Sandals,2.0,1782.67,10.0,4.0,Credit Card,0.0,0.0,,,2024,November,Friday,4,3208.806,low
ORD101300,2024-11-23,Ishita Rao,44.0,Female,Jaipur,Electronics,Portable Speaker,1.0,1841.27,40.0,8.0,Debit Card,5.0,0.0,,,2024,November,Saturday,4,1104.762,low
ORD101335,2025-06-28,Ananya Kulkarni,39.0,Male,Lucknow,Grocery,Cooking Oil 1L,2.0,543.21,15.0,3.0,Debit Card,3.0,0.0,FEST20,,2025,June,Saturday,2,923.457,low
ORD102942,2024-11-26,Sara Mehta,35.0,Male,Hyderabad,Beauty & Personal Care,Perfume 50ml,2.0,239.47,30.0,8.0,Net Banking,4.0,100.0,FEST20,Size Issue,2024,November,Tuesday,4,435.258,low
ORD100260,2024-11-19,Navya Gupta,17.0,Male,Kochi,Apparel,Denim Jeans,1.0,712.3,5.0,6.0,Credit Card,0.0,40.0,,,2024,November,Tuesday,4,716.685,low
ORD101804,2023-04-27,Sara Menon,50.0,Male,Nagpur,Electronics,USB-C Cable,3.0,1454.16,20.0,5.0,UPI,5.0,60.0,,,2023,April,Thursday,2,3549.9840000000004,low
ORD101570,2023-03-14,Sara Kapoor,23.0,Female,Pune,Electronics,LED Bulb Smart,1.0,1244.18,0.0,5.0,Debit Card,5.0,0.0,FLAT100,,2023,March,Tuesday,1,1244.18,low
ORD102229,2025-06-12,Neha Singh,37.0,Male,Chennai,Home & Kitchen,Wall Clock,1.0,1571.54,42.5,8.0,Debit Card,0.0,40.0,SAVE10,Changed Mind,2025,June,Thursday,2,825.77,low
ORD100184,2024-03-27,Riya Joshi,34.0,Male,Lucknow,Home & Kitchen,Steel Water Bottle,3.0,1371.68,0.0,6.0,Debit Card,5.0,40.0,,,2024,March,Wednesday,1,4155.04,low
ORD102454,2025-01-26,Sara Singh,30.0,Female,Bengaluru,Beauty & Personal Care,Lip Balm Pack,1.0,653.95,30.0,3.0,Net Banking,0.0,0.0,SAVE10,,2025,January,Sunday,1,457.765,low
ORD101743,2023-01-22,Rahul Agarwal,37.0,Male,Pune,Footwear,Flip Flops,4.0,602.03,0.0,7.0,UPI,4.0,100.0,,,2023,January,Sunday,1,2508.12,low
ORD101630,2024-06-05,Vivaan Rao,43.0,Male,Pune,Apparel,Sports Track Pant,1.0,1009.85,25.0,6.0,Net Banking,5.0,0.0,WELCOME50,,2024,June,Wednesday,2,757.3875,low
ORD101716,2024-08-11,Aadhya Sharma,29.0,Female,Lucknow,Grocery,Assorted Dry Fruits,4.0,264.29,10.0,8.0,UPI,4.0,80.0,WELCOME50,,2024,August,Sunday,3,1031.444,low
ORD100520,2024-10-13,Neha Agarwal,40.0,Male,Chandigarh,Grocery,Green Tea Pack,1.0,303.52,10.0,5.0,UPI,0.0,100.0,,,2024,October,Sunday,4,373.168,low
ORD102428,2024-11-18,Nikhil Pillai,28.0,Male,Delhi,Apparel,Formal Shirt,2.0,724.92,0.0,8.0,Cash on Delivery,0.0,0.0,,,2024,November,Monday,4,1449.84,low
ORD102016,2024-10-08,Anika Joshi,39.0,Female,Kolkata,Electronics,Portable Speaker,1.0,1262.81,15.0,3.0,Debit Card,0.0,60.0,,,2024,October,Tuesday,4,1133.3885,low
ORD101658,2025-02-03,Vivaan Deshmukh,34.0,Female,Bengaluru,Home & Kitchen,Storage Container Set,4.0,1395.08,0.0,6.0,Net Banking,0.0,150.0,,,2025,February,Monday,1,4807.712,low
ORD101612,2024-09-02,Riya Kapoor,41.0,Female,Chandigarh,Home & Kitchen,Wall Clock,1.0,1362.95,15.0,3.0,Debit Card,5.0,60.0,,,2024,September,Monday,3,1218.5075,low
ORD102475,2024-01-21,Rahul Rao,40.0,Male,Indore,Apparel,Woolen Sweater,4.0,1276.13,5.0,3.0,Credit Card,2.0,0.0,,Quality Not as Expected,2024,January,Sunday,1,4807.712,low
ORD102126,2023-10-08,Sai Chopra,45.0,Male,Jaipur,Electronics,USB-C Cable,5.0,1907.5,0.0,7.0,Cash on Delivery,5.0,0.0,,,2023,October,Sunday,4,4807.712,low
ORD100607,2024-01-19,Pari Verma,24.0,Male,Jaipur,Home & Kitchen,LED Table Lamp,1.0,1522.8,0.0,6.0,Cash on Delivery,5.0,0.0,,,2024,January,Friday,1,1522.8,low
ORD100230,2024-02-26,Kavya Deshmukh,34.0,Female,Delhi,Apparel,Denim Jeans,2.0,1158.74,5.0,7.0,Debit Card,4.0,0.0,,,2024,February,Monday,1,2201.6059999999998,low
ORD100331,2023-12-04,Arjun Rao,34.0,Male,Indore,Electronics,Smartwatch Band,4.0,1601.5,0.0,9.0,Credit Card,5.0,0.0,WELCOME50,,2023,December,Monday,4,4807.712,low
ORD101440,2024-12-11,Aadhya Sharma,40.0,Male,Delhi,Electronics,LED Bulb Smart,1.0,2147.05,20.0,8.0,UPI,0.0,0.0,,,2024,December,Wednesday,4,1717.6400000000003,low
ORD101927,2023-04-25,Riya Deshmukh,45.0,Male,Ahmedabad,Grocery,Cooking Oil 1L,4.0,402.67,42.5,4.0,Credit Card,4.0,100.0,,,2023,April,Tuesday,2,905.34,low
ORD101091,2024-02-13,Arjun Kapoor,30.0,Male,Chandigarh,Grocery,Green Tea Pack,3.0,336.12,20.0,4.0,Credit Card,5.0,0.0,,,2024,February,Tuesday,1,806.6880000000001,low
ORD101101,2024-03-03,Ishita Mehta,34.0,Female,Ahmedabad,Electronics,Wireless Mouse,5.0,1368.04,40.0,7.0,Debit Card,0.0,0.0,SAVE10,Quality Not as Expected,2024,March,Sunday,1,4104.12,low
ORD101129,2024-08-14,Pari Sharma,35.0,Male,Hyderabad,Beauty & Personal Care,Face Wash 100ml,2.0,779.19,20.0,3.0,Credit Card,0.0,100.0,,,2024,August,Wednesday,3,1346.7040000000002,low
ORD100461,2023-05-08,Pari Pillai,28.0,Female,Chennai,Apparel,Kids Hoodie,3.0,705.57,0.0,8.0,Credit Card,5.0,0.0,,Late Delivery,2023,May,Monday,2,2116.71,low
ORD100958,2025-06-04,Aditya Shah,31.0,Female,Ahmedabad,Beauty & Personal Care,Lip Balm Pack,1.0,537.72,0.0,4.0,UPI,2.0,0.0,,,2025,June,Wednesday,2,537.72,low
ORD101662,2023-06-18,Pooja Deshmukh,30.0,Female,Bengaluru,Apparel,Denim Jeans,1.0,913.0,10.0,4.0,Debit Card,4.0,60.0,NEWUSER15,,2023,June,Sunday,2,881.7,low
ORD100559,2025-02-14,Vivaan Chopra,31.0,Male,Nagpur,Footwear,Casual Sneakers,1.0,1139.15,20.0,6.0,Net Banking,4.0,60.0,,,2025,February,Friday,1,971.3200000000002,low
ORD102738,2024-03-24,Krishna Reddy,20.0,Male,Indore,Home & Kitchen,Steel Water Bottle,2.0,572.27,0.0,6.0,UPI,5.0,0.0,,,2024,March,Sunday,1,1144.54,low
ORD101519,2024-02-24,Ishaan Rao,24.0,Male,Kochi,Electronics,LED Bulb Smart,3.0,2434.2,10.0,5.0,UPI,5.0,0.0,FEST20,,2024,February,Saturday,1,4807.712,low
ORD102140,2024-09-30,Vihaan Reddy,26.0,Female,Indore,Beauty & Personal Care,Hair Oil 200ml,1.0,564.18,0.0,5.0,UPI,4.0,0.0,FEST20,,2024,September,Monday,3,564.18,low
ORD102941,2025-05-03,Sara Verma,36.0,Male,Ahmedabad,Home & Kitchen,Curtain Set,1.0,668.21,15.0,2.0,Credit Card,4.0,100.0,,,2025,May,Saturday,2,667.9785,low
ORD102032,2023-03-24,Ananya Patel,36.0,Female,Bengaluru,Home & Kitchen,Kitchen Organizer,1.0,1482.44,42.5,4.0,Credit Card,2.0,80.0,,,2023,March,Friday,1,821.22,low
ORD102484,2023-11-18,Anika Agarwal,46.0,Female,Kochi,Beauty & Personal Care,Face Wash 100ml,4.0,215.85,5.0,5.0,UPI,0.0,40.0,,,2023,November,Saturday,4,860.2299999999999,low
ORD102538,2024-04-28,Sara Kapoor,54.0,Male,Surat,Grocery,Honey 500g,1.0,235.43,25.0,4.0,UPI,4.0,0.0,,,2024,April,Sunday,2,176.5725,low
ORD102097,2025-02-23,Vivaan Chopra,35.0,Male,Mumbai,Apparel,Sports Track Pant,3.0,1104.33,20.0,7.0,UPI,4.0,0.0,,,2025,February,Sunday,1,2650.392,low
ORD101572,2024-01-17,Navya Kulkarni,32.0,Male,Kolkata,Footwear,Sandals,1.0,548.26,0.0,5.0,Debit Card,3.0,0.0,,,2024,January,Wednesday,1,548.26,low
ORD100808,2023-12-23,Rohan Gupta,28.0,Male,Chandigarh,Electronics,Power Bank 10000mAh,1.0,1746.55,10.0,8.0,Cash on Delivery,5.0,60.0,,,2023,December,Saturday,4,1631.895,low
ORD100011,2025-06-07,Rohan Menon,31.0,Female,Nagpur,Footwear,Formal Leather Shoes,3.0,1223.76,0.0,9.0,UPI,4.0,100.0,,,2025,June,Saturday,2,3771.2799999999997,low
ORD102192,2023-11-01,Ishita Shah,35.0,Other,Indore,Footwear,Sandals,2.0,939.8,25.0,3.0,UPI,4.0,0.0,WELCOME50,,2023,November,Wednesday,4,1409.6999999999998,low
ORD100917,2024-12-15,Vivaan Patel,35.0,Female,Lucknow,Grocery,Basmati Rice 5kg,1.0,454.59,0.0,5.0,Credit Card,1.0,60.0,WELCOME50,,2024,December,Sunday,4,514.5899999999999,low
ORD101451,2023-02-07,Aadhya Bhat,45.0,Male,Nagpur,Apparel,Women Kurti,1.0,786.67,0.0,6.0,UPI,0.0,60.0,,Quality Not as Expected,2023,February,Tuesday,1,846.67,low
ORD102687,2024-05-29,Aadhya Nair,19.0,Female,Kolkata,Electronics,Portable Speaker,2.0,517.81,5.0,6.0,UPI,2.0,60.0,,,2024,May,Wednesday,2,1043.839,low
ORD100176,2024-10-15,Sneha Chopra,33.0,Male,Kochi,Grocery,Green Tea Pack,1.0,533.76,0.0,4.0,Debit Card,2.0,40.0,,,2024,October,Tuesday,4,573.76,low
ORD100994,2024-04-27,Arjun Pillai,27.0,Male,Indore,Electronics,Smartphone Cover,3.0,2011.43,5.0,7.0,Debit Card,3.0,0.0,,,2024,April,Saturday,2,4807.712,low
ORD102488,2024-04-23,Ishita Rao,34.0,Male,Bengaluru,Beauty & Personal Care,Herbal Shampoo,4.0,454.36,20.0,2.0,UPI,3.0,0.0,,,2024,April,Tuesday,2,1453.9520000000002,low
ORD102569,2025-04-24,Amit Shah,34.0,Female,Ahmedabad,Apparel,Woolen Sweater,2.0,1009.54,10.0,6.0,Debit Card,0.0,100.0,,,2025,April,Thursday,2,1917.172,low
ORD101255,2023-11-01,Krishna Mehta,42.0,Male,Ahmedabad,Beauty & Personal Care,Beard Trimmer,1.0,753.49,0.0,8.0,UPI,5.0,0.0,,,2023,November,Wednesday,4,753.49,low
ORD101664,2023-12-14,Pooja Menon,26.0,Female,Ahmedabad,Home & Kitchen,Non-Stick Pan,2.0,1671.91,5.0,7.0,UPI,3.0,0.0,,,2023,December,Thursday,4,3176.629,low
ORD102191,2024-01-09,Krishna Chopra,41.0,Male,Hyderabad,Footwear,Sandals,1.0,1435.26,30.0,8.0,Net Banking,5.0,0.0,,,2024,January,Tuesday,1,1004.6819999999999,low
ORD102801,2024-02-10,Priya Singh,32.0,Male,Chennai,Home & Kitchen,Cotton Bedsheet Set,4.0,856.31,0.0,5.0,Credit Card,4.0,0.0,,,2024,February,Saturday,1,3425.24,low
ORD102567,2023-10-09,Navya Deshmukh,38.0,Male,Chandigarh,Apparel,Woolen Sweater,2.0,2603.435,0.0,6.0,UPI,0.0,100.0,,,2023,October,Monday,4,4807.712,low
ORD101790,2023-10-11,Ishita Gupta,36.0,Female,Lucknow,Electronics,Smartwatch Band,1.0,2418.91,5.0,2.0,UPI,4.0,0.0,,,2023,October,Wednesday,4,2297.9644999999996,low
ORD102476,2024-04-20,Priya Bhat,25.0,Male,Mumbai,Grocery,Basmati Rice 5kg,3.0,219.99,42.5,7.0,UPI,4.0,80.0,,,2024,April,Saturday,2,80.0,low
ORD102660,2024-02-01,Priya Mehta,33.0,Male,Pune,Home & Kitchen,Cotton Bedsheet Set,2.0,811.77,0.0,8.0,UPI,1.0,0.0,,,2024,February,Thursday,1,1623.54,low
ORD100156,2023-04-26,Vivaan Menon,34.0,Female,Kolkata,Home & Kitchen,Wall Clock,2.0,1353.41,0.0,6.0,Debit Card,0.0,0.0,,,2023,April,Wednesday,2,2706.82,low
ORD102587,2023-10-20,Arjun Menon,42.0,Male,Lucknow,Grocery,Assorted Dry Fruits,1.0,546.69,0.0,7.0,Credit Card,1.0,0.0,,,2023,October,Friday,4,546.69,low
ORD101460,2024-12-20,Kabir Rao,34.0,Female,Chandigarh,Beauty & Personal Care,Sunscreen SPF50,2.0,2603.435,15.0,7.0,UPI,5.0,40.0,NEWUSER15,,2024,December,Friday,4,4807.712,low
ORD102046,2024-01-01,Diya Menon,18.0,Male,Kochi,Apparel,Ethnic Saree,1.0,665.85,15.0,9.0,UPI,0.0,0.0,,Defective Product,2024,January,Monday,1,565.9725,low
ORD101850,2023-12-07,Myra Deshmukh,37.0,Male,Chandigarh,Apparel,Formal Shirt,2.0,1448.34,0.0,6.0,Credit Card,4.0,100.0,,Size Issue,2023,December,Thursday,4,2996.68,low
ORD102509,2023-04-22,Kavya Mehta,31.0,Male,Lucknow,Grocery,Instant Noodles Pack,1.0,664.66,5.0,5.0,Credit Card,0.0,0.0,,,2023,April,Saturday,2,631.4269999999999,low
ORD102303,2025-03-11,Navya Nair,34.0,Female,Kolkata,Footwear,Formal Leather Shoes,1.0,1327.32,10.0,3.0,Credit Card,0.0,60.0,,,2025,March,Tuesday,1,1254.588,low
ORD102005,2023-04-28,Amit Reddy,39.0,Male,Surat,Beauty & Personal Care,Lip Balm Pack,1.0,387.36,25.0,4.0,UPI,5.0,0.0,,,2023,April,Friday,2,290.52,low
ORD101185,2023-10-08,Karan Chopra,34.0,Male,Lucknow,Grocery,Cooking Oil 1L,2.0,405.0,25.0,5.0,UPI,3.0,60.0,FEST20,,2023,October,Sunday,4,667.5,low
ORD101006,2025-02-13,Sara Deshmukh,41.0,Male,Chennai,Grocery,Cooking Oil 1L,1.0,2603.435,20.0,4.0,UPI,0.0,100.0,,,2025,February,Thursday,1,2690.962531575873,low
ORD102256,2024-12-26,Aadhya Pillai,38.0,Male,Indore,Grocery,Green Tea Pack,1.0,249.87,25.0,4.0,Credit Card,1.0,0.0,,,2024,December,Thursday,4,187.4025,low
ORD100910,2024-12-02,Pooja Agarwal,33.0,Male,Chandigarh,Home & Kitchen,Wall Clock,4.0,874.64,5.0,8.0,Net Banking,4.0,40.0,,,2024,December,Monday,4,3363.6319999999996,low
ORD101311,2023-11-14,Ananya Sharma,49.0,Female,Delhi,Grocery,Green Tea Pack,1.0,359.14,10.0,3.0,UPI,4.0,40.0,,,2023,November,Tuesday,4,363.226,low
ORD102049,2024-08-24,Aarav Agarwal,35.0,Other,Delhi,Electronics,Smartwatch Band,1.0,1085.57,15.0,3.0,UPI,4.0,100.0,,,2024,August,Saturday,3,1022.7344999999999,low
ORD100269,2024-06-22,Sai Joshi,51.0,Male,Kochi,Footwear,Formal Leather Shoes,1.0,1332.41,0.0,9.0,Credit Card,0.0,80.0,FLAT100,,2024,June,Saturday,2,1412.41,low
ORD101993,2024-08-05,Rahul Sharma,35.0,Female,Nagpur,Grocery,Green Tea Pack,3.0,665.88,5.0,6.0,UPI,4.0,0.0,,,2024,August,Monday,3,1897.7579999999998,low
ORD100265,2024-06-13,Anika Chopra,32.0,Other,Surat,Grocery,Assorted Dry Fruits,4.0,80.35,15.0,8.0,Net Banking,5.0,0.0,,,2024,June,Thursday,2,273.19,low
ORD100914,2024-06-23,Priya Agarwal,26.0,Male,Bengaluru,Grocery,Basmati Rice 5kg,4.0,610.61,0.0,2.0,Credit Card,0.0,0.0,FLAT100,,2024,June,Sunday,2,2442.44,low
ORD102278,2023-10-22,Navya Patel,39.0,Female,Lucknow,Apparel,Woolen Sweater,5.0,380.85,5.0,8.0,Debit Card,5.0,80.0,,,2023,October,Sunday,4,1889.0375,low
ORD102231,2023-01-09,Anika Verma,42.0,Male,Kochi,Electronics,Smartwatch Band,4.0,1450.73,5.0,5.0,UPI,3.0,0.0,,,2023,January,Monday,1,4807.712,low
ORD100873,2023-04-24,Aarav Menon,28.0,Female,Jaipur,Electronics,Portable Speaker,2.0,2405.62,5.0,6.0,UPI,2.0,0.0,NEWUSER15,,2023,April,Monday,2,4570.678,low
ORD102093,2023-06-30,Arjun Agarwal,40.0,Male,Hyderabad,Home & Kitchen,Non-Stick Pan,5.0,1154.44,15.0,3.0,Debit Card,0.0,0.0,SAVE10,,2023,June,Friday,2,4807.712,low
ORD102446,2024-12-05,Rohan Gupta,30.0,Male,Hyderabad,Footwear,Sandals,3.0,1423.79,30.0,7.0,Debit Card,3.0,150.0,,,2024,December,Thursday,4,3139.959,low
ORD100475,2024-12-15,Ishaan Singh,52.0,Female,Lucknow,Electronics,LED Bulb Smart,6.0,553.2,42.5,8.0,UPI,4.0,80.0,,Changed Mind,2024,December,Sunday,4,4807.712, very large
ORD101652,2023-02-17,Pari Joshi,32.0,Male,Lucknow,Apparel,Denim Jeans,1.0,1060.85,10.0,3.0,Credit Card,0.0,0.0,,,2023,February,Friday,1,954.765,low
ORD101960,2024-01-16,Ananya Nair,34.0,Male,Lucknow,Beauty & Personal Care,Sunscreen SPF50,4.0,307.89,20.0,6.0,Debit Card,3.0,80.0,,,2024,January,Tuesday,1,1065.248,low
ORD100161,2024-08-28,Rahul Chopra,35.0,Female,Bengaluru,Footwear,Sandals,1.0,799.84,25.0,5.0,UPI,2.0,0.0,,,2024,August,Wednesday,3,599.88,low
ORD102775,2023-10-02,Karan Deshmukh,23.0,Female,Ahmedabad,Grocery,Spices Combo Pack,1.0,276.88,25.0,3.0,UPI,2.0,0.0,,,2023,October,Monday,4,207.66,low
ORD102677,2023-12-05,Anika Verma,41.0,Female,Kolkata,Beauty & Personal Care,Beard Trimmer,3.0,843.17,10.0,2.0,Net Banking,1.0,0.0,,,2023,December,Tuesday,4,2276.5589999999997,low
ORD100288,2024-05-08,Pooja Reddy,56.5,Female,Nagpur,Footwear,Flip Flops,2.0,982.32,15.0,8.0,Credit Card,5.0,100.0,,,2024,May,Wednesday,2,1769.944,low
ORD101948,2023-01-02,Sneha Mehta,22.0,Female,Indore,Electronics,Wireless Mouse,2.0,2304.8,42.5,9.0,Debit Card,0.0,100.0,,,2023,January,Monday,1,2404.8,low
ORD100575,2023-12-07,Ishaan Iyer,28.0,Male,Ahmedabad,Beauty & Personal Care,Herbal Shampoo,3.0,365.05,10.0,4.0,Credit Card,5.0,0.0,,,2023,December,Thursday,4,985.6350000000001,low
ORD100850,2023-10-23,Reyansh Kapoor,50.0,Male,Surat,Footwear,Formal Leather Shoes,1.0,1981.13,5.0,2.0,Cash on Delivery,3.0,0.0,,,2023,October,Monday,4,1882.0735,low
ORD100911,2023-06-17,Arjun Agarwal,39.0,Female,Ahmedabad,Electronics,Portable Speaker,2.0,890.1,0.0,2.0,UPI,3.0,40.0,NEWUSER15,,2023,June,Saturday,2,1820.2,low
ORD101254,2024-08-15,Sai Patel,35.0,Male,Indore,Beauty & Personal Care,Hair Oil 200ml,3.0,629.7,0.0,4.0,Credit Card,3.0,60.0,FLAT100,,2024,August,Thursday,3,1949.1000000000001,low
ORD101833,2023-03-07,Neha Patel,24.0,Female,Nagpur,Beauty & Personal Care,Sunscreen SPF50,4.0,110.48,10.0,9.0,Debit Card,5.0,0.0,,,2023,March,Tuesday,1,397.728,low
ORD101722,2024-08-17,Rohan Agarwal,29.0,Female,Bengaluru,Footwear,Flip Flops,2.0,1100.71,0.0,3.0,UPI,5.0,0.0,,,2024,August,Saturday,3,2201.42,low
ORD102133,2023-11-12,Aadhya Shah,37.0,Male,Kochi,Beauty & Personal Care,Perfume 50ml,2.0,499.61,5.0,9.0,Debit Card,0.0,0.0,,,2023,November,Sunday,4,949.259,low
ORD101735,2024-12-28,Sneha Gupta,47.0,Male,Delhi,Apparel,Men Cotton T-Shirt,4.0,1235.01,15.0,3.0,UPI,4.0,60.0,NEWUSER15,,2024,December,Saturday,4,4259.034,low
ORD101207,2023-11-23,Rahul Agarwal,33.0,Female,Pune,Electronics,Portable Speaker,3.0,1034.07,5.0,3.0,Debit Card,4.0,100.0,,,2023,November,Thursday,4,3047.0995,low
ORD102295,2024-12-25,Amit Menon,31.0,Male,Kochi,Footwear,Running Shoes,1.0,1838.1,15.0,2.0,Debit Card,2.0,0.0,,,2024,December,Wednesday,4,1562.385,low
ORD101843,2024-01-10,Vivaan Gupta,34.0,Female,Kochi,Beauty & Personal Care,Body Lotion,1.0,761.18,30.0,6.0,UPI,5.0,40.0,,,2024,January,Wednesday,1,572.8259999999999,low
ORD101848,2024-04-19,Aditya Joshi,34.0,Male,Indore,Grocery,Cooking Oil 1L,1.0,312.6,20.0,5.0,UPI,4.0,0.0,,,2024,April,Friday,2,250.08000000000004,low
ORD102524,2023-02-26,Sara Menon,28.0,Male,Pune,Electronics,Bluetooth Earbuds,4.0,919.69,10.0,3.0,Debit Card,0.0,0.0,WELCOME50,,2023,February,Sunday,1,3310.8840000000005,low
ORD101694,2023-12-11,Ishaan Reddy,23.0,Female,Indore,Beauty & Personal Care,Lip Balm Pack,1.0,567.26,5.0,3.0,UPI,4.0,0.0,,,2023,December,Monday,4,538.8969999999999,low
ORD100085,2024-09-29,Rahul Nair,28.0,Male,Bengaluru,Footwear,Flip Flops,1.0,1585.62,15.0,4.0,Debit Card,5.0,0.0,WELCOME50,,2024,September,Sunday,3,1347.7769999999998,low
ORD100469,2023-01-02,Riya Sharma,30.0,Female,Kolkata,Electronics,LED Bulb Smart,1.0,1460.35,0.0,4.0,Credit Card,4.0,0.0,WELCOME50,,2023,January,Monday,1,1460.35,low
ORD102273,2023-11-18,Aditya Menon,34.0,Male,Bengaluru,Home & Kitchen,Cotton Bedsheet Set,2.0,1155.14,25.0,8.0,UPI,0.0,0.0,,Size Issue,2023,November,Saturday,4,1732.71,low
ORD102822,2024-11-12,Rahul Chopra,20.0,Female,Hyderabad,Apparel,Formal Shirt,2.0,528.09,0.0,4.0,UPI,3.0,40.0,FLAT100,,2024,November,Tuesday,4,1096.18,low
ORD102379,2024-08-18,Nikhil Patel,32.0,Female,Lucknow,Home & Kitchen,Non-Stick Pan,2.0,1032.18,10.0,3.0,UPI,3.0,0.0,,,2024,August,Sunday,3,1857.9240000000002,low
ORD100233,2024-11-22,Krishna Chopra,34.0,Male,Hyderabad,Home & Kitchen,Wall Clock,2.0,971.26,5.0,3.0,Credit Card,2.0,0.0,FEST20,,2024,November,Friday,4,1845.394,low
ORD102636,2023-11-02,Nikhil Menon,46.0,Male,Surat,Electronics,Smartwatch Band,1.0,1593.01,0.0,2.0,UPI,5.0,0.0,,,2023,November,Thursday,4,1593.01,low
ORD102523,2024-01-01,Sneha Joshi,49.0,Male,Indore,Home & Kitchen,Kitchen Organizer,1.0,1014.74,0.0,8.0,Credit Card,4.0,0.0,,,2024,January,Monday,1,1014.74,low
ORD102647,2024-01-09,Pooja Pillai,39.0,Male,Chandigarh,Apparel,Denim Jeans,2.0,1026.54,20.0,3.0,UPI,0.0,100.0,NEWUSER15,,2024,January,Tuesday,1,1742.464,low
ORD102469,2023-07-15,Navya Patel,34.0,Female,Bengaluru,Home & Kitchen,Storage Container Set,1.0,611.36,15.0,6.0,UPI,0.0,0.0,,,2023,July,Saturday,3,519.656,low
ORD101711,2023-11-26,Aadhya Singh,18.0,Male,Mumbai,Grocery,Assorted Dry Fruits,1.0,186.06,0.0,4.0,Net Banking,3.0,80.0,,,2023,November,Sunday,4,266.06,low
ORD100182,2024-03-29,Myra Singh,46.0,Female,Hyderabad,Grocery,Spices Combo Pack,1.0,612.92,20.0,7.0,Credit Card,0.0,40.0,FLAT100,,2024,March,Friday,1,530.336,low
ORD100988,2023-10-22,Ishita Shah,39.0,Female,Delhi,Apparel,Ethnic Saree,4.0,704.87,0.0,8.0,UPI,4.0,40.0,,Quality Not as Expected,2023,October,Sunday,4,2859.48,low
ORD101000,2025-01-06,Navya Reddy,24.0,Male,Jaipur,Apparel,Women Kurti,5.0,1453.42,20.0,4.0,UPI,5.0,100.0,,,2025,January,Monday,1,4807.712,low
ORD101641,2023-10-25,Ishaan Shah,27.0,Male,Delhi,Electronics,USB-C Cable,2.0,1315.84,0.0,2.0,UPI,1.0,0.0,,,2023,October,Wednesday,4,2631.68,low
ORD101356,2023-12-15,Kabir Joshi,34.0,Female,Kolkata,Electronics,Smartphone Cover,3.0,1769.62,15.0,3.0,UPI,5.0,0.0,,,2023,December,Friday,4,4512.531,low
ORD101462,2023-10-05,Aditya Joshi,32.0,Female,Surat,Grocery,Instant Noodles Pack,5.0,158.06,20.0,8.0,Credit Card,3.0,0.0,,,2023,October,Thursday,4,632.24,low
ORD100049,2024-12-10,Aadhya Gupta,28.0,Female,Kochi,Apparel,Ethnic Saree,3.0,561.28,5.0,7.0,Debit Card,5.0,60.0,FLAT100,,2024,December,Tuesday,4,1659.648,low
ORD102947,2023-10-04,Diya Pillai,45.0,Male,Indore,Grocery,Basmati Rice 5kg,4.0,594.52,15.0,5.0,UPI,5.0,150.0,,,2023,October,Wednesday,4,2171.368,low
ORD102577,2023-11-03,Pari Singh,49.0,Male,Delhi,Footwear,Running Shoes,3.0,741.83,15.0,4.0,UPI,0.0,0.0,,,2023,November,Friday,4,1891.6665,low
ORD101258,2024-05-07,Kabir Singh,28.0,Other,Jaipur,Apparel,Denim Jeans,2.0,1101.89,10.0,8.0,UPI,1.0,0.0,,,2024,May,Tuesday,2,1983.4020000000003,low
ORD100486,2023-11-01,Myra Bhat,26.0,Female,Bengaluru,Home & Kitchen,Wall Clock,1.0,959.7,5.0,5.0,Credit Card,0.0,0.0,,,2023,November,Wednesday,4,911.715,low
ORD102545,2023-11-25,Ishaan Singh,27.0,Male,Pune,Apparel,Sports Track Pant,4.0,387.06,5.0,9.0,UPI,0.0,0.0,,,2023,November,Saturday,4,1470.828,low
ORD101908,2023-02-03,Priya Patel,29.0,Male,Chennai,Beauty & Personal Care,Herbal Shampoo,1.0,682.98,20.0,6.0,UPI,1.0,0.0,,,2023,February,Friday,1,546.384,low
ORD100106,2024-12-11,Pari Gupta,20.0,Female,Bengaluru,Home & Kitchen,Cotton Bedsheet Set,2.0,960.18,0.0,6.0,Debit Card,0.0,150.0,,,2024,December,Wednesday,4,2070.3599999999997,low
ORD100443,2024-03-21,Ishaan Iyer,32.0,Male,Mumbai,Apparel,Formal Shirt,1.0,434.54,0.0,5.0,UPI,3.0,0.0,,,2024,March,Thursday,1,434.54,low
ORD101954,2025-06-03,Pari Iyer,20.0,Male,Surat,Grocery,Cooking Oil 1L,2.0,598.68,0.0,5.0,UPI,2.0,0.0,,Size Issue,2025,June,Tuesday,2,1197.36,low
ORD100646,2024-02-24,Reyansh Menon,34.0,Female,Hyderabad,Apparel,Kids Hoodie,2.0,582.86,15.0,6.0,UPI,4.0,150.0,,,2024,February,Saturday,1,1140.862,low
ORD101762,2023-11-23,Vivaan Reddy,51.0,Female,Lucknow,Footwear,Running Shoes,1.0,1765.75,10.0,9.0,UPI,0.0,0.0,FEST20,,2023,November,Thursday,4,1589.175,low
ORD100726,2024-10-19,Ishaan Kapoor,26.0,Female,Lucknow,Electronics,Smartphone Cover,3.0,779.39,0.0,4.0,Credit Card,1.0,0.0,,,2024,October,Saturday,4,2338.17,low
ORD102238,2024-01-19,Ishaan Agarwal,24.0,Female,Kochi,Home & Kitchen,LED Table Lamp,3.0,1304.92,5.0,2.0,UPI,0.0,0.0,NEWUSER15,,2024,January,Friday,1,3719.022,low
ORD101856,2023-12-08,Amit Sharma,50.0,Male,Pune,Beauty & Personal Care,Herbal Shampoo,1.0,462.92,15.0,3.0,Debit Card,0.0,60.0,FLAT100,,2023,December,Friday,4,453.482,low
ORD102330,2023-03-01,Anika Verma,49.0,Female,Surat,Footwear,Running Shoes,1.0,1268.66,10.0,2.0,Cash on Delivery,1.0,0.0,,,2023,March,Wednesday,1,1141.794,low
ORD100029,2024-02-08,Neha Sharma,46.0,Male,Kochi,Apparel,Women Kurti,1.0,1169.91,10.0,3.0,UPI,4.0,40.0,,,2024,February,Thursday,1,1092.919,low
ORD100169,2023-01-21,Reyansh Iyer,22.0,Male,Mumbai,Beauty & Personal Care,Perfume 50ml,3.0,321.91,5.0,8.0,UPI,5.0,0.0,NEWUSER15,,2023,January,Saturday,1,917.4435,low
ORD101001,2024-11-02,Sai Joshi,19.0,Female,Hyderabad,Grocery,Assorted Dry Fruits,2.0,331.26,5.0,4.0,Debit Card,4.0,0.0,,,2024,November,Saturday,4,629.394,low
ORD102148,2025-02-10,Aadhya Kulkarni,43.0,Male,Mumbai,Apparel,Men Cotton T-Shirt,1.0,2603.435,30.0,7.0,Net Banking,5.0,80.0,,,2025,February,Monday,1,4807.712,low
ORD100197,2023-04-18,Arjun Reddy,35.0,Male,Ahmedabad,Electronics,Power Bank 10000mAh,1.0,854.42,40.0,4.0,Credit Card,5.0,0.0,,,2023,April,Tuesday,2,512.6519999999999,low
ORD100495,2024-01-11,Myra Iyer,49.0,Male,Lucknow,Beauty & Personal Care,Hair Oil 200ml,3.0,635.06,10.0,3.0,Debit Card,5.0,0.0,,,2024,January,Thursday,1,1714.6619999999998,low
ORD102026,2023-01-27,Rohan Nair,22.0,Male,Kochi,Beauty & Personal Care,Face Wash 100ml,4.0,100.15,15.0,8.0,UPI,3.0,100.0,,,2023,January,Friday,1,440.51,low
ORD100647,2023-10-26,Sai Joshi,21.0,Male,Bengaluru,Grocery,Spices Combo Pack,1.0,153.43,15.0,8.0,Credit Card,5.0,40.0,,,2023,October,Thursday,4,170.4155,low
ORD100044,2023-03-03,Vivaan Verma,23.0,Female,Chandigarh,Home & Kitchen,Storage Container Set,2.0,1205.86,42.5,9.0,Credit Card,0.0,80.0,,,2023,March,Friday,1,1285.86,low
ORD102758,2023-11-24,Karan Nair,33.0,Male,Mumbai,Home & Kitchen,Cotton Bedsheet Set,1.0,1088.48,15.0,2.0,UPI,4.0,0.0,,,2023,November,Friday,4,925.208,low
ORD100373,2023-12-07,Pooja Deshmukh,37.0,Male,Chennai,Beauty & Personal Care,Sunscreen SPF50,2.0,377.7,0.0,3.0,UPI,3.0,100.0,NEWUSER15,,2023,December,Thursday,4,855.4,low
ORD100566,2023-07-27,Aditya Agarwal,34.0,Male,Lucknow,Apparel,Ethnic Saree,3.0,1027.01,20.0,3.0,Debit Card,0.0,0.0,,Quality Not as Expected,2023,July,Thursday,3,2464.824,low
ORD102895,2023-01-14,Aarav Bhat,33.0,Male,Kochi,Electronics,Wireless Mouse,3.0,1101.92,10.0,5.0,Debit Card,4.0,0.0,,,2023,January,Saturday,1,2975.184,low
ORD100460,2024-10-20,Ishaan Verma,54.0,Male,Nagpur,Electronics,Wireless Mouse,2.0,773.04,25.0,2.0,Debit Card,3.0,0.0,SAVE10,,2024,October,Sunday,4,1159.56,low
ORD101155,2024-06-18,Anika Rao,40.0,Female,Kolkata,Electronics,Smartphone Cover,3.0,1553.19,0.0,2.0,UPI,1.0,40.0,,,2024,June,Tuesday,2,4699.57,low
ORD100039,2024-07-29,Vivaan Kulkarni,28.0,Male,Surat,Grocery,Cooking Oil 1L,3.0,149.95,0.0,3.0,Credit Card,0.0,0.0,,,2024,July,Monday,3,449.84999999999997,low
ORD102482,2023-06-14,Navya Rao,46.0,Female,Lucknow,Apparel,Sports Track Pant,1.0,967.45,0.0,9.0,Debit Card,0.0,40.0,,,2023,June,Wednesday,2,1007.45,low
ORD100973,2024-03-07,Pooja Pillai,41.0,Female,Surat,Home & Kitchen,Wall Clock,1.0,1193.74,0.0,14.0,Debit Card,0.0,60.0,,,2024,March,Thursday,1,1253.74,low
ORD101786,2023-06-30,Priya Kulkarni,37.0,Male,Mumbai,Home & Kitchen,Wall Clock,1.0,602.28,20.0,3.0,UPI,4.0,40.0,WELCOME50,,2023,June,Friday,2,521.8240000000001,low
ORD101498,2024-03-01,Rohan Reddy,49.0,Male,Delhi,Electronics,USB-C Cable,2.0,2338.89,0.0,6.0,Cash on Delivery,0.0,150.0,,,2024,March,Friday,1,4807.712,low
ORD102504,2023-02-16,Karan Menon,48.0,Male,Lucknow,Grocery,Green Tea Pack,1.0,694.53,30.0,9.0,Credit Card,5.0,0.0,,,2023,February,Thursday,1,486.17099999999994,low
ORD101835,2024-12-02,Aditya Shah,44.0,Female,Hyderabad,Home & Kitchen,Wall Clock,2.0,411.51,20.0,2.0,UPI,5.0,0.0,,,2024,December,Monday,4,658.416,low
ORD102308,2024-12-02,Sai Pillai,34.0,Male,Lucknow,Electronics,USB-C Cable,4.0,2084.66,5.0,2.0,UPI,3.0,80.0,,,2024,December,Monday,4,4807.712,low
ORD101840,2024-01-23,Aadhya Kapoor,31.0,Female,Bengaluru,Electronics,Smartwatch Band,1.0,774.48,5.0,4.0,UPI,0.0,80.0,,,2024,January,Tuesday,1,815.756,low
ORD102083,2024-08-31,Ishita Joshi,31.0,Male,Kolkata,Beauty & Personal Care,Sunscreen SPF50,1.0,753.31,0.0,7.0,Credit Card,5.0,100.0,FLAT100,,2024,August,Saturday,3,853.31,low
ORD100827,2025-03-28,Amit Bhat,46.0,Male,Ahmedabad,Apparel,Sports Track Pant,1.0,569.68,15.0,8.0,UPI,3.0,40.0,FEST20,Late Delivery,2025,March,Friday,1,524.228,low
ORD101935,2023-05-30,Ishaan Mehta,40.0,Male,Lucknow,Grocery,Green Tea Pack,1.0,268.4,30.0,8.0,UPI,0.0,0.0,,Quality Not as Expected,2023,May,Tuesday,2,187.87999999999997,low
ORD102044,2023-09-11,Arjun Sharma,36.0,Other,Ahmedabad,Home & Kitchen,Wall Clock,1.0,1754.87,10.0,9.0,UPI,4.0,0.0,,Wrong Item Delivered,2023,September,Monday,3,1579.383,low
ORD100309,2023-12-16,Myra Verma,40.0,Male,Indore,Beauty & Personal Care,Hair Oil 200ml,1.0,126.21,0.0,4.0,Cash on Delivery,0.0,80.0,,,2023,December,Saturday,4,206.20999999999998,low
ORD100276,2024-03-01,Ishaan Agarwal,44.0,Male,Bengaluru,Apparel,Men Cotton T-Shirt,4.0,849.41,20.0,8.0,Net Banking,0.0,0.0,,,2024,March,Friday,1,2718.112,low
ORD100654,2024-05-18,Myra Chopra,20.0,Male,Pune,Home & Kitchen,LED Table Lamp,1.0,693.91,25.0,5.0,Cash on Delivery,0.0,0.0,,,2024,May,Saturday,2,520.4325,low
ORD100622,2024-12-11,Aditya Bhat,37.0,Female,Pune,Home & Kitchen,Cotton Bedsheet Set,1.0,445.2,0.0,5.0,Credit Card,2.0,0.0,,,2024,December,Wednesday,4,445.2,low
ORD101859,2024-10-31,Aadhya Deshmukh,36.0,Female,Pune,Home & Kitchen,Kitchen Organizer,1.0,372.6,10.0,4.0,Net Banking,4.0,40.0,FLAT100,,2024,October,Thursday,4,375.34000000000003,low
ORD100844,2023-01-05,Priya Nair,34.0,Male,Chandigarh,Apparel,Kids Hoodie,3.0,676.84,25.0,5.0,Credit Card,4.0,40.0,,,2023,January,Thursday,1,1562.8899999999999,low
ORD102155,2024-03-22,Amit Pillai,24.0,Female,Nagpur,Electronics,Wireless Mouse,2.0,1821.76,5.0,5.0,Credit Card,4.0,60.0,,,2024,March,Friday,1,3521.3439999999996,low
ORD100349,2023-05-30,Aadhya Pillai,29.0,Male,Jaipur,Beauty & Personal Care,Perfume 50ml,3.0,625.67,0.0,4.0,UPI,5.0,0.0,NEWUSER15,,2023,May,Tuesday,2,1877.0099999999998,low
ORD102572,2024-10-27,Vivaan Singh,50.0,Male,Chandigarh,Electronics,Wireless Mouse,1.0,634.64,20.0,9.0,UPI,5.0,60.0,,Size Issue,2024,October,Sunday,4,567.712,low
ORD100784,2024-03-11,Pari Reddy,35.0,Other,Indore,Apparel,Kids Hoodie,1.0,888.4,10.0,7.0,UPI,5.0,0.0,,,2024,March,Monday,1,799.56,low
ORD100047,2023-11-05,Ananya Nair,39.0,Male,Lucknow,Grocery,Green Tea Pack,1.0,495.7,15.0,2.0,UPI,3.0,0.0,,,2023,November,Sunday,4,421.34499999999997,low
ORD101978,2024-11-09,Ishita Chopra,40.0,Male,Jaipur,Electronics,Smartphone Cover,1.0,724.35,5.0,4.0,UPI,0.0,80.0,,,2024,November,Saturday,4,768.1324999999999,low
ORD102251,2024-05-18,Riya Gupta,40.0,Male,Jaipur,Beauty & Personal Care,Lip Balm Pack,5.0,566.64,15.0,7.0,Debit Card,5.0,0.0,WELCOME50,,2024,May,Saturday,2,2408.22,low
ORD101655,2023-07-30,Aarav Iyer,33.0,Male,Hyderabad,Apparel,Ethnic Saree,5.0,732.73,0.0,5.0,Net Banking,0.0,0.0,WELCOME50,,2023,July,Sunday,3,3663.65,low
ORD102069,2024-01-17,Nikhil Nair,32.0,Female,Lucknow,Apparel,Denim Jeans,2.0,316.43,10.0,5.0,Cash on Delivery,4.0,0.0,,,2024,January,Wednesday,1,569.5740000000001,low
ORD100402,2023-10-19,Karan Chopra,35.0,Male,Nagpur,Footwear,Formal Leather Shoes,1.0,2011.72,30.0,5.0,UPI,4.0,60.0,,,2023,October,Thursday,4,1468.204,low
ORD101107,2025-04-06,Ishita Shah,23.0,Male,Delhi,Home & Kitchen,Curtain Set,4.0,218.1,15.0,8.0,UPI,2.0,0.0,,,2025,April,Sunday,2,741.54,low
ORD101154,2023-10-05,Krishna Menon,47.0,Female,Nagpur,Home & Kitchen,Cotton Bedsheet Set,3.0,1592.86,20.0,5.0,UPI,5.0,0.0,,,2023,October,Thursday,4,3822.864,low
ORD101439,2025-05-20,Kavya Rao,33.0,Male,Lucknow,Apparel,Formal Shirt,2.0,1282.91,20.0,7.0,UPI,4.0,0.0,WELCOME50,,2025,May,Tuesday,2,2052.6560000000004,low
ORD102001,2024-12-03,Rohan Nair,38.0,Male,Mumbai,Electronics,LED Bulb Smart,5.0,1413.08,0.0,7.0,UPI,4.0,0.0,,,2024,December,Tuesday,4,4807.712,low
ORD100989,2024-12-18,Priya Menon,35.0,Female,Lucknow,Electronics,LED Bulb Smart,1.0,1567.06,0.0,4.0,UPI,4.0,0.0,,,2024,December,Wednesday,4,1567.06,low
ORD101865,2023-12-13,Anika Nair,56.5,Female,Chandigarh,Footwear,Running Shoes,1.0,1967.02,5.0,3.0,UPI,1.0,0.0,,Quality Not as Expected,2023,December,Wednesday,4,1868.6689999999999,low
ORD102789,2023-01-14,Navya Nair,23.0,Female,Delhi,Apparel,Formal Shirt,1.0,1100.43,0.0,7.0,Credit Card,4.0,0.0,,,2023,January,Saturday,1,1100.43,low
ORD101310,2024-04-22,Priya Gupta,29.0,Female,Jaipur,Grocery,Cooking Oil 1L,1.0,493.12,20.0,8.0,Credit Card,1.0,80.0,,,2024,April,Monday,2,474.49600000000004,low
ORD100033,2023-10-22,Krishna Shah,29.0,Female,Indore,Home & Kitchen,Wall Clock,1.0,513.36,10.0,2.0,Net Banking,0.0,100.0,SAVE10,,2023,October,Sunday,4,562.024,low
ORD100787,2024-09-17,Ishaan Singh,25.0,Female,Bengaluru,Footwear,Flip Flops,1.0,799.68,10.0,9.0,UPI,4.0,0.0,,,2024,September,Tuesday,3,719.712,low
ORD102971,2023-02-16,Ishita Menon,25.0,Female,Kochi,Grocery,Green Tea Pack,1.0,248.84,5.0,8.0,Credit Card,2.0,40.0,,,2023,February,Thursday,1,276.398,low
ORD101043,2023-12-06,Aarav Nair,27.0,Female,Delhi,Electronics,Portable Speaker,1.0,564.31,15.0,6.0,Credit Card,0.0,0.0,NEWUSER15,,2023,December,Wednesday,4,479.66349999999994,low
ORD100481,2025-01-25,Reyansh Mehta,23.0,Male,Kolkata,Beauty & Personal Care,Lip Balm Pack,2.0,635.53,40.0,9.0,UPI,4.0,0.0,,,2025,January,Saturday,1,762.636,low
ORD101243,2023-12-18,Anika Kapoor,28.0,Male,Indore,Grocery,Assorted Dry Fruits,1.0,219.78,20.0,4.0,UPI,0.0,100.0,,Size Issue,2023,December,Monday,4,275.824,low
ORD102627,2023-01-05,Vihaan Kapoor,24.0,Female,Bengaluru,Home & Kitchen,Curtain Set,2.0,610.3,15.0,8.0,Debit Card,5.0,0.0,,,2023,January,Thursday,1,1037.51,low
ORD102529,2024-06-09,Rahul Bhat,21.0,Male,Hyderabad,Beauty & Personal Care,Herbal Shampoo,4.0,388.03,5.0,5.0,UPI,4.0,0.0,,,2024,June,Sunday,2,1474.514,low
ORD100931,2024-11-11,Vihaan Mehta,30.0,Female,Chennai,Electronics,Smartwatch Band,4.0,1799.92,25.0,6.0,Credit Card,0.0,0.0,,,2024,November,Monday,4,4807.712,low
ORD102404,2023-12-16,Karan Shah,35.0,Male,Lucknow,Beauty & Personal Care,Beard Trimmer,1.0,894.3,0.0,5.0,Credit Card,0.0,0.0,,,2023,December,Saturday,4,894.3,low
ORD101685,2024-04-18,Vivaan Kapoor,54.0,Male,Jaipur,Grocery,Honey 500g,4.0,273.52,0.0,2.0,Debit Card,5.0,60.0,,,2024,April,Thursday,2,1154.08,low
ORD101248,2023-01-11,Ishita Agarwal,44.0,Male,Chennai,Home & Kitchen,Wall Clock,1.0,858.77,0.0,6.0,UPI,5.0,0.0,,,2023,January,Wednesday,1,858.77,low
ORD100759,2024-10-26,Sara Iyer,31.0,Female,Ahmedabad,Home & Kitchen,Non-Stick Pan,1.0,464.63,20.0,7.0,UPI,0.0,0.0,,,2024,October,Saturday,4,371.704,low
ORD100092,2025-02-05,Riya Mehta,16.0,Male,Bengaluru,Electronics,Portable Speaker,3.0,1216.19,10.0,4.0,UPI,2.0,0.0,,,2025,February,Wednesday,1,3283.713,low
ORD101175,2023-11-05,Ishaan Reddy,33.0,Female,Lucknow,Electronics,Power Bank 10000mAh,1.0,1420.9,20.0,8.0,Credit Card,0.0,100.0,,,2023,November,Sunday,4,1236.72,low
ORD101415,2024-12-15,Rohan Kulkarni,31.0,Female,Jaipur,Grocery,Instant Noodles Pack,1.0,137.62,30.0,5.0,Credit Card,0.0,0.0,,Late Delivery,2024,December,Sunday,4,96.334,low
ORD101341,2023-05-05,Sai Shah,36.0,Male,Chennai,Beauty & Personal Care,Lip Balm Pack,1.0,452.19,10.0,3.0,Credit Card,0.0,60.0,,,2023,May,Friday,2,466.971,low
ORD101472,2023-01-11,Arjun Iyer,36.0,Female,Lucknow,Beauty & Personal Care,Herbal Shampoo,1.0,597.74,25.0,3.0,Debit Card,5.0,40.0,,,2023,January,Wednesday,1,488.305,low
ORD102851,2023-12-23,Vihaan Shah,43.0,Female,Kolkata,Footwear,Running Shoes,2.0,1816.39,10.0,9.0,UPI,0.0,0.0,,,2023,December,Saturday,4,3269.5020000000004,low
ORD102793,2024-05-02,Pari Menon,28.0,Female,Surat,Grocery,Green Tea Pack,2.0,135.91,25.0,2.0,Debit Card,0.0,60.0,FEST20,,2024,May,Thursday,2,263.865,low
ORD100764,2023-11-25,Karan Patel,54.0,Female,Pune,Electronics,Smartphone Cover,3.0,2332.79,25.0,7.0,Credit Card,4.0,0.0,,,2023,November,Saturday,4,4807.712,low
ORD102652,2023-12-04,Arjun Pillai,48.0,Female,Bengaluru,Grocery,Spices Combo Pack,3.0,278.31,15.0,5.0,UPI,5.0,60.0,,,2023,December,Monday,4,769.6905,low
ORD101373,2023-12-03,Riya Mehta,24.0,Female,Bengaluru,Electronics,LED Bulb Smart,1.0,655.64,0.0,9.0,UPI,0.0,0.0,,,2023,December,Sunday,4,655.64,low
ORD102448,2024-12-09,Karan Iyer,36.0,Male,Pune,Beauty & Personal Care,Perfume 50ml,1.0,314.32,25.0,5.0,Debit Card,2.0,0.0,,,2024,December,Monday,4,235.74,low
ORD100257,2023-04-05,Kavya Singh,36.0,Male,Indore,Home & Kitchen,Non-Stick Pan,1.0,1768.71,5.0,8.0,Net Banking,5.0,0.0,,,2023,April,Wednesday,2,1680.2745,low
ORD100944,2024-01-17,Sneha Deshmukh,35.0,Male,Indore,Apparel,Women Kurti,1.0,1331.58,0.0,3.0,Credit Card,5.0,0.0,FLAT100,,2024,January,Wednesday,1,1331.58,low
ORD101219,2024-02-05,Reyansh Joshi,42.0,Male,Pune,Electronics,Smartwatch Band,2.0,719.06,15.0,2.0,Credit Card,0.0,80.0,FLAT100,Wrong Item Delivered,2024,February,Monday,1,1302.4019999999998,low
ORD101161,2024-03-30,Aditya Sharma,27.0,Male,Pune,Electronics,Smartphone Cover,1.0,794.8,20.0,7.0,UPI,5.0,0.0,WELCOME50,,2024,March,Saturday,1,635.84,low
ORD102542,2025-05-21,Rahul Shah,35.0,Female,Chennai,Electronics,USB-C Cable,3.0,739.02,5.0,4.0,Credit Card,0.0,0.0,,,2025,May,Wednesday,2,2106.207,low
ORD100772,2023-01-05,Aarav Verma,23.0,Female,Lucknow,Grocery,Assorted Dry Fruits,2.0,473.41,0.0,2.0,Credit Card,5.0,0.0,,,2023,January,Thursday,1,946.82,low
ORD102598,2025-06-01,Anika Kulkarni,38.0,Female,Lucknow,Beauty & Personal Care,Body Lotion,3.0,142.75,15.0,7.0,UPI,0.0,80.0,,,2025,June,Sunday,2,444.0125,low
ORD101486,2023-05-29,Sara Iyer,29.0,Female,Chandigarh,Electronics,USB-C Cable,5.0,2194.13,20.0,8.0,UPI,0.0,60.0,,,2023,May,Monday,2,4807.712,low
ORD102249,2024-01-21,Riya Agarwal,31.0,Female,Lucknow,Beauty & Personal Care,Sunscreen SPF50,1.0,542.31,10.0,3.0,UPI,0.0,80.0,SAVE10,,2024,January,Sunday,1,568.079,low
ORD100312,2023-04-19,Ananya Mehta,43.0,Male,Indore,Home & Kitchen,Storage Container Set,1.0,852.76,20.0,5.0,Credit Card,0.0,0.0,FLAT100,,2023,April,Wednesday,2,682.2080000000001,low
ORD100290,2025-01-05,Krishna Nair,36.0,Female,Delhi,Home & Kitchen,Wall Clock,1.0,1370.34,15.0,2.0,Debit Card,2.0,40.0,,Quality Not as Expected,2025,January,Sunday,1,1204.789,low
ORD100763,2024-12-26,Sneha Deshmukh,39.0,Female,Ahmedabad,Grocery,Green Tea Pack,3.0,214.73,10.0,2.0,UPI,2.0,80.0,,,2024,December,Thursday,4,659.771,low
ORD102997,2023-11-13,Vivaan Gupta,27.0,Male,Jaipur,Beauty & Personal Care,Face Wash 100ml,1.0,768.74,0.0,9.0,UPI,0.0,40.0,WELCOME50,,2023,November,Monday,4,808.74,low
ORD100183,2024-09-26,Neha Singh,21.0,Male,Nagpur,Apparel,Woolen Sweater,2.0,886.25,20.0,5.0,Cash on Delivery,3.0,0.0,,,2024,September,Thursday,3,1418.0,low
ORD101176,2023-12-16,Aditya Kulkarni,22.0,Male,Hyderabad,Home & Kitchen,Non-Stick Pan,1.0,1700.82,25.0,6.0,Debit Card,5.0,40.0,FEST20,,2023,December,Saturday,4,1315.615,low
ORD101349,2024-06-26,Riya Deshmukh,30.0,Female,Surat,Beauty & Personal Care,Sunscreen SPF50,1.0,856.11,0.0,2.0,UPI,0.0,40.0,,,2024,June,Wednesday,2,896.11,low
ORD102298,2023-07-22,Ananya Chopra,31.0,Male,Mumbai,Apparel,Men Cotton T-Shirt,5.0,1454.45,10.0,3.0,Net Banking,0.0,0.0,,,2023,July,Saturday,3,4807.712,low
ORD102871,2025-06-07,Aditya Nair,37.0,Female,Jaipur,Apparel,Men Cotton T-Shirt,3.0,966.95,15.0,4.0,Credit Card,0.0,60.0,,,2025,June,Saturday,2,2525.7225000000003,low
ORD101099,2024-01-09,Vivaan Agarwal,34.0,Male,Chandigarh,Grocery,Honey 500g,5.0,476.57,10.0,4.0,Credit Card,5.0,60.0,WELCOME50,Late Delivery,2024,January,Tuesday,1,2204.565,low
ORD102988,2025-04-02,Sara Joshi,31.0,Female,Chandigarh,Electronics,LED Bulb Smart,3.0,983.97,15.0,3.0,UPI,5.0,100.0,,,2025,April,Wednesday,2,2609.1234999999997,low
ORD100391,2024-01-07,Rahul Bhat,21.0,Female,Lucknow,Electronics,Smartphone Cover,1.0,2008.07,5.0,3.0,Debit Card,0.0,100.0,,,2024,January,Sunday,1,2007.6664999999998,low
ORD101919,2023-11-22,Rohan Agarwal,24.0,Male,Pune,Footwear,Formal Leather Shoes,5.0,1796.16,0.0,3.0,UPI,5.0,100.0,,,2023,November,Wednesday,4,4807.712,low
ORD101456,2024-10-09,Navya Verma,36.0,Female,Chennai,Electronics,Power Bank 10000mAh,2.0,1480.94,10.0,5.0,Credit Card,3.0,150.0,,,2024,October,Wednesday,4,2815.692,low
ORD101092,2025-02-06,Arjun Mehta,37.0,Male,Kochi,Electronics,Wireless Mouse,1.0,1755.18,15.0,8.0,UPI,0.0,0.0,,,2025,February,Thursday,1,1491.903,low
ORD102022,2024-08-22,Kabir Nair,30.0,Female,Lucknow,Home & Kitchen,Kitchen Organizer,2.0,1411.84,30.0,6.0,Credit Card,4.0,80.0,,,2024,August,Thursday,3,2056.576,low
ORD100904,2024-12-12,Ishaan Kapoor,30.0,Male,Hyderabad,Footwear,Running Shoes,5.0,1747.22,30.0,3.0,Cash on Delivery,0.0,0.0,,,2024,December,Thursday,4,4807.712,low
ORD102778,2024-12-17,Ananya Agarwal,30.0,Male,Jaipur,Beauty & Personal Care,Face Wash 100ml,3.0,210.93,30.0,7.0,Net Banking,2.0,0.0,,Defective Product,2024,December,Tuesday,4,442.953,low
ORD100366,2024-03-03,Reyansh Kulkarni,34.0,Female,Kolkata,Electronics,Bluetooth Earbuds,2.0,805.48,20.0,7.0,Debit Card,4.0,40.0,,,2024,March,Sunday,1,1328.768,low
ORD100345,2024-10-18,Myra Patel,32.0,Male,Pune,Grocery,Spices Combo Pack,4.0,649.03,15.0,7.0,Debit Card,0.0,0.0,FEST20,,2024,October,Friday,4,2206.7019999999998,low
ORD102583,2023-12-20,Aditya Joshi,46.0,Female,Lucknow,Apparel,Sports Track Pant,2.0,660.4,5.0,8.0,UPI,5.0,60.0,FLAT100,,2023,December,Wednesday,4,1314.76,low
ORD101372,2024-02-14,Pari Kapoor,41.0,Female,Chennai,Home & Kitchen,Non-Stick Pan,1.0,579.15,5.0,2.0,UPI,3.0,0.0,,,2024,February,Wednesday,1,550.1925,low
ORD101639,2023-01-04,Karan Deshmukh,17.0,Female,Delhi,Apparel,Formal Shirt,2.0,569.21,10.0,6.0,Credit Card,2.0,0.0,,Defective Product,2023,January,Wednesday,1,1024.5780000000002,low
ORD100919,2024-08-02,Navya Singh,30.0,Male,Lucknow,Home & Kitchen,Non-Stick Pan,2.0,867.5,15.0,2.0,UPI,3.0,40.0,SAVE10,,2024,August,Friday,3,1514.75,low
ORD100211,2024-10-15,Amit Menon,49.0,Female,Kochi,Home & Kitchen,Storage Container Set,3.0,655.7,0.0,5.0,UPI,5.0,60.0,,,2024,October,Tuesday,4,2027.1000000000001,low
ORD101603,2023-10-16,Reyansh Deshmukh,24.0,Male,Delhi,Apparel,Sports Track Pant,1.0,468.47,20.0,5.0,Credit Card,0.0,0.0,,Size Issue,2023,October,Monday,4,374.77600000000007,low
ORD102550,2024-11-13,Anika Kulkarni,48.0,Female,Jaipur,Home & Kitchen,Non-Stick Pan,4.0,1360.28,5.0,5.0,Cash on Delivery,5.0,0.0,,,2024,November,Wednesday,4,4807.712,low
ORD100537,2023-04-16,Myra Bhat,33.0,Female,Chandigarh,Beauty & Personal Care,Hair Oil 200ml,2.0,695.55,42.5,8.0,UPI,0.0,80.0,,,2023,April,Sunday,2,775.55,low
ORD101220,2024-08-14,Reyansh Iyer,24.0,Female,Lucknow,Grocery,Instant Noodles Pack,1.0,608.3,25.0,6.0,Credit Card,4.0,0.0,SAVE10,,2024,August,Wednesday,3,456.22499999999997,low
