OrderID,OrderDate,CustomerName,CustomerAge,Gender,CustomerCity,ProductCategory,ProductName,Quantity,UnitPrice,DiscountPercent,DeliveryDays,PaymentMethod,CustomerRating,ShippingCost,CouponCode,ReturnReason
ORD100674,2024-07-20,Diya Verma,34.0,m,Delhi,Beauty & Personal Care,Lip Balm Pack,4.0,144.7,0.0,4.0,Net Banking,4.0,0.0,,
ORD102063,2024-10-17,Reyansh Sharma,31.0,M,Kolkata,Footwear,Formal Leather Shoes,2.0,486.07,40.0,2.0,Debit Card,,0.0,NEWUSER15,
ORD100377,2024-11-11,Sara Deshmukh,51.0,Male,Pune,Apparel,Men Cotton T-Shirt,1.0,852.46,10.0,3.0,Credit Card,4.0,,FEST20,
ORD100802,2024-04-14,Riya Kapoor,49.0,,Nagpur,Apparel,Men Cotton T-Shirt,1.0,1246.09,0.0,2.0,,,,NEWUSER15,
ORD101208,2023-09-17,Sneha Pillai,39.0,M,Lucknow,Grocery,Green Tea Pack,1.0,379.31,25.0,4.0,Debit Card,,80.0,FLAT100,
ORD102726,2023-05-05,Anika Pillai,15.0,Female,Pune,Electronics,LED Bulb Smart,2.0,2346.35,15.0,5.0,UPI,5.0,80.0,,Size Issue
ORD100852,2025-05-27,Riya Shah,43.0,Female,Hyderabad,Apparel,Kids Hoodie,1.0,1256.96,10.0,4.0,Debit Card,5.0,,,
ORD102868,2025-02-22,Vivaan Patel,31.0,Female,Chennai,Home & Kitchen,Wall Clock,4.0,856.51,10.0,9.0,UPI,,40.0,,
ORD102986,2024-11-12,Ananya Iyer,37.0,F,Delhi,Grocery,Assorted Dry Fruits,2.0,200.1,0.0,9.0,Debit Card,2.0,40.0,,
ORD102736,2024-06-07,Aditya Singh,47.0,f,Indore,Beauty & Personal Care,Sunscreen SPF50,2.0,749.01,10.0,4.0,Cash on Delivery,,,,
ORD100429,2024-10-10,Sai Nair,24.0,M,Chandigarh,Beauty & Personal Care,Lip Balm Pack,3.0,580.07,15.0,7.0,Debit Card,4.0,100.0,,
ORD102149,2023-10-02,Rohan Verma,29.0,Female,Surat,Electronics,USB-C Cable,2.0,2450.73,25.0,5.0,,4.0,150.0,,
ORD100727,2023-01-10,Ishita Joshi,15.0,Male,Ahmedabad,Grocery,Whole Wheat Atta 5kg,4.0,405.44,0.0,8.0,,4.0,,,
ORD100454,2024-06-27,Kavya Chopra,,Female,Hyderabad,Home & Kitchen,Cotton Bedsheet Set,1.0,524.56,20.0,2.0,UPI,5.0,,,
ORD100740,2025-01-14,Rahul Gupta,,Male,Kochi,Apparel,Sports Track Pant,3.0,1308.5,30.0,9.0,Credit Card,4.0,0.0,,Defective Product
ORD100362,2023-07-23,Krishna Kulkarni,,Female,Hyderabad,Electronics,LED Bulb Smart,1.0,2079.98,0.0,2.0,,5.0,,FLAT100,
ORD101337,2023-09-27,Krishna Nair,41.0,Female,Jaipur,Apparel,Women Kurti,1.0,1301.13,0.0,3.0,UPI,4.0,,,
ORD101216,2024-04-06,Krishna Shah,27.0,m,Pune,Beauty & Personal Care,Hair Oil 200ml,1.0,848.68,30.0,7.0,Credit Card,5.0,,,
ORD100580,2023-03-27,Aditya Sharma,35.0,Female,Bengaluru,Electronics,Power Bank 10000mAh,1.0,2385.68,5.0,8.0,Cash on Delivery,3.0,,,
ORD100125,2024-05-29,Sneha Agarwal,34.0,f,,Footwear,Flip Flops,1.0,622.23,0.0,7.0,Debit Card,4.0,,NEWUSER15,Defective Product
ORD101740,2024-11-19,Vihaan Sharma,30.0,M,Mumbai,Footwear,Running Shoes,2.0,2135.92,5.0,9.0,Net Banking,5.0,150.0,,
ORD102441,2023-01-01,Rahul Reddy,35.0,Female,Nagpur,Grocery,Basmati Rice 5kg,1.0,322.01,0.0,2.0,Credit Card,3.0,,,
ORD100502,2025-05-26,Aarav Patel,30.0,Female,Nagpur,Footwear,Sandals,1.0,788.62,0.0,5.0,,3.0,0.0,,
ORD101227,2025-06-15,Neha Chopra,30.0,F,Chandigarh,Beauty & Personal Care,Face Wash 100ml,3.0,105.43,50.0,5.0,,,,,
ORD100807,2024-12-03,Vihaan Shah,46.0,,Jaipur,Grocery,Whole Wheat Atta 5kg,1.0,259.53,40.0,7.0,Credit Card,5.0,0.0,SAVE10,Changed Mind
ORD101495,2024-12-13,Ishita Gupta,25.0,MALE,Delhi,Grocery,Whole Wheat Atta 5kg,5.0,579.45,0.0,6.0,,1.0,,SAVE10,
ORD101903,2023-08-15,Karan Pillai,23.0,Male,Chandigarh,Apparel,Men Cotton T-Shirt,2.0,1231.25,5.0,9.0,Cash on Delivery,,0.0,SAVE10,
ORD102902,2025-02-25,Reyansh Rao,21.0,Male,,Beauty & Personal Care,Body Lotion,5.0,5502.719640404152,20.0,9.0,Cash on Delivery,,150.0,SAVE10,
ORD101312,2024-12-11,Ishaan Nair,29.0,Female,Chennai,Footwear,Sandals,1.0,13673.256562116216,0.0,5.0,Debit Card,3.0,,NEWUSER15,
ORD100752,2023-10-26,Sara Bhat,48.0,F,Chandigarh,Apparel,Women Kurti,1.0,1230.53,15.0,6.0,,5.0,40.0,,
ORD101051,2023-11-29,Diya Singh,38.0,M,Kolkata,Electronics,LED Bulb Smart,5.0,1358.32,15.0,7.0,Net Banking,,0.0,,
ORD102434,2024-10-02,Vivaan Gupta,29.0,,Nagpur,Apparel,Ethnic Saree,2.0,427.32,0.0,4.0,Net Banking,4.0,150.0,,
ORD102843,2024-03-15,Rohan Mehta,27.0,f,Chennai,Footwear,Flip Flops,4.0,2151.71,5.0,8.0,Debit Card,5.0,0.0,,
ORD100296,2025-02-13,Ananya Bhat,27.0,Female,Delhi,Electronics,LED Bulb Smart,100.0,1496.32,5.0,4.0,,5.0,,WELCOME50,
ORD101918,2024-10-07,Sneha Mehta,21.0,Male,Chennai,Beauty & Personal Care,Lip Balm Pack,4.0,180.65,5.0,9.0,Net Banking,,100.0,,
ORD100318,2025-05-05,Aditya Deshmukh,46.0,M,Jaipur,Electronics,Portable Speaker,1.0,1406.92,0.0,5.0,Credit Card,,80.0,,
ORD100889,2023-09-04,Amit Agarwal,44.0,Female,Bengaluru,Beauty & Personal Care,Face Wash 100ml,1.0,449.87,50.0,6.0,,1.0,0.0,,
ORD100699,2023-03-28,Sai Verma,55.0,f,Chandigarh,Electronics,LED Bulb Smart,3.0,958.97,15.0,4.0,,5.0,,,
ORD101151,2024-04-04,Anika Sharma,35.0,female,Hyderabad,Home & Kitchen,Curtain Set,1.0,1493.4,25.0,5.0,UPI,,,,
ORD100720,2023-05-07,Reyansh Reddy,,Female,Chandigarh,Beauty & Personal Care,Beard Trimmer,3.0,422.37,15.0,9.0,UPI,4.0,40.0,,
ORD101417,2024-02-04,Aarav Deshmukh,16.0,f,Pune,Electronics,Wireless Mouse,1.0,1289.56,30.0,6.0,Credit Card,,0.0,,
ORD100180,2024-12-24,Ishaan Sharma,53.0,Female,Mumbai,Footwear,Sandals,4.0,1294.42,0.0,2.0,,2.0,150.0,SAVE10,
ORD100638,2024-12-17,Neha Kapoor,34.0,Female,Chennai,Grocery,Cooking Oil 1L,1.0,530.0,30.0,6.0,,5.0,,,
ORD101496,2024-11-25,Pari Singh,28.0,F,Surat,Electronics,Wireless Mouse,5.0,1229.45,5.0,9.0,,,,WELCOME50,
ORD100206,2024-12-21,Nikhil Chopra,34.0,Female,Kolkata,Home & Kitchen,LED Table Lamp,2.0,843.82,0.0,2.0,Debit Card,,,SAVE10,
ORD101533,2023-06-21,Vihaan Reddy,40.0,m,Kolkata,Beauty & Personal Care,Lip Balm Pack,3.0,676.88,10.0,6.0,,2.0,,FEST20,
ORD101236,2023-11-03,Sneha Joshi,15.0,M,Ahmedabad,Grocery,Cooking Oil 1L,1.0,430.97,25.0,3.0,Net Banking,4.0,150.0,,
ORD101463,2023-02-16,Aarav Bhat,28.0,Male,Kolkata,Grocery,Instant Noodles Pack,5.0,648.4,15.0,8.0,,5.0,80.0,WELCOME50,
ORD102730,2025-05-25,Aadhya Shah,25.0,Male,Pune,Electronics,Smartwatch Band,3.0,610.13,10.0,4.0,Debit Card,,80.0,FEST20,
ORD102101,2024-08-31,Vihaan Agarwal,39.0,Female,Jaipur,Apparel,Formal Shirt,2.0,1361.7,10.0,8.0,Credit Card,4.0,,,
ORD100717,2024-03-24,Nikhil Kapoor,42.0,,Kochi,Apparel,Ethnic Saree,4.0,328.52,25.0,5.0,UPI,,0.0,,
ORD100275,2023-11-06,Sneha Deshmukh,26.0,M,Pune,Grocery,Spices Combo Pack,1.0,211.71,10.0,2.0,UPI,,,SAVE10,
ORD100415,2023-11-05,Rohan Sharma,27.0,M,Kochi,Beauty & Personal Care,Beard Trimmer,1.0,384.35,10.0,7.0,Net Banking,,,,
ORD102263,2024-04-15,Karan Kulkarni,54.0,m,Kolkata,Electronics,Smartphone Cover,3.0,649.84,0.0,9.0,Net Banking,5.0,60.0,,
ORD102922,2023-04-23,Amit Agarwal,30.0,F,Hyderabad,Grocery,Spices Combo Pack,1.0,165.98,10.0,9.0,Credit Card,,40.0,,Late Delivery
ORD102480,2024-08-16,Vivaan Chopra,42.0,Female,Pune,Electronics,Smartwatch Band,3.0,1813.36,15.0,2.0,Credit Card,4.0,,,
ORD101808,2024-10-21,Aarav Reddy,41.0,Female,Pune,Grocery,Spices Combo Pack,1.0,270.69,15.0,3.0,UPI,5.0,40.0,,
ORD100095,2023-09-20,Priya Bhat,20.0,Male,Ahmedabad,Grocery,Basmati Rice 5kg,1.0,446.96,0.0,9.0,Credit Card,,40.0,,
ORD101491,2023-01-05,Vihaan Kapoor,30.0,Female,,Apparel,Women Kurti,1.0,614.59,5.0,7.0,UPI,4.0,150.0,,
ORD100603,2023-05-03,Arjun Rao,33.0,Female,Hyderabad,Footwear,Running Shoes,2.0,1611.8,50.0,7.0,Debit Card,,,,
ORD100527,2024-01-21,Amit Deshmukh,49.0,Female,Hyderabad,Apparel,Formal Shirt,1.0,849.31,10.0,5.0,,1.0,,,
ORD101526,2023-10-18,Myra Chopra,28.0,Male,Indore,Apparel,Formal Shirt,1.0,1065.63,25.0,9.0,Credit Card,5.0,40.0,,
ORD102193,2023-11-13,Arjun Pillai,17.0,F,Ahmedabad,Electronics,Smartwatch Band,1.0,740.84,15.0,2.0,UPI,,0.0,,
ORD101545,2024-06-21,Aadhya Menon,15.0,M,Chennai,Footwear,Formal Leather Shoes,1.0,1211.0,5.0,9.0,Credit Card,,0.0,,
ORD100742,2024-08-01,Navya Mehta,31.0,Female,Hyderabad,Beauty & Personal Care,Body Lotion,5.0,748.92,5.0,7.0,Credit Card,,,,
ORD102836,2025-05-29,Aarav Kulkarni,21.0,Female,Ahmedabad,Beauty & Personal Care,Hair Oil 200ml,5.0,814.59,5.0,6.0,Cash on Delivery,2.0,,,
ORD101683,2024-12-26,Anika Menon,42.0,Male,Lucknow,Beauty & Personal Care,Face Wash 100ml,2.0,358.18,10.0,9.0,Credit Card,,,FEST20,
ORD100819,2025-06-29,Sneha Agarwal,30.0,f,Surat,Grocery,Instant Noodles Pack,2.0,499.87,25.0,9.0,Credit Card,,0.0,,
ORD100838,2024-01-04,Pari Nair,39.0,M,Surat,Beauty & Personal Care,Face Wash 100ml,1.0,660.87,20.0,8.0,Credit Card,,80.0,,
ORD100737,2023-10-31,Amit Shah,53.0,F,Lucknow,Electronics,LED Bulb Smart,1.0,2370.28,20.0,3.0,UPI,,150.0,,
ORD102527,2025-05-14,Aarav Pillai,34.0,Male,Indore,Electronics,Smartwatch Band,1.0,2210.96,15.0,4.0,UPI,,80.0,,Size Issue
ORD100121,2023-11-20,Amit Reddy,16.0,F,Kolkata,Home & Kitchen,Non-Stick Pan,1.0,1449.22,0.0,7.0,Net Banking,,,,
ORD100224,2024-10-19,Kavya Reddy,42.0,Male,Hyderabad,Grocery,Instant Noodles Pack,1.0,462.76,40.0,4.0,,3.0,,,Wrong Item Delivered
ORD100804,2024-11-03,Ishita Rao,26.0,m,,Beauty & Personal Care,Hair Oil 200ml,1.0,282.4,0.0,8.0,UPI,3.0,0.0,,
ORD101365,2023-01-17,Ishita Kapoor,34.0,Female,Kolkata,Electronics,Portable Speaker,2.0,734.69,5.0,7.0,Credit Card,,,,
ORD101549,2023-01-05,Pooja Rao,39.0,Female,Hyderabad,Home & Kitchen,Non-Stick Pan,2.0,824.87,10.0,7.0,Debit Card,4.0,,,Changed Mind
ORD101619,2025-06-22,Ananya Rao,40.0,F,Lucknow,Electronics,Smartphone Cover,5.0,2103.18,30.0,4.0,,2.0,40.0,,Changed Mind
ORD102847,2023-12-18,Reyansh Nair,47.0,M,Jaipur,Footwear,Running Shoes,3.0,2027.47,5.0,5.0,UPI,,,,
ORD100259,2024-01-16,Aadhya Kulkarni,24.0,Male,Indore,Electronics,Smartwatch Band,3.0,2483.83,30.0,6.0,,,,SAVE10,
ORD101458,2023-08-29,Rohan Chopra,44.0,Male,Ahmedabad,Apparel,Sports Track Pant,2.0,834.13,0.0,2.0,Cash on Delivery,4.0,,SAVE10,
ORD101831,2025-05-18,Aarav Menon,38.0,F,Lucknow,Electronics,Portable Speaker,5.0,1985.31,25.0,5.0,Net Banking,2.0,60.0,,
ORD102141,2025-03-08,Priya Chopra,15.0,Male,Mumbai,Grocery,Honey 500g,1.0,613.7,25.0,6.0,UPI,2.0,40.0,FLAT100,Late Delivery
ORD101382,2024-11-18,Aadhya Chopra,34.0,Female,Kolkata,Apparel,Formal Shirt,3.0,1058.21,20.0,7.0,Cash on Delivery,5.0,60.0,FEST20,
ORD102409,2023-01-25,Sneha Singh,42.0,F,Hyderabad,Electronics,LED Bulb Smart,4.0,720.76,15.0,6.0,,5.0,0.0,,
ORD102102,2023-06-06,Reyansh Verma,39.0,M,Mumbai,Electronics,Power Bank 10000mAh,4.0,2191.9,30.0,8.0,Debit Card,5.0,40.0,,Late Delivery
ORD102334,2024-05-18,Vivaan Chopra,35.0,,Mumbai,Beauty & Personal Care,Sunscreen SPF50,5.0,579.52,0.0,4.0,Credit Card,4.0,,,
ORD102342,2024-05-12,Amit Reddy,,m,Bengaluru,Footwear,Sandals,1.0,1181.42,30.0,2.0,Debit Card,5.0,60.0,,
ORD102584,2023-11-16,Rohan Gupta,39.0,Male,Delhi,Beauty & Personal Care,Sunscreen SPF50,1.0,834.87,10.0,2.0,UPI,1.0,80.0,,
ORD102422,2023-04-05,Sara Chopra,36.0,Male,,Home & Kitchen,Steel Water Bottle,2.0,1279.3,15.0,5.0,Debit Card,2.0,,,
ORD102416,2023-10-19,Amit Iyer,36.0,female,Jaipur,Electronics,Power Bank 10000mAh,1.0,2305.12,0.0,2.0,,,80.0,,
ORD101778,2023-10-08,Myra Rao,61.0,Female,Jaipur,Electronics,LED Bulb Smart,1.0,645.04,0.0,6.0,Cash on Delivery,4.0,80.0,,
ORD100394,2024-10-17,Ishita Nair,40.0,Female,Nagpur,Electronics,Bluetooth Earbuds,1.0,1421.66,20.0,9.0,Credit Card,5.0,0.0,,
ORD102779,2023-10-13,Ishaan Bhat,48.0,Female,Delhi,Electronics,Power Bank 10000mAh,5.0,1593.51,30.0,8.0,UPI,2.0,0.0,FLAT100,
ORD102634,2023-11-21,Rahul Verma,38.0,Female,Pune,Apparel,Formal Shirt,1.0,1135.96,30.0,5.0,Net Banking,5.0,0.0,SAVE10,
ORD100748,2023-10-13,Pooja Joshi,32.0,M,Jaipur,Electronics,Wireless Mouse,4.0,710.64,30.0,5.0,Net Banking,,,,
ORD101923,2024-01-31,Krishna Gupta,41.0,Female,Bengaluru,Apparel,Men Cotton T-Shirt,2.0,1135.65,20.0,7.0,Credit Card,3.0,60.0,,
ORD102662,2023-05-17,Neha Patel,37.0,f,,Electronics,LED Bulb Smart,1.0,716.3,50.0,8.0,,5.0,,,
ORD101777,2023-05-29,Aditya Menon,28.0,m,Delhi,Electronics,Smartphone Cover,3.0,980.35,0.0,4.0,,5.0,,FLAT100,Defective Product
ORD101324,2025-02-28,Sara Shah,21.0,m,,Electronics,Portable Speaker,2.0,1069.28,20.0,7.0,UPI,5.0,0.0,,
ORD102825,2025-02-06,Priya Verma,28.0,Male,Mumbai,Home & Kitchen,Steel Water Bottle,1.0,395.15,0.0,9.0,UPI,5.0,100.0,,
ORD101593,2023-01-18,Kabir Kapoor,38.0,Female,Ahmedabad,Electronics,Wireless Mouse,3.0,798.44,30.0,7.0,Credit Card,,80.0,SAVE10,
ORD100658,2023-03-08,Ishita Reddy,32.0,Female,Lucknow,Electronics,Portable Speaker,3.0,1214.53,25.0,2.0,UPI,4.0,100.0,,
ORD101969,2023-05-20,Navya Bhat,39.0,Female,Jaipur,Footwear,Casual Sneakers,4.0,571.33,0.0,6.0,,,,,Changed Mind
ORD101707,2025-04-11,Navya Joshi,45.0,M,Mumbai,Electronics,Wireless Mouse,2.0,2482.86,5.0,7.0,UPI,3.0,,WELCOME50,
ORD102501,2023-04-01,Myra Singh,46.0,Female,,Apparel,Denim Jeans,1.0,1464.28,50.0,2.0,Net Banking,,,,Late Delivery
ORD100280,2023-09-09,Kabir Shah,35.0,,Lucknow,Apparel,Ethnic Saree,1.0,891.6,25.0,3.0,Debit Card,4.0,40.0,FLAT100,
ORD101825,2024-01-03,Anika Menon,50.0,Male,Kolkata,Footwear,Flip Flops,1.0,1886.72,15.0,2.0,Credit Card,1.0,,NEWUSER15,
ORD102495,2023-10-24,Sai Chopra,29.0,F,Delhi,Electronics,Power Bank 10000mAh,2.0,773.35,5.0,7.0,Credit Card,,100.0,,
ORD100110,2023-09-10,Rohan Patel,37.0,F,Jaipur,Apparel,Men Cotton T-Shirt,1.0,475.26,15.0,4.0,Debit Card,4.0,60.0,FLAT100,
ORD101537,2023-04-11,Pari Sharma,36.0,F,Chandigarh,Electronics,Power Bank 10000mAh,2.0,2110.93,0.0,4.0,UPI,5.0,,FLAT100,
ORD102755,2024-11-02,Vihaan Iyer,23.0,F,Ahmedabad,Apparel,Formal Shirt,1.0,787.08,10.0,4.0,Debit Card,4.0,,,
ORD100840,2023-09-21,Navya Verma,43.0,Male,Hyderabad,Electronics,USB-C Cable,1.0,1598.09,10.0,4.0,Debit Card,3.0,40.0,NEWUSER15,
ORD102280,2024-11-26,Ishaan Menon,30.0,Male,,Electronics,Bluetooth Earbuds,1.0,508.19,10.0,2.0,,2.0,100.0,FLAT100,
ORD101209,2025-05-27,Priya Rao,36.0,Female,Chandigarh,Apparel,Men Cotton T-Shirt,2.0,757.84,30.0,4.0,,,,,
ORD102430,2023-05-01,Sara Gupta,39.0,Male,Delhi,Beauty & Personal Care,Sunscreen SPF50,2.0,770.1,150.0,5.0,Credit Card,3.0,40.0,FLAT100,
ORD101144,2024-01-16,Nikhil Menon,21.0,Male,Mumbai,Apparel,Kids Hoodie,3.0,1200.98,15.0,2.0,Credit Card,,,,
ORD101308,2024-10-09,Nikhil Gupta,,Female,Delhi,Grocery,Basmati Rice 5kg,1.0,385.12,15.0,6.0,,4.0,,WELCOME50,
ORD102396,2025-05-12,Amit Patel,56.0,m,Indore,Home & Kitchen,Cotton Bedsheet Set,1.0,,5.0,6.0,,5.0,0.0,,
ORD100864,2025-02-09,Anika Chopra,25.0,m,Indore,Home & Kitchen,Curtain Set,2.0,1221.87,20.0,2.0,Debit Card,,100.0,,
ORD100419,2024-04-06,Arjun Iyer,21.0,F,Kolkata,Home & Kitchen,Storage Container Set,2.0,,0.0,7.0,Debit Card,,60.0,SAVE10,
ORD102431,2024-04-20,Karan Shah,31.0,Female,Mumbai,Home & Kitchen,Kitchen Organizer,2.0,237.13,5.0,8.0,UPI,1.0,0.0,FEST20,
ORD100694,2023-10-20,Neha Shah,35.0,M,,Home & Kitchen,Kitchen Organizer,3.0,1473.02,10.0,4.0,Debit Card,5.0,40.0,,Defective Product
ORD100662,2023-02-02,Kabir Bhat,25.0,Female,Pune,Home & Kitchen,Steel Water Bottle,2.0,244.56,15.0,8.0,UPI,4.0,0.0,,
ORD101806,2023-01-08,Ishita Kapoor,49.0,Male,Lucknow,Electronics,Smartwatch Band,1.0,1651.09,10.0,3.0,Debit Card,3.0,,,
ORD102753,2024-08-16,Aarav Agarwal,31.0,F,Pune,Apparel,Woolen Sweater,1.0,1470.25,40.0,9.0,Credit Card,1.0,80.0,,
ORD100523,2024-11-12,Aadhya Shah,44.0,Female,Chennai,Grocery,Green Tea Pack,2.0,338.77,0.0,2.0,UPI,5.0,0.0,WELCOME50,Size Issue
ORD102904,2023-10-21,Nikhil Joshi,33.0,,Hyderabad,Beauty & Personal Care,Beard Trimmer,2.0,508.73,10.0,3.0,UPI,5.0,,,
ORD101785,2023-08-10,Kabir Menon,36.0,Male,Kolkata,Home & Kitchen,Kitchen Organizer,1.0,825.89,5.0,4.0,UPI,,0.0,FEST20,
ORD100769,2023-12-09,Diya Singh,22.0,m,,Grocery,Honey 500g,2.0,554.17,5.0,6.0,Credit Card,,,,
ORD102023,2024-10-04,Kabir Mehta,36.0,Male,Ahmedabad,Electronics,LED Bulb Smart,1.0,2265.08,20.0,3.0,Credit Card,5.0,0.0,,
ORD100666,2024-04-03,Pari Singh,17.0,m,Lucknow,Grocery,Basmati Rice 5kg,2.0,165.53,20.0,3.0,Debit Card,,0.0,,
ORD100669,2023-05-01,Neha Deshmukh,30.0,F,Delhi,Beauty & Personal Care,Beard Trimmer,4.0,5449.886613658033,40.0,3.0,UPI,3.0,0.0,,
ORD101275,2024-10-11,Pari Reddy,32.0,Male,Delhi,Electronics,Portable Speaker,1.0,1240.75,5.0,4.0,UPI,5.0,80.0,WELCOME50,Defective Product
ORD102136,2024-11-01,Vihaan Rao,36.0,Other,Jaipur,Apparel,Formal Shirt,4.0,1473.39,10.0,6.0,UPI,,100.0,,
ORD100612,2024-12-15,Reyansh Iyer,15.0,F,Nagpur,Apparel,Formal Shirt,1.0,405.96,0.0,4.0,Net Banking,4.0,100.0,,
ORD100631,2023-11-08,Sai Verma,40.0,Male,Lucknow,Home & Kitchen,Non-Stick Pan,1.0,1697.87,25.0,4.0,Debit Card,5.0,,,
ORD102223,2024-01-21,Aadhya Patel,23.0,Male,Kochi,Apparel,Sports Track Pant,4.0,786.0,5.0,7.0,Net Banking,,80.0,,
ORD100863,2023-10-11,Pooja Kulkarni,,Female,Delhi,Home & Kitchen,Curtain Set,3.0,643.09,20.0,3.0,Credit Card,,,SAVE10,
ORD100795,2023-09-27,Pari Shah,32.0,Male,Mumbai,Home & Kitchen,Storage Container Set,2.0,311.09,15.0,7.0,UPI,3.0,,,
ORD100444,2024-04-08,Rohan Bhat,45.0,M,Delhi,Electronics,Bluetooth Earbuds,1.0,1592.71,0.0,8.0,Debit Card,,150.0,,
ORD102189,2023-12-02,Sai Agarwal,40.0,,Lucknow,Apparel,Sports Track Pant,0.0,682.19,0.0,5.0,,5.0,,,
ORD100732,2025-04-19,Karan Verma,54.0,m,Pune,Home & Kitchen,LED Table Lamp,1.0,555.39,20.0,6.0,Credit Card,,,,
ORD102837,2025-03-29,Nikhil Gupta,31.0,M,Pune,Electronics,Wireless Mouse,2.0,819.05,0.0,8.0,Debit Card,4.0,40.0,WELCOME50,
ORD102078,2023-08-24,Nikhil Shah,30.0,F,,Beauty & Personal Care,Beard Trimmer,2.0,422.17,15.0,4.0,Cash on Delivery,3.0,0.0,,
ORD102425,2024-05-26,Diya Shah,27.0,M,Surat,Home & Kitchen,Non-Stick Pan,1.0,1308.14,30.0,2.0,Credit Card,5.0,100.0,,
ORD100427,2025-01-02,Reyansh Verma,,,,Beauty & Personal Care,Beard Trimmer,4.0,109.89,15.0,6.0,Net Banking,3.0,100.0,,
ORD100412,2023-01-07,Kavya Singh,39.0,Female,Delhi,Home & Kitchen,Cotton Bedsheet Set,2.0,1676.52,15.0,9.0,UPI,3.0,,,
ORD102059,2024-01-03,Aadhya Mehta,40.0,Male,Hyderabad,Grocery,Cooking Oil 1L,3.0,690.88,30.0,4.0,,3.0,0.0,,
ORD101414,2024-06-16,Arjun Iyer,32.0,m,Ahmedabad,Apparel,Denim Jeans,1.0,738.71,0.0,4.0,UPI,4.0,,,
ORD102268,2023-04-18,Rahul Verma,36.0,f,Lucknow,Electronics,Power Bank 10000mAh,2.0,1255.58,5.0,4.0,,3.0,100.0,,Defective Product
ORD101782,2023-01-22,Kabir Singh,54.0,Female,Mumbai,Apparel,Woolen Sweater,1.0,714.98,0.0,7.0,UPI,,100.0,SAVE10,
ORD100301,2025-01-22,Pooja Mehta,19.0,,Surat,Beauty & Personal Care,Herbal Shampoo,2.0,721.96,15.0,2.0,UPI,3.0,150.0,,
ORD102869,2023-07-07,Rahul Iyer,53.0,Male,Mumbai,Home & Kitchen,Cotton Bedsheet Set,2.0,1024.81,0.0,9.0,,2.0,100.0,,
ORD102502,2024-11-17,Riya Joshi,28.0,Female,Bengaluru,Apparel,Women Kurti,1.0,529.44,20.0,2.0,,,0.0,,
ORD101483,2023-04-13,Riya Chopra,46.0,Female,Pune,Apparel,Denim Jeans,3.0,1249.82,0.0,9.0,Net Banking,1.0,,,Wrong Item Delivered
ORD101134,2024-07-13,Nikhil Iyer,39.0,F,Mumbai,Apparel,Women Kurti,5.0,1491.64,0.0,7.0,UPI,5.0,150.0,,
ORD101977,2023-11-07,Nikhil Singh,51.0,,Surat,Apparel,Men Cotton T-Shirt,1.0,996.0,20.0,9.0,Debit Card,1.0,,,
ORD102157,2024-07-29,Sneha Bhat,29.0,m,Lucknow,Beauty & Personal Care,Lip Balm Pack,2.0,586.3,10.0,2.0,,2.0,100.0,,
ORD100640,2024-09-03,Anika Nair,30.0,female,Nagpur,Home & Kitchen,Storage Container Set,2.0,1545.81,0.0,3.0,Debit Card,1.0,60.0,WELCOME50,
ORD102357,2023-10-14,Pooja Iyer,39.0,F,Delhi,Electronics,LED Bulb Smart,2.0,1050.51,0.0,4.0,Credit Card,,0.0,SAVE10,
ORD101524,2024-07-03,Pooja Pillai,34.0,F,Delhi,Electronics,Portable Speaker,1.0,704.76,20.0,6.0,,5.0,,FEST20,
ORD102171,2024-11-09,Ishaan Verma,37.0,f,Pune,Electronics,Smartphone Cover,1.0,1582.34,25.0,2.0,,4.0,100.0,,
ORD102200,2023-11-30,Kabir Sharma,41.0,f,Kolkata,Grocery,Cooking Oil 1L,5.0,297.22,10.0,7.0,UPI,4.0,150.0,,
ORD102265,2023-03-28,Anika Patel,34.0,MALE,Jaipur,Electronics,Bluetooth Earbuds,3.0,6550.603793901976,0.0,2.0,Debit Card,5.0,,,Late Delivery
ORD102968,2024-10-17,Pooja Gupta,44.0,Female,Chandigarh,Beauty & Personal Care,Herbal Shampoo,3.0,344.93,10.0,4.0,Credit Card,4.0,0.0,,
ORD100440,2025-06-05,Aadhya Gupta,38.0,F,Indore,Beauty & Personal Care,Sunscreen SPF50,1.0,356.62,0.0,9.0,UPI,4.0,,FLAT100,Wrong Item Delivered
ORD100414,2023-12-25,Ananya Chopra,29.0,Male,Lucknow,Home & Kitchen,Cotton Bedsheet Set,2.0,230.49,50.0,6.0,Debit Card,,0.0,WELCOME50,
ORD102732,2025-04-28,Priya Sharma,15.0,F,,Footwear,Formal Leather Shoes,2.0,594.67,15.0,8.0,Credit Card,4.0,0.0,FLAT100,
ORD102589,2023-11-11,Kabir Menon,30.0,Female,Bengaluru,Electronics,USB-C Cable,4.0,1126.71,10.0,5.0,UPI,,100.0,,
ORD102081,2023-03-25,Sara Patel,25.0,Male,Chennai,Footwear,Formal Leather Shoes,2.0,455.07,5.0,4.0,UPI,4.0,,FEST20,
ORD100945,2023-04-19,Diya Kapoor,21.0,Male,,Beauty & Personal Care,Sunscreen SPF50,1.0,178.18,5.0,9.0,Credit Card,,,SAVE10,Changed Mind
ORD101875,2023-04-20,Amit Verma,30.0,Female,Ahmedabad,Home & Kitchen,Wall Clock,4.0,1288.02,0.0,3.0,Credit Card,5.0,0.0,FEST20,
ORD100299,2023-01-20,Ananya Agarwal,33.0,Male,Mumbai,Grocery,Assorted Dry Fruits,1.0,573.73,5.0,5.0,Credit Card,5.0,100.0,,
ORD102905,2025-02-26,Vivaan Mehta,26.0,Male,Pune,Home & Kitchen,LED Table Lamp,3.0,1733.35,20.0,4.0,Credit Card,4.0,40.0,,
ORD101321,2023-09-08,Rohan Joshi,39.0,Male,Surat,Grocery,Instant Noodles Pack,3.0,111.32,5.0,3.0,Credit Card,,,,
ORD102498,2023-01-30,Vihaan Kulkarni,46.0,Male,Delhi,Grocery,Instant Noodles Pack,2.0,,10.0,8.0,UPI,5.0,100.0,,
ORD102547,2023-12-08,Aarav Iyer,34.0,Female,Kochi,Electronics,Power Bank 10000mAh,4.0,1426.46,25.0,6.0,UPI,3.0,0.0,,
ORD102704,2023-03-04,Aditya Iyer,32.0,m,,Footwear,Formal Leather Shoes,3.0,472.01,20.0,3.0,,5.0,0.0,,
ORD102733,2023-07-15,Vihaan Sharma,30.0,m,Surat,Apparel,Denim Jeans,1.0,836.45,10.0,2.0,,,,,
ORD100833,2023-05-11,Vivaan Singh,41.0,Male,Kolkata,Electronics,LED Bulb Smart,3.0,982.5,20.0,7.0,Credit Card,3.0,0.0,,
ORD102312,2024-10-24,Aditya Chopra,33.0,female,Indore,Electronics,Wireless Mouse,3.0,590.21,20.0,8.0,Cash on Delivery,,,,
ORD102537,2024-03-30,Vihaan Kapoor,34.0,Male,Mumbai,Home & Kitchen,Storage Container Set,3.0,708.02,0.0,4.0,Debit Card,1.0,40.0,,
ORD100985,2024-08-17,Nikhil Pillai,42.0,F,Indore,Home & Kitchen,Storage Container Set,3.0,888.33,15.0,9.0,Credit Card,5.0,,,
ORD102363,2024-12-17,Rohan Verma,34.0,Male,Chandigarh,Apparel,Women Kurti,1.0,814.08,0.0,6.0,Credit Card,5.0,60.0,,
ORD102407,2024-10-09,Priya Patel,47.0,Female,Jaipur,Beauty & Personal Care,Herbal Shampoo,2.0,311.3,15.0,3.0,Credit Card,5.0,,,
ORD102747,2025-01-06,Ananya Iyer,38.0,Female,Chandigarh,Electronics,Bluetooth Earbuds,2.0,915.37,30.0,9.0,UPI,,150.0,,Defective Product
ORD100890,2023-04-02,Rohan Pillai,32.0,M,Hyderabad,Electronics,Portable Speaker,1.0,1556.04,5.0,8.0,UPI,4.0,40.0,,
ORD100172,2024-12-03,Myra Menon,49.0,Female,Lucknow,Grocery,Honey 500g,5.0,608.68,25.0,2.0,Credit Card,4.0,0.0,,
ORD102576,2023-09-04,Ananya Reddy,18.0,Male,,Grocery,Instant Noodles Pack,1.0,556.12,50.0,6.0,Debit Card,,80.0,,
ORD101073,2024-04-23,Myra Nair,49.0,,Hyderabad,Apparel,Sports Track Pant,1.0,323.51,10.0,4.0,,4.0,80.0,,
ORD102164,2025-05-19,Diya Pillai,34.0,Female,Hyderabad,Grocery,Assorted Dry Fruits,2.0,497.37,20.0,6.0,UPI,,0.0,WELCOME50,
ORD100110,2023-09-10,Rohan Patel,37.0,F,Jaipur,Apparel,Men Cotton T-Shirt,1.0,475.26,15.0,4.0,Debit Card,4.0,60.0,FLAT100,
ORD100070,2024-12-25,Pooja Iyer,37.0,Male,Mumbai,Apparel,Women Kurti,3.0,1274.23,5.0,6.0,UPI,5.0,80.0,SAVE10,
ORD101506,2025-04-12,Arjun Agarwal,21.0,Female,Ahmedabad,Grocery,Whole Wheat Atta 5kg,3.0,453.62,5.0,8.0,UPI,4.0,0.0,,Wrong Item Delivered
ORD101966,2023-12-04,Ananya Rao,36.0,m,,Footwear,Sandals,4.0,762.41,30.0,5.0,,2.0,,,
ORD101078,2024-01-16,Ishita Shah,32.0,m,Jaipur,Grocery,Honey 500g,4.0,371.83,10.0,6.0,Debit Card,,80.0,,
ORD100868,2024-02-11,Myra Kulkarni,33.0,Male ,Bengaluru,Apparel,Ethnic Saree,1.0,1038.33,0.0,8.0,,,80.0,,
ORD102921,2024-12-03,Rahul Gupta,32.0,F,Jaipur,Electronics,Wireless Mouse,3.0,1297.14,0.0,2.0,UPI,3.0,,,
ORD101780,2023-02-12,Vivaan Mehta,28.0,Female,Bengaluru,Beauty & Personal Care,Body Lotion,2.0,640.13,0.0,6.0,Credit Card,5.0,100.0,FEST20,
ORD101916,2023-12-06,Kabir Chopra,26.0,Female,Kolkata,Grocery,Spices Combo Pack,4.0,94.33,20.0,5.0,Net Banking,4.0,150.0,NEWUSER15,Size Issue
ORD101445,2023-02-02,Anika Mehta,36.0,M,Nagpur,Grocery,Honey 500g,1.0,530.88,15.0,9.0,UPI,,,,
ORD100034,2025-03-19,Sara Pillai,52.0,M,Surat,Beauty & Personal Care,Face Wash 100ml,3.0,138.57,0.0,9.0,Credit Card,5.0,,FEST20,
ORD100935,2024-11-18,Riya Sharma,38.0,Female,Delhi,Electronics,Portable Speaker,3.0,1080.56,0.0,3.0,,5.0,100.0,FLAT100,
ORD100992,2023-06-29,Myra Deshmukh,47.0,M,Indore,Apparel,Sports Track Pant,1.0,1179.63,5.0,6.0,,5.0,80.0,FLAT100,
ORD101223,2023-10-23,Sai Agarwal,35.0,f,Chandigarh,Electronics,Power Bank 10000mAh,2.0,2431.24,0.0,2.0,UPI,4.0,,FLAT100,
ORD100803,2023-12-07,Priya Agarwal,39.0,F,,Apparel,Sports Track Pant,1.0,856.22,0.0,9.0,UPI,5.0,,NEWUSER15,
ORD100361,2025-03-22,Priya Reddy,33.0,Female,Nagpur,Footwear,Running Shoes,2.0,1033.89,10.0,3.0,,5.0,0.0,,
ORD100420,2023-12-16,Anika Iyer,35.0,F,Mumbai,Apparel,Kids Hoodie,1.0,944.83,40.0,5.0,UPI,2.0,,,
ORD100426,2025-02-26,Aarav Nair,40.0,f,,Grocery,Basmati Rice 5kg,1.0,173.37,5.0,4.0,Cash on Delivery,,80.0,NEWUSER15,Size Issue
ORD100619,2023-05-08,Kabir Sharma,23.0,F,Chandigarh,Beauty & Personal Care,Hair Oil 200ml,2.0,829.98,0.0,5.0,Credit Card,3.0,40.0,WELCOME50,
ORD100375,2023-03-28,Reyansh Shah,34.0,Male,Mumbai,Home & Kitchen,Steel Water Bottle,1.0,1620.61,0.0,8.0,Debit Card,5.0,,,
ORD100030,2024-02-15,Pooja Bhat,50.0,Male,Lucknow,Home & Kitchen,LED Table Lamp,2.0,697.45,5.0,7.0,Credit Card,4.0,40.0,,Wrong Item Delivered
ORD100372,2024-01-09,Krishna Shah,42.0,MALE,Mumbai,Home & Kitchen,Wall Clock,2.0,1522.51,5.0,7.0,UPI,5.0,150.0,WELCOME50,
ORD100340,2023-11-10,Sneha Shah,27.0,Male,Pune,Footwear,Casual Sneakers,1.0,1700.69,10.0,4.0,Cash on Delivery,,150.0,FEST20,
ORD100584,2024-01-04,Vihaan Verma,18.0,Male,Chennai,Electronics,LED Bulb Smart,1.0,1652.86,15.0,6.0,,4.0,,,
ORD100118,2023-08-12,Sneha Singh,32.0,m,Delhi,Apparel,Men Cotton T-Shirt,1.0,440.54,30.0,7.0,Credit Card,5.0,0.0,,
ORD102528,2023-03-20,Arjun Deshmukh,,,Lucknow,Apparel,Men Cotton T-Shirt,75.0,,30.0,3.0,Net Banking,4.0,,,
ORD101325,2023-06-20,Rahul Kulkarni,32.0,Female,Indore,Beauty & Personal Care,Herbal Shampoo,4.0,823.44,40.0,9.0,UPI,4.0,60.0,,
ORD102091,2023-10-25,Amit Iyer,39.0,F,Chennai,Grocery,Basmati Rice 5kg,2.0,428.06,5.0,3.0,UPI,5.0,0.0,,
ORD101391,2024-04-27,Ishaan Singh,41.0,M,Chennai,Beauty & Personal Care,Hair Oil 200ml,4.0,231.85,25.0,6.0,Cash on Delivery,,60.0,,Changed Mind
ORD101975,2023-02-15,Reyansh Kulkarni,36.0,Male,Hyderabad,Apparel,Kids Hoodie,1.0,546.83,10.0,5.0,,,60.0,,
ORD102384,2023-06-17,Krishna Sharma,35.0,Male,Lucknow,Home & Kitchen,Kitchen Organizer,3.0,1015.27,5.0,7.0,,4.0,,,
ORD101086,2024-12-31,Aadhya Rao,36.0,Male,Chennai,Home & Kitchen,Non-Stick Pan,1.0,1675.39,0.0,9.0,UPI,,,,
ORD100305,2023-05-08,Vivaan Verma,36.0,F,Ahmedabad,Grocery,Assorted Dry Fruits,1.0,205.39,30.0,8.0,UPI,2.0,,,
ORD101818,2024-10-04,Vihaan Patel,39.0,Female,Chandigarh,Electronics,Bluetooth Earbuds,1.0,2252.52,10.0,4.0,UPI,4.0,40.0,,
ORD100637,2023-09-28,Sai Patel,53.0,M,Jaipur,Grocery,Assorted Dry Fruits,1.0,411.84,25.0,5.0,Debit Card,,60.0,,
ORD102612,2023-01-04,Vivaan Joshi,36.0,Female,Lucknow,Electronics,Smartphone Cover,2.0,2364.27,20.0,7.0,UPI,4.0,100.0,,
ORD101040,2024-10-05,Krishna Agarwal,35.0,Male,Chandigarh,Footwear,Flip Flops,2.0,1485.8,20.0,2.0,Debit Card,3.0,,,Late Delivery
ORD100707,2023-10-16,Ishaan Nair,20.0,Male,Chennai,Footwear,Sandals,4.0,839.8,25.0,9.0,Credit Card,2.0,,,
ORD101705,2025-02-21,Karan Bhat,57.0,m,Lucknow,Beauty & Personal Care,Beard Trimmer,2.0,340.38,30.0,3.0,Credit Card,4.0,40.0,,
ORD102812,2023-06-30,Karan Iyer,39.0,M,Chandigarh,Electronics,Portable Speaker,3.0,818.46,15.0,6.0,Credit Card,,40.0,,
ORD102996,2023-10-02,Pooja Nair,34.0,Male,Surat,Grocery,Instant Noodles Pack,4.0,172.46,15.0,7.0,UPI,2.0,150.0,WELCOME50,Quality Not as Expected
ORD100468,2023-06-15,Ishita Verma,20.0,Female,Jaipur,Grocery,Spices Combo Pack,2.0,220.54,0.0,9.0,,,80.0,FEST20,
ORD102220,2025-05-11,Navya Reddy,37.0,Male,Kolkata,Grocery,Green Tea Pack,1.0,207.99,15.0,7.0,UPI,3.0,,FLAT100,
ORD100079,2024-09-02,Vivaan Patel,28.0,M,Lucknow,Footwear,Sandals,1.0,1149.01,40.0,4.0,Credit Card,5.0,,,Defective Product
ORD102944,2025-01-18,Myra Chopra,,F,Nagpur,Apparel,Women Kurti,3.0,1314.63,10.0,5.0,Debit Card,5.0,80.0,,
ORD100734,2023-12-09,Neha Kulkarni,48.0,F,Delhi,Beauty & Personal Care,Beard Trimmer,2.0,304.57,0.0,5.0,UPI,3.0,40.0,FEST20,
ORD100847,2023-02-17,Aarav Pillai,27.0,F,Indore,Electronics,LED Bulb Smart,1.0,1856.38,15.0,8.0,Cash on Delivery,5.0,40.0,,
ORD102993,2025-02-19,Reyansh Mehta,45.0,m,Chennai,Footwear,Running Shoes,1.0,1080.59,15.0,6.0,Debit Card,,,FLAT100,
ORD102403,2024-05-16,Anika Mehta,15.0,Male,Chennai,Apparel,Formal Shirt,1.0,572.41,15.0,8.0,,4.0,40.0,NEWUSER15,
ORD101576,2024-05-14,Reyansh Nair,29.0,Female,Nagpur,Home & Kitchen,Steel Water Bottle,1.0,1356.84,0.0,8.0,UPI,5.0,150.0,,
ORD100757,2023-12-16,Riya Verma,48.0,F,Ahmedabad,Electronics,Smartwatch Band,1.0,1498.96,15.0,3.0,,5.0,100.0,,
ORD102287,2025-01-18,Aarav Nair,36.0,M,Chandigarh,Electronics,Wireless Mouse,2.0,814.69,0.0,4.0,Net Banking,,,NEWUSER15,
ORD102316,2023-03-21,Anika Verma,40.0,F,Pune,Home & Kitchen,Storage Container Set,2.0,904.82,5.0,5.0,Net Banking,2.0,,NEWUSER15,
ORD102376,2024-10-21,Vivaan Deshmukh,26.0,Female,Chennai,Electronics,Power Bank 10000mAh,2.0,1216.04,10.0,9.0,,5.0,60.0,,
ORD101680,2025-05-08,Amit Singh,51.0,Male,Kochi,Grocery,Cooking Oil 1L,2.0,296.4,5.0,9.0,Cash on Delivery,5.0,,,Wrong Item Delivered
ORD100474,2024-10-13,Krishna Verma,49.0,Male,Nagpur,Beauty & Personal Care,Herbal Shampoo,1.0,227.15,0.0,3.0,UPI,,0.0,WELCOME50,
ORD102616,2025-06-23,Vihaan Kulkarni,17.0,M,Chandigarh,Grocery,Cooking Oil 1L,4.0,177.24,20.0,3.0,,3.0,,FLAT100,
ORD100203,2024-09-29,Krishna Pillai,33.0,Male,Chennai,Grocery,Honey 500g,4.0,558.03,0.0,9.0,UPI,1.0,40.0,,
ORD102317,2024-02-02,Vihaan Reddy,41.0,M,Hyderabad,Beauty & Personal Care,Body Lotion,2.0,398.17,20.0,4.0,Credit Card,,40.0,FLAT100,Wrong Item Delivered
ORD101157,2025-02-13,Kabir Chopra,40.0,Female,Delhi,Home & Kitchen,LED Table Lamp,1.0,827.33,10.0,5.0,UPI,,0.0,,
ORD101338,2024-01-11,Riya Joshi,35.0,,Chandigarh,Beauty & Personal Care,Body Lotion,3.0,546.5,0.0,2.0,UPI,5.0,0.0,,Changed Mind
ORD101189,2023-12-18,Amit Verma,25.0,F,Chandigarh,Apparel,Woolen Sweater,3.0,678.63,50.0,6.0,Debit Card,,80.0,,Defective Product
ORD100186,2023-06-01,Karan Chopra,45.0,M,Bengaluru,Electronics,Power Bank 10000mAh,1.0,961.09,30.0,5.0,Net Banking,3.0,0.0,FLAT100,
ORD102943,2023-06-21,Karan Shah,51.0,F,Jaipur,Home & Kitchen,Non-Stick Pan,5.0,1363.22,15.0,3.0,,3.0,,,
ORD100691,2024-12-25,Rahul Rao,42.0,Female,Kolkata,Apparel,Woolen Sweater,1.0,491.13,0.0,5.0,Credit Card,4.0,80.0,,
ORD102570,2023-12-02,Vivaan Kulkarni,31.0,Female,Ahmedabad,Grocery,Cooking Oil 1L,3.0,638.74,25.0,3.0,,,,WELCOME50,
ORD101490,2023-09-08,Ishita Agarwal,35.0,Female,Chennai,Apparel,Formal Shirt,1.0,341.18,10.0,8.0,Cash on Delivery,2.0,60.0,NEWUSER15,
ORD101436,2023-10-21,Sara Reddy,15.0,Female,,Beauty & Personal Care,Hair Oil 200ml,1.0,,30.0,2.0,Credit Card,4.0,0.0,,
ORD102763,2023-12-05,Sai Shah,36.0,Female,Chennai,Electronics,USB-C Cable,1.0,10472.973761521422,30.0,3.0,UPI,,,,
ORD100536,2024-02-20,Sara Sharma,150.0,Male,Indore,Grocery,Assorted Dry Fruits,1.0,235.28,25.0,5.0,UPI,2.0,,,
ORD102642,2023-07-05,Arjun Joshi,23.0,,Bengaluru,Grocery,Instant Noodles Pack,1.0,603.22,10.0,8.0,UPI,5.0,0.0,SAVE10,
ORD101801,2024-03-02,Vivaan Reddy,46.0,Male,Hyderabad,Home & Kitchen,Non-Stick Pan,1.0,532.56,0.0,2.0,,5.0,,,
ORD100547,2024-06-22,Pooja Patel,30.0,Male ,Surat,Home & Kitchen,LED Table Lamp,1.0,1338.52,15.0,4.0,UPI,,,,
ORD102047,2024-04-29,Myra Deshmukh,37.0,Male,Chandigarh,Home & Kitchen,Curtain Set,4.0,297.06,50.0,8.0,UPI,,,FEST20,
ORD102356,2024-01-10,Ishaan Kapoor,23.0,M,Bengaluru,Beauty & Personal Care,Beard Trimmer,2.0,,15.0,4.0,UPI,1.0,0.0,,
ORD101693,2023-12-26,Ananya Mehta,20.0,Male,Jaipur,Footwear,Casual Sneakers,1.0,1924.94,10.0,9.0,,2.0,150.0,,Wrong Item Delivered
ORD101294,2024-11-19,Pooja Rao,27.0,,Pune,Footwear,Casual Sneakers,2.0,1029.69,5.0,4.0,Debit Card,4.0,0.0,,
ORD102234,2024-06-20,Aadhya Nair,21.0,F,Lucknow,Home & Kitchen,Wall Clock,5.0,1269.48,5.0,7.0,Net Banking,4.0,,,
ORD101589,2024-10-11,Krishna Reddy,20.0,Male,Lucknow,Grocery,Basmati Rice 5kg,4.0,175.62,0.0,2.0,Debit Card,,0.0,,
ORD102618,2023-10-13,Kavya Kulkarni,22.0,F,Chennai,Electronics,LED Bulb Smart,1.0,910.09,5.0,2.0,Net Banking,4.0,,FLAT100,Late Delivery
ORD100190,2024-09-14,Priya Gupta,32.0,Male,Chennai,Grocery,Cooking Oil 1L,1.0,552.04,0.0,5.0,UPI,4.0,100.0,FLAT100,
ORD102714,2024-04-06,Ananya Sharma,31.0,m,Surat,Beauty & Personal Care,Lip Balm Pack,1.0,549.26,0.0,3.0,Credit Card,5.0,100.0,SAVE10,
ORD100430,2023-03-18,Aarav Verma,28.0,F,,Electronics,LED Bulb Smart,200.0,1562.06,40.0,6.0,Debit Card,4.0,,FLAT100,
ORD102622,2023-11-21,Navya Agarwal,35.0,,Surat,Home & Kitchen,Wall Clock,1.0,266.28,20.0,6.0,UPI,4.0,150.0,,
ORD101234,2024-08-03,Vihaan Iyer,45.0,Female,Lucknow,Apparel,Denim Jeans,2.0,914.13,10.0,9.0,Debit Card,5.0,60.0,,
ORD102096,2025-05-06,Riya Chopra,21.0,Male,Bengaluru,Apparel,Men Cotton T-Shirt,5.0,641.31,0.0,2.0,,,0.0,WELCOME50,
ORD102620,2025-02-10,Navya Verma,22.0,Male,Kolkata,Footwear,Formal Leather Shoes,1.0,435.97,0.0,8.0,Credit Card,5.0,0.0,,
ORD101374,2025-03-19,Pooja Agarwal,22.0,M,Lucknow,Footwear,Sandals,5.0,1340.72,15.0,3.0,UPI,4.0,,,Changed Mind
ORD100002,2024-08-19,Aarav Rao,34.0,Male,,Grocery,Green Tea Pack,1.0,242.49,40.0,2.0,Debit Card,4.0,,WELCOME50,
ORD101159,2023-11-07,Myra Singh,25.0,Male,,Grocery,Assorted Dry Fruits,3.0,285.28,25.0,4.0,Cash on Delivery,5.0,0.0,,
ORD100314,2023-08-11,Riya Mehta,47.0,Female,,Electronics,Portable Speaker,5.0,887.65,25.0,5.0,Credit Card,4.0,100.0,,
ORD102115,2023-07-04,Nikhil Singh,43.0,,Kochi,Beauty & Personal Care,Sunscreen SPF50,1.0,110.41,10.0,3.0,UPI,,80.0,,
ORD100358,2023-03-24,Navya Rao,49.0,Male,Chandigarh,Beauty & Personal Care,Perfume 50ml,2.0,498.97,0.0,2.0,UPI,,60.0,,
ORD100568,2024-08-08,Sai Gupta,22.0,female,Chandigarh,Beauty & Personal Care,Body Lotion,2.0,752.35,20.0,8.0,Net Banking,,40.0,,
ORD101582,2024-04-14,Sneha Singh,28.0,Male,Nagpur,Beauty & Personal Care,Perfume 50ml,2.0,415.85,5.0,6.0,UPI,2.0,,,
ORD100716,2024-04-16,Vihaan Pillai,20.0,Male,Lucknow,Beauty & Personal Care,Sunscreen SPF50,2.0,673.45,15.0,7.0,Debit Card,5.0,80.0,,
ORD101279,2025-02-27,Vihaan Rao,16.0,Female,Kolkata,Grocery,Basmati Rice 5kg,2.0,401.39,30.0,9.0,Debit Card,5.0,0.0,FEST20,
ORD101609,2024-11-03,Arjun Reddy,50.0,Male,Jaipur,Footwear,Casual Sneakers,1.0,2126.4,-10.0,2.0,Credit Card,4.0,60.0,WELCOME50,
ORD101485,2025-02-24,Ishaan Bhat,41.0,Female,Nagpur,Grocery,Green Tea Pack,2.0,83.18,0.0,7.0,Credit Card,,0.0,,
ORD102037,2023-02-06,Rahul Rao,32.0,f,Lucknow,Electronics,USB-C Cable,3.0,1708.97,15.0,2.0,,5.0,0.0,FEST20,Defective Product
ORD100632,2023-12-25,Myra Deshmukh,31.0,Male,Jaipur,Grocery,Spices Combo Pack,1.0,228.94,20.0,-3.0,UPI,,,,
ORD102596,2024-04-01,Diya Mehta,29.0,F,Lucknow,Home & Kitchen,Steel Water Bottle,2.0,770.22,5.0,5.0,Debit Card,4.0,80.0,FEST20,
ORD100713,2023-11-07,Riya Patel,32.0,f,Lucknow,Grocery,Honey 500g,2.0,258.42,0.0,6.0,Credit Card,,,,
ORD100485,2023-07-31,Aditya Sharma,43.0,m,Bengaluru,Electronics,Smartwatch Band,4.0,1173.17,30.0,5.0,,,60.0,,
ORD102866,2024-01-26,Ishita Sharma,27.0,Female,Jaipur,Grocery,Green Tea Pack,4.0,529.92,0.0,7.0,UPI,,150.0,,
ORD100933,2024-08-14,Ananya Deshmukh,40.0,Male ,Nagpur,Grocery,Honey 500g,2.0,355.54,25.0,7.0,Debit Card,5.0,0.0,FEST20,
ORD101991,2024-02-04,Kavya Reddy,30.0,f,Kolkata,Apparel,Denim Jeans,3.0,306.97,5.0,3.0,Debit Card,4.0,0.0,,
ORD102173,2024-11-27,Riya Deshmukh,50.0,F,Hyderabad,Home & Kitchen,Wall Clock,3.0,1254.96,10.0,6.0,UPI,,0.0,,
ORD102613,2024-06-28,Diya Singh,41.0,f,Surat,Grocery,Green Tea Pack,1.0,594.06,30.0,4.0,,5.0,0.0,,
ORD102455,2023-12-25,Rahul Mehta,34.0,F,Kochi,Beauty & Personal Care,Lip Balm Pack,2.0,487.18,30.0,9.0,,5.0,,,
ORD102582,2024-11-10,Anika Verma,46.0,F,Kolkata,Home & Kitchen,Storage Container Set,1.0,1032.08,10.0,9.0,Credit Card,4.0,,,
ORD102955,2024-12-04,Krishna Kulkarni,43.0,,Pune,Grocery,Assorted Dry Fruits,1.0,109.44,20.0,4.0,Credit Card,,0.0,SAVE10,Quality Not as Expected
ORD100450,2025-05-24,Karan Mehta,27.0,Female,Jaipur,Grocery,Assorted Dry Fruits,2.0,667.82,30.0,8.0,Debit Card,,0.0,,
ORD102224,2024-01-01,Navya Singh,44.0,F,Surat,Electronics,Smartphone Cover,1.0,1884.65,5.0,6.0,Net Banking,5.0,80.0,,
ORD101263,2024-01-21,Rohan Patel,36.0,Female,Ahmedabad,Beauty & Personal Care,Face Wash 100ml,2.0,507.54,5.0,6.0,UPI,1.0,,,
ORD102414,2023-12-05,Amit Menon,32.0,,,Apparel,Sports Track Pant,1.0,995.74,30.0,9.0,Net Banking,1.0,40.0,,
ORD101796,2025-06-07,Karan Bhat,38.0,Female,Chennai,Home & Kitchen,Kitchen Organizer,3.0,1131.08,10.0,2.0,Debit Card,,,FEST20,Defective Product
ORD100278,2024-11-10,Kabir Singh,23.0,F,Indore,Beauty & Personal Care,Hair Oil 200ml,4.0,853.5,30.0,8.0,UPI,,,FEST20,
ORD100151,2023-09-14,Aadhya Rao,31.0,M,Pune,Beauty & Personal Care,Body Lotion,2.0,576.69,0.0,9.0,Net Banking,,,,
ORD101102,2025-04-17,Anika Shah,22.0,Male ,,Home & Kitchen,Non-Stick Pan,4.0,1585.54,0.0,2.0,UPI,4.0,100.0,,
ORD101513,2023-01-21,Rohan Bhat,49.0,Female,Bengaluru,Electronics,USB-C Cable,1.0,1401.52,0.0,4.0,UPI,4.0,80.0,NEWUSER15,
ORD102314,2023-07-26,Rahul Iyer,32.0,Female,Kochi,Grocery,Cooking Oil 1L,2.0,447.0,0.0,4.0,,,,NEWUSER15,
ORD100773,2024-10-15,Rohan Deshmukh,41.0,Female,Bengaluru,Beauty & Personal Care,Herbal Shampoo,3.0,388.66,0.0,6.0,,,0.0,,
ORD101179,2024-01-22,Rohan Gupta,,Female,Surat,Footwear,Casual Sneakers,4.0,1674.38,10.0,3.0,UPI,,,FEST20,
ORD102984,2024-10-17,Sara Bhat,56.0,m,Indore,Grocery,Instant Noodles Pack,1.0,542.18,5.0,5.0,Cash on Delivery,4.0,150.0,,
ORD101368,2025-05-27,Rahul Mehta,41.0,,Indore,Electronics,Bluetooth Earbuds,3.0,1357.38,25.0,9.0,,,100.0,,
ORD102826,2023-11-26,Sara Joshi,40.0,,Hyderabad,Beauty & Personal Care,Perfume 50ml,1.0,561.96,25.0,3.0,UPI,,,,
ORD101922,2025-01-21,Priya Chopra,24.0,Female,Ahmedabad,Electronics,Portable Speaker,2.0,1581.71,0.0,8.0,Credit Card,2.0,,,
ORD100386,2023-01-05,Priya Kulkarni,43.0,Male,Bengaluru,Electronics,Wireless Mouse,3.0,,0.0,2.0,Debit Card,3.0,,,
ORD102252,2024-11-26,Nikhil Chopra,26.0,Other,Lucknow,Home & Kitchen,Cotton Bedsheet Set,1.0,629.71,5.0,5.0,UPI,,80.0,,
ORD101420,2025-05-15,Kabir Reddy,44.0,m,Ahmedabad,Electronics,Smartwatch Band,2.0,2051.88,20.0,8.0,UPI,1.0,,,
ORD100142,2023-09-09,Riya Bhat,42.0,Female,,Beauty & Personal Care,Herbal Shampoo,4.0,778.82,10.0,7.0,UPI,4.0,80.0,,Changed Mind
ORD102041,2024-10-04,Myra Gupta,36.0,m,Kochi,Home & Kitchen,Curtain Set,3.0,427.11,20.0,4.0,UPI,5.0,0.0,,
ORD100705,2024-05-29,Pari Patel,21.0,f,Chandigarh,Home & Kitchen,Curtain Set,1.0,1446.81,20.0,2.0,Debit Card,4.0,,FLAT100,
ORD100099,2023-05-08,Aadhya Mehta,,Male,Kochi,Footwear,Casual Sneakers,2.0,477.27,0.0,8.0,Credit Card,,150.0,NEWUSER15,Quality Not as Expected
ORD101813,2024-03-27,Sara Kulkarni,43.0,Male,Indore,Electronics,USB-C Cable,1.0,1302.49,30.0,2.0,Credit Card,2.0,,,Defective Product
ORD102533,2023-06-05,Riya Kapoor,38.0,Female,Lucknow,Grocery,Honey 500g,1.0,686.8,25.0,7.0,Debit Card,,,,
ORD102321,2023-02-01,Ishaan Patel,28.0,F,Jaipur,Electronics,Smartphone Cover,5.0,983.41,0.0,5.0,UPI,,,,Late Delivery
ORD101005,2025-04-19,Aarav Menon,25.0,F,Nagpur,Home & Kitchen,Cotton Bedsheet Set,1.0,1206.26,0.0,4.0,,,80.0,,
ORD100325,2024-01-17,Aadhya Pillai,31.0,Male,Delhi,Beauty & Personal Care,Hair Oil 200ml,2.0,555.94,15.0,7.0,UPI,5.0,80.0,,
ORD102371,2025-01-19,Aditya Sharma,46.0,M,,Home & Kitchen,Wall Clock,4.0,412.1,0.0,5.0,UPI,3.0,150.0,,
ORD102467,2024-09-11,Kabir Chopra,41.0,,Pune,Electronics,Power Bank 10000mAh,2.0,789.06,5.0,6.0,Debit Card,2.0,,,
ORD100891,2023-12-02,Sara Gupta,33.0,M,,Apparel,Kids Hoodie,3.0,1098.94,20.0,4.0,,5.0,,,
ORD101203,2024-11-24,Aditya Bhat,26.0,Male,Delhi,Apparel,Woolen Sweater,1.0,1100.68,0.0,4.0,UPI,5.0,60.0,SAVE10,
ORD100513,2025-01-13,Sneha Bhat,32.0,Female,Surat,Grocery,Green Tea Pack,1.0,477.48,20.0,9.0,Cash on Delivery,4.0,,,
ORD100356,2023-05-19,Kavya Reddy,27.0,Female,Kolkata,Apparel,Woolen Sweater,2.0,1205.8,0.0,9.0,Debit Card,2.0,80.0,,Changed Mind
ORD102877,2025-05-02,Reyansh Kulkarni,36.0,m,Mumbai,Grocery,Assorted Dry Fruits,3.0,102.07,0.0,4.0,Cash on Delivery,5.0,,,Wrong Item Delivered
ORD101902,2024-10-17,Navya Agarwal,39.0,m,Chennai,Footwear,Formal Leather Shoes,1.0,1106.38,0.0,2.0,UPI,,40.0,,
ORD102277,2023-02-16,Pari Pillai,55.0,Female,Indore,Apparel,Sports Track Pant,1.0,473.16,40.0,2.0,UPI,4.0,80.0,,
ORD101167,2023-12-30,Aarav Joshi,26.0,M,Pune,Home & Kitchen,Steel Water Bottle,3.0,1121.86,10.0,2.0,Credit Card,,0.0,,
ORD101218,2025-01-07,Karan Sharma,48.0,Female,Chandigarh,Home & Kitchen,Storage Container Set,1.0,1401.89,20.0,2.0,UPI,1.0,40.0,,
ORD102230,2024-07-30,Anika Joshi,41.0,Female,Hyderabad,Apparel,Kids Hoodie,1.0,1315.03,30.0,6.0,UPI,3.0,60.0,,
ORD102319,2024-12-06,Sneha Patel,36.0,M,Chandigarh,Home & Kitchen,Storage Container Set,1.0,470.39,20.0,7.0,Debit Card,,80.0,NEWUSER15,
ORD100962,2023-12-14,Aarav Menon,38.0,M,Ahmedabad,Apparel,Denim Jeans,5.0,488.66,0.0,4.0,,3.0,60.0,FLAT100,
ORD101703,2023-07-01,Arjun Iyer,35.0,Male,Kolkata,Grocery,Spices Combo Pack,2.0,349.9,30.0,9.0,,4.0,60.0,,Quality Not as Expected
ORD100036,2025-02-20,Ishita Menon,31.0,Male,Jaipur,Apparel,Kids Hoodie,1.0,982.03,20.0,7.0,UPI,1.0,80.0,,
ORD102526,2024-03-02,Amit Singh,38.0,Female,Chandigarh,Beauty & Personal Care,Body Lotion,3.0,747.42,15.0,4.0,Net Banking,4.0,,FLAT100,
ORD102867,2023-05-24,Sai Joshi,31.0,Male,Lucknow,Grocery,Instant Noodles Pack,4.0,158.64,10.0,5.0,Credit Card,5.0,0.0,,
ORD101635,2024-05-03,Aadhya Reddy,40.0,M,Bengaluru,Beauty & Personal Care,Body Lotion,1.0,406.6,0.0,8.0,Credit Card,3.0,,,
ORD101166,2023-01-20,Vivaan Patel,33.0,M,,Home & Kitchen,LED Table Lamp,1.0,891.4,10.0,7.0,,4.0,100.0,NEWUSER15,
ORD101673,2024-11-21,Amit Menon,20.0,Female,Mumbai,Electronics,Wireless Mouse,1.0,1896.54,15.0,7.0,Cash on Delivery,5.0,0.0,,
ORD101961,2025-06-19,Rahul Gupta,22.0,Male,Kochi,Apparel,Men Cotton T-Shirt,2.0,1489.71,5.0,5.0,Credit Card,,80.0,,
ORD100562,2024-03-25,Ananya Nair,26.0,M,Chennai,Electronics,Smartphone Cover,3.0,1975.19,5.0,8.0,,5.0,0.0,,
ORD102478,2023-03-12,Aarav Menon,32.0,M,Indore,Beauty & Personal Care,Sunscreen SPF50,2.0,701.27,50.0,4.0,UPI,1.0,,,
ORD101096,2025-01-31,Neha Agarwal,25.0,Male,,Electronics,Wireless Mouse,2.0,2334.85,15.0,4.0,Cash on Delivery,,60.0,,
ORD102839,2025-06-04,Navya Agarwal,39.0,Female,Jaipur,Beauty & Personal Care,Hair Oil 200ml,3.0,738.34,30.0,2.0,UPI,4.0,60.0,,
ORD101022,2025-03-02,Sai Joshi,51.0,M,Ahmedabad,Grocery,Assorted Dry Fruits,4.0,89.43,10.0,2.0,Debit Card,4.0,80.0,,
ORD101682,2023-02-02,Anika Pillai,21.0,F,Delhi,Electronics,Smartwatch Band,4.0,1463.76,0.0,9.0,UPI,4.0,0.0,,
ORD100672,2023-12-09,Krishna Gupta,33.0,Male,Mumbai,Grocery,Assorted Dry Fruits,2.0,196.4,0.0,4.0,UPI,2.0,,SAVE10,
ORD101206,2024-04-14,Rohan Rao,36.0,F,Lucknow,Grocery,Honey 500g,1.0,367.19,25.0,6.0,Cash on Delivery,4.0,100.0,SAVE10,
ORD102272,2023-09-28,Navya Bhat,33.0,F,Kolkata,Footwear,Running Shoes,1.0,2192.6,20.0,8.0,Credit Card,,80.0,WELCOME50,
ORD101058,2024-01-22,Amit Iyer,19.0,Female,Chennai,Beauty & Personal Care,Sunscreen SPF50,3.0,390.61,0.0,4.0,,3.0,80.0,,Size Issue
ORD102666,2023-08-08,Pari Deshmukh,29.0,m,Lucknow,Electronics,Smartphone Cover,2.0,1810.43,10.0,9.0,UPI,4.0,,,
ORD101783,2025-05-19,Navya Gupta,21.0,Female,Kolkata,Electronics,Power Bank 10000mAh,2.0,667.65,25.0,3.0,UPI,4.0,,NEWUSER15,
ORD100587,2024-01-19,Vihaan Iyer,45.0,m,Kolkata,Beauty & Personal Care,Hair Oil 200ml,1.0,842.79,0.0,6.0,UPI,4.0,80.0,,
ORD101315,2023-09-30,Karan Sharma,51.0,Male,Surat,Footwear,Running Shoes,1.0,1399.13,0.0,2.0,,1.0,,NEWUSER15,
ORD101416,2024-10-09,Myra Bhat,44.0,,Mumbai,Grocery,Honey 500g,2.0,520.61,10.0,9.0,Debit Card,5.0,,,
ORD102217,2025-06-28,Rahul Nair,36.0,m,Chandigarh,Electronics,Smartphone Cover,1.0,1025.95,10.0,3.0,,5.0,,,
ORD102003,2024-02-22,Karan Patel,23.0,Female,Ahmedabad,Apparel,Denim Jeans,3.0,443.22,5.0,7.0,UPI,5.0,,,
ORD101430,2024-03-04,Amit Menon,39.0,F,,Apparel,Formal Shirt,2.0,337.18,0.0,6.0,UPI,,,FLAT100,
ORD100798,2023-10-15,Priya Nair,30.0,Female,Chandigarh,Grocery,Basmati Rice 5kg,0.0,484.18,5.0,2.0,Credit Card,5.0,100.0,FLAT100,
ORD100071,2023-06-22,Ananya Sharma,21.0,F,Delhi,Grocery,Cooking Oil 1L,2.0,697.99,30.0,8.0,Debit Card,,60.0,,
ORD102365,2023-03-20,Diya Reddy,51.0,M,,Footwear,Formal Leather Shoes,1.0,1908.67,15.0,5.0,Debit Card,4.0,,,
ORD102629,2023-02-05,Arjun Singh,42.0,Female,Bengaluru,Apparel,Formal Shirt,5.0,1202.71,0.0,3.0,Credit Card,4.0,150.0,,
ORD100416,2023-10-26,Reyansh Rao,37.0,Female,Hyderabad,Electronics,LED Bulb Smart,2.0,947.88,15.0,2.0,Debit Card,3.0,150.0,,Defective Product
ORD102604,2024-11-21,Arjun Sharma,32.0,Male,Chennai,Beauty & Personal Care,Herbal Shampoo,1.0,729.27,0.0,6.0,Net Banking,4.0,60.0,WELCOME50,
ORD102821,2024-12-03,Aadhya Kulkarni,52.0,Male ,Kochi,Grocery,Honey 500g,1.0,642.67,5.0,4.0,Debit Card,5.0,,,
ORD101670,2024-11-21,Krishna Patel,22.0,f,Chandigarh,Apparel,Ethnic Saree,1.0,575.16,10.0,2.0,UPI,5.0,40.0,,
ORD101629,2023-04-26,Arjun Agarwal,26.0,Male,Pune,Electronics,LED Bulb Smart,3.0,1965.44,10.0,8.0,Credit Card,4.0,,WELCOME50,
ORD100770,2024-08-16,Myra Joshi,23.0,Male,Kochi,Home & Kitchen,Storage Container Set,1.0,1650.75,20.0,6.0,UPI,4.0,150.0,NEWUSER15,
ORD101140,2025-03-13,Vihaan Reddy,36.0,Male ,Chandigarh,Apparel,Woolen Sweater,4.0,668.23,40.0,9.0,,4.0,80.0,WELCOME50,
ORD100178,2025-03-31,Ananya Iyer,38.0,Female,Kolkata,Grocery,Cooking Oil 1L,1.0,371.59,10.0,5.0,,4.0,,FEST20,Changed Mind
ORD102459,2023-02-24,Ishita Chopra,45.0,Female,Hyderabad,Apparel,Women Kurti,1.0,1420.89,15.0,4.0,Debit Card,3.0,40.0,,
ORD100879,2023-01-08,Sara Sharma,29.0,Female,Hyderabad,Electronics,Smartphone Cover,3.0,1051.9,10.0,3.0,,4.0,0.0,,
ORD102024,2023-03-08,Rohan Verma,38.0,Male,Indore,Footwear,Sandals,2.0,1821.18,10.0,6.0,,4.0,0.0,WELCOME50,
ORD102002,2023-12-29,Krishna Pillai,23.0,F,Indore,Beauty & Personal Care,Hair Oil 200ml,1.0,158.53,0.0,8.0,Credit Card,4.0,40.0,WELCOME50,
ORD100841,2024-08-20,Sai Verma,16.0,F,Kolkata,Home & Kitchen,Steel Water Bottle,2.0,743.72,30.0,7.0,Credit Card,4.0,,,
ORD101061,2023-10-27,Navya Bhat,28.0,Male,Bengaluru,Beauty & Personal Care,Sunscreen SPF50,2.0,209.77,25.0,3.0,Cash on Delivery,,60.0,,
ORD102260,2023-01-22,Vihaan Joshi,36.0,F,Hyderabad,Grocery,Cooking Oil 1L,1.0,194.84,15.0,9.0,Credit Card,3.0,80.0,FLAT100,
ORD101897,2024-01-07,Pooja Kapoor,,M,Chandigarh,Beauty & Personal Care,Face Wash 100ml,1.0,593.32,10.0,2.0,Credit Card,3.0,,WELCOME50,
ORD100087,2023-10-12,Rahul Gupta,27.0,Male,Kochi,Apparel,Denim Jeans,3.0,986.12,20.0,9.0,Net Banking,,100.0,WELCOME50,
ORD100883,2023-05-22,Pari Singh,34.0,Male,Hyderabad,Beauty & Personal Care,Body Lotion,1.0,691.38,0.0,9.0,,5.0,,,
ORD101732,2024-09-29,Arjun Bhat,40.0,Male,Kolkata,Electronics,Wireless Mouse,3.0,1951.13,0.0,7.0,Debit Card,2.0,40.0,FLAT100,
ORD102827,2025-05-09,Myra Gupta,46.0,M,Delhi,Beauty & Personal Care,Body Lotion,2.0,780.36,10.0,9.0,UPI,3.0,0.0,SAVE10,
ORD100652,2024-11-16,Ishita Rao,28.0,Female,Ahmedabad,Electronics,Portable Speaker,1.0,1908.84,5.0,4.0,UPI,4.0,0.0,,
ORD101515,2025-04-27,Priya Gupta,23.0,Male,Surat,Beauty & Personal Care,Face Wash 100ml,2.0,263.44,5.0,4.0,Net Banking,,40.0,,
ORD100526,2025-04-21,Arjun Pillai,20.0,Male,Lucknow,Grocery,Instant Noodles Pack,3.0,634.35,15.0,6.0,UPI,4.0,60.0,,
ORD101847,2024-05-09,Anika Shah,24.0,Male,,Electronics,USB-C Cable,4.0,1522.48,0.0,7.0,Debit Card,,100.0,,
ORD102489,2023-11-22,Nikhil Menon,46.0,F,Surat,Grocery,Assorted Dry Fruits,1.0,559.19,15.0,7.0,UPI,5.0,150.0,,
ORD100532,2023-05-22,Amit Kulkarni,120.0,Female,Bengaluru,Footwear,Sandals,2.0,438.07,0.0,3.0,UPI,4.0,0.0,,
ORD101481,2023-01-02,Kavya Singh,43.0,Female,Jaipur,Footwear,Running Shoes,1.0,1835.43,10.0,9.0,Debit Card,5.0,,,Changed Mind
ORD102089,2023-10-15,Nikhil Nair,37.0,Male,,Grocery,Cooking Oil 1L,1.0,665.18,25.0,9.0,Net Banking,4.0,100.0,WELCOME50,Changed Mind
ORD102328,2023-01-25,Vivaan Menon,31.0,F,Delhi,Home & Kitchen,Storage Container Set,1.0,202.26,20.0,5.0,,4.0,0.0,,
ORD101443,2024-01-30,Sara Menon,30.0,F,Lucknow,Footwear,Flip Flops,1.0,1399.57,40.0,8.0,Cash on Delivery,4.0,,,
ORD102553,2024-10-19,Amit Chopra,35.0,Male,Chandigarh,Grocery,Instant Noodles Pack,2.0,516.35,5.0,2.0,Cash on Delivery,4.0,100.0,,
ORD102987,2024-12-13,Ishita Agarwal,24.0,Female,Hyderabad,Beauty & Personal Care,Face Wash 100ml,4.0,435.61,5.0,8.0,UPI,3.0,0.0,,
ORD102519,2025-06-26,Sneha Singh,33.0,Male,Chandigarh,Beauty & Personal Care,Perfume 50ml,3.0,504.8,15.0,9.0,Credit Card,4.0,0.0,,
ORD102963,2023-03-02,Ananya Kulkarni,46.0,Male,Chandigarh,Grocery,Green Tea Pack,3.0,482.06,0.0,2.0,UPI,2.0,150.0,,
ORD102301,2023-05-12,Neha Kapoor,15.0,Male,Kolkata,Grocery,Basmati Rice 5kg,1.0,88.64,15.0,2.0,,3.0,0.0,,
ORD101561,2023-08-20,Arjun Deshmukh,23.0,Female,,Home & Kitchen,Storage Container Set,2.0,767.97,40.0,5.0,,4.0,150.0,,
ORD102966,2023-08-08,Pooja Menon,17.0,MALE,Kolkata,Home & Kitchen,Cotton Bedsheet Set,1.0,1391.24,0.0,6.0,UPI,4.0,60.0,NEWUSER15,
ORD100701,2024-07-15,Aadhya Joshi,26.0,f,,Electronics,Bluetooth Earbuds,3.0,871.72,5.0,3.0,Net Banking,5.0,100.0,SAVE10,
ORD102391,2023-10-14,Aadhya Agarwal,23.0,M,Kochi,Home & Kitchen,Steel Water Bottle,1.0,555.37,5.0,6.0,Debit Card,2.0,,,
ORD102811,2023-09-18,Karan Sharma,23.0,,Kolkata,Home & Kitchen,Steel Water Bottle,2.0,1314.08,25.0,8.0,Credit Card,4.0,,,
ORD102619,2025-05-11,Neha Menon,48.0,M,Bengaluru,Beauty & Personal Care,Herbal Shampoo,2.0,810.55,10.0,6.0,,5.0,100.0,,Wrong Item Delivered
ORD100226,2025-01-06,Ishaan Nair,40.0,Male,Ahmedabad,Grocery,Cooking Oil 1L,2.0,147.26,0.0,8.0,Credit Card,1.0,80.0,SAVE10,
ORD101543,2024-06-02,Rohan Kapoor,36.0,M,Hyderabad,Electronics,Portable Speaker,1.0,1313.95,20.0,3.0,Debit Card,1.0,100.0,,
ORD102786,2024-10-02,Rohan Sharma,35.0,Male,Surat,Beauty & Personal Care,Face Wash 100ml,1.0,755.13,20.0,-1.0,UPI,5.0,0.0,,
ORD100400,2025-06-28,Rahul Mehta,51.0,F,Mumbai,Footwear,Running Shoes,2.0,1551.55,10.0,7.0,Credit Card,1.0,60.0,WELCOME50,
ORD100855,2025-02-12,Krishna Pillai,38.0,Male,Delhi,Apparel,Women Kurti,2.0,806.02,5.0,7.0,UPI,4.0,0.0,,
ORD101595,2023-05-31,Riya Kapoor,38.0,Male,Nagpur,Beauty & Personal Care,Hair Oil 200ml,1.0,119.12,30.0,3.0,Debit Card,4.0,0.0,,Changed Mind
ORD102246,2023-01-16,Pari Nair,29.0,Female,Ahmedabad,Electronics,LED Bulb Smart,2.0,622.92,5.0,7.0,UPI,,40.0,,
ORD101945,2024-11-15,Kabir Kulkarni,32.0,m,Nagpur,Apparel,Kids Hoodie,2.0,846.82,0.0,5.0,,5.0,80.0,,
ORD102033,2024-09-09,Arjun Deshmukh,23.0,Female,Chandigarh,Beauty & Personal Care,Lip Balm Pack,5.0,785.86,0.0,5.0,,5.0,,,
ORD101864,2025-01-30,Pari Chopra,40.0,,Lucknow,Apparel,Ethnic Saree,1.0,946.05,50.0,5.0,UPI,,,,Late Delivery
ORD102774,2023-01-24,Neha Bhat,24.0,Male,Chennai,Beauty & Personal Care,Lip Balm Pack,2.0,429.39,50.0,7.0,Debit Card,4.0,80.0,,
ORD101081,2025-06-20,Ananya Rao,37.0,Female,Bengaluru,Beauty & Personal Care,Face Wash 100ml,2.0,122.28,20.0,8.0,Cash on Delivery,2.0,0.0,NEWUSER15,
ORD101573,2025-01-10,Rahul Bhat,40.0,MALE,Pune,Apparel,Women Kurti,4.0,387.78,10.0,4.0,Credit Card,4.0,,FLAT100,
ORD102888,2023-05-16,Vivaan Kulkarni,26.0,Female,Nagpur,Apparel,Ethnic Saree,1.0,1168.5,15.0,9.0,Debit Card,2.0,100.0,,
ORD100456,2023-05-16,Myra Joshi,32.0,Male,Ahmedabad,Footwear,Running Shoes,1.0,812.58,25.0,7.0,Cash on Delivery,,150.0,,
ORD100842,2023-01-09,Rohan Gupta,60.0,Male,Bengaluru,Electronics,USB-C Cable,2.0,2271.55,25.0,9.0,UPI,5.0,60.0,NEWUSER15,Late Delivery
ORD102724,2024-12-21,Ishita Mehta,47.0,Male,Kolkata,Grocery,Whole Wheat Atta 5kg,2.0,354.53,15.0,5.0,Debit Card,1.0,,,
ORD100338,2023-01-01,Priya Kapoor,31.0,f,Lucknow,Home & Kitchen,Kitchen Organizer,2.0,634.39,5.0,2.0,UPI,,0.0,,
ORD100026,2024-10-07,Aditya Singh,45.0,M,Ahmedabad,Apparel,Sports Track Pant,4.0,752.19,15.0,6.0,Net Banking,,60.0,NEWUSER15,
ORD101183,2023-01-10,Karan Mehta,43.0,F,Surat,Electronics,USB-C Cable,1.0,1984.24,10.0,9.0,Credit Card,4.0,0.0,WELCOME50,
ORD101684,2023-01-15,Riya Singh,32.0,Male,Delhi,Grocery,Cooking Oil 1L,1.0,125.38,20.0,7.0,UPI,4.0,100.0,,
ORD100024,2024-12-13,Rohan Kulkarni,24.0,female,Kochi,Electronics,Portable Speaker,4.0,1177.89,20.0,6.0,,4.0,40.0,,
ORD101459,2023-01-13,Nikhil Patel,28.0,Female,Kochi,Grocery,Basmati Rice 5kg,2.0,97.96,0.0,4.0,,5.0,0.0,NEWUSER15,
ORD102180,2024-09-29,Ishita Nair,39.0,Female,Ahmedabad,Electronics,Bluetooth Earbuds,3.0,1967.77,25.0,3.0,UPI,5.0,0.0,,
ORD102389,2023-10-13,Neha Bhat,33.0,,,Grocery,Cooking Oil 1L,1.0,,25.0,2.0,UPI,,,NEWUSER15,
ORD100000,2023-03-23,Sara Pillai,42.0,M,Bengaluru,Beauty & Personal Care,Lip Balm Pack,1.0,523.49,15.0,7.0,Net Banking,,60.0,,
ORD102109,2023-09-16,Ananya Sharma,41.0,Female,Surat,Electronics,Wireless Mouse,1.0,910.51,25.0,6.0,Credit Card,4.0,0.0,,
ORD102194,2024-08-21,Sai Kapoor,44.0,Female,Chennai,Apparel,Formal Shirt,1.0,1239.24,0.0,3.0,Debit Card,5.0,0.0,,
ORD102609,2025-01-23,Ananya Chopra,33.0,Female,Chandigarh,Electronics,LED Bulb Smart,1.0,865.7,10.0,5.0,,5.0,,,
ORD102131,2025-06-08,Ananya Sharma,43.0,F,Chennai,Apparel,Formal Shirt,3.0,1457.1,0.0,6.0,Cash on Delivery,,0.0,FLAT100,Wrong Item Delivered
ORD100060,2024-12-15,Aditya Patel,33.0,Male,Kolkata,Beauty & Personal Care,Perfume 50ml,1.0,421.03,20.0,9.0,Cash on Delivery,,80.0,,Wrong Item Delivered
ORD100690,2025-06-26,Vihaan Iyer,26.0,F,Lucknow,Apparel,Women Kurti,3.0,1412.86,0.0,8.0,Cash on Delivery,,,,
ORD101010,2023-09-02,Sneha Singh,26.0,Female,Chennai,Home & Kitchen,Cotton Bedsheet Set,2.0,1779.27,15.0,45.0,Credit Card,5.0,,,Defective Product
ORD101751,2024-01-01,Vivaan Chopra,25.0,Female,Delhi,Home & Kitchen,Storage Container Set,3.0,882.51,5.0,8.0,Debit Card,5.0,40.0,FLAT100,Defective Product
ORD101795,2023-07-04,Kabir Chopra,17.0,Female,Ahmedabad,Apparel,Ethnic Saree,1.0,945.14,5.0,8.0,Debit Card,5.0,0.0,,
ORD100563,2023-06-15,Ishita Joshi,33.0,M,Indore,Electronics,Smartphone Cover,2.0,1942.7,15.0,5.0,,4.0,150.0,SAVE10,
ORD102850,2023-06-27,Sara Rao,27.0,Female,Chandigarh,Electronics,Smartphone Cover,2.0,2180.22,0.0,6.0,Credit Card,4.0,40.0,,
ORD101965,2024-11-06,Ishaan Shah,52.0,F,Kolkata,Electronics,USB-C Cable,2.0,713.63,0.0,4.0,UPI,1.0,0.0,,
ORD100582,2023-04-08,Priya Iyer,31.0,F,Hyderabad,Electronics,LED Bulb Smart,2.0,1304.44,10.0,6.0,Debit Card,,100.0,,Defective Product
ORD100433,2024-01-23,Riya Chopra,35.0,Male,Kochi,Electronics,Smartwatch Band,3.0,887.88,10.0,7.0,Net Banking,3.0,80.0,,
ORD101306,2023-08-20,Kavya Agarwal,15.0,M,,Beauty & Personal Care,Herbal Shampoo,2.0,478.18,50.0,9.0,Cash on Delivery,,,,
ORD102668,2023-03-11,Rahul Bhat,24.0,Female,Hyderabad,Apparel,Woolen Sweater,2.0,1081.33,10.0,8.0,Cash on Delivery,1.0,0.0,,
ORD101816,2023-12-09,Riya Reddy,39.0,,Kochi,Electronics,Bluetooth Earbuds,1.0,723.57,20.0,7.0,UPI,5.0,80.0,,
ORD100947,2023-05-03,Anika Sharma,36.0,Female,Bengaluru,Electronics,Portable Speaker,1.0,529.6,50.0,9.0,Credit Card,5.0,0.0,WELCOME50,
ORD102320,2023-04-01,Nikhil Sharma,35.0,Female,,Home & Kitchen,Cotton Bedsheet Set,1.0,880.88,5.0,4.0,Credit Card,5.0,0.0,NEWUSER15,
ORD100539,2023-12-12,Diya Kapoor,40.0,,Lucknow,Grocery,Honey 500g,4.0,586.36,10.0,3.0,Credit Card,4.0,,FEST20,Late Delivery
ORD100423,2024-06-13,Rahul Chopra,36.0,M,Surat,Beauty & Personal Care,Perfume 50ml,1.0,256.77,0.0,5.0,Credit Card,,0.0,,
ORD100241,2024-06-16,Rohan Joshi,,F,Kolkata,Electronics,Smartphone Cover,4.0,2284.78,0.0,8.0,UPI,4.0,100.0,,
ORD100858,2024-09-01,Karan Mehta,30.0,Male,Jaipur,Grocery,Spices Combo Pack,1.0,630.49,0.0,3.0,Credit Card,5.0,40.0,,
ORD101974,2024-05-24,Ishita Deshmukh,41.0,Male,Jaipur,Beauty & Personal Care,Lip Balm Pack,3.0,4736.512945287104,5.0,9.0,Debit Card,3.0,,,Size Issue
ORD100746,2024-04-29,Kavya Singh,15.0,M,Kochi,Electronics,Smartphone Cover,2.0,1029.75,0.0,9.0,Debit Card,4.0,,,
ORD100131,2024-05-19,Navya Pillai,46.0,F,Bengaluru,Footwear,Sandals,1.0,1454.19,5.0,3.0,,5.0,40.0,,
ORD102215,2023-12-22,Riya Joshi,46.0,f,,Home & Kitchen,Steel Water Bottle,2.0,1156.62,15.0,3.0,,3.0,0.0,,
ORD102746,2023-07-24,Vivaan Singh,32.0,f,Ahmedabad,Home & Kitchen,Steel Water Bottle,1.0,1566.76,10.0,6.0,,,,,Quality Not as Expected
ORD102242,2024-02-17,Pari Verma,41.0,M,Indore,Electronics,Portable Speaker,2.0,1413.25,0.0,2.0,UPI,3.0,,SAVE10,
ORD100194,2025-05-24,Sneha Reddy,23.0,F,,Beauty & Personal Care,Hair Oil 200ml,1.0,292.91,5.0,3.0,UPI,,,,
ORD101617,2023-01-21,Sneha Nair,55.0,Female,Surat,Grocery,Basmati Rice 5kg,5.0,245.97,0.0,7.0,UPI,3.0,40.0,SAVE10,
ORD101068,2023-12-16,Pooja Rao,46.0,,Chennai,Electronics,Power Bank 10000mAh,4.0,2153.2,0.0,5.0,UPI,4.0,100.0,,
ORD100832,2024-02-17,Sai Rao,40.0,Other,Hyderabad,Beauty & Personal Care,Perfume 50ml,4.0,769.93,5.0,8.0,UPI,4.0,,,
ORD100735,2024-10-17,Sara Gupta,42.0,,Chandigarh,Beauty & Personal Care,Hair Oil 200ml,1.0,176.44,20.0,3.0,UPI,,,,
ORD101659,2023-08-20,Sara Gupta,28.0,Female,Indore,Home & Kitchen,LED Table Lamp,1.0,742.35,25.0,3.0,UPI,4.0,100.0,,
ORD100170,2024-10-14,Kabir Rao,39.0,,Chennai,Footwear,Formal Leather Shoes,3.0,1882.17,10.0,7.0,,5.0,60.0,,
ORD101163,2024-04-29,Sneha Pillai,15.0,Male,Nagpur,Grocery,Assorted Dry Fruits,3.0,253.78,-25.0,5.0,Debit Card,4.0,0.0,,
ORD102673,2023-06-20,Aditya Gupta,29.0,Female,Pune,Home & Kitchen,Wall Clock,1.0,307.51,0.0,5.0,,5.0,,,
ORD100643,2024-03-14,Pari Menon,50.0,Female,Lucknow,Electronics,Smartphone Cover,1.0,1147.29,5.0,7.0,UPI,,100.0,SAVE10,
ORD100561,2023-12-14,Krishna Joshi,45.0,f,Kochi,Electronics,Smartphone Cover,1.0,1878.87,30.0,5.0,Debit Card,4.0,,,
ORD102515,2024-12-17,Aditya Iyer,22.0,Female,Mumbai,Home & Kitchen,Non-Stick Pan,4.0,752.07,15.0,5.0,Credit Card,,40.0,,
ORD102594,2023-10-06,Riya Chopra,38.0,F,Hyderabad,Apparel,Formal Shirt,1.0,944.32,5.0,5.0,UPI,4.0,100.0,,
ORD100219,2025-04-02,Aditya Nair,49.0,m,Nagpur,Apparel,Sports Track Pant,1.0,952.51,20.0,4.0,UPI,5.0,60.0,SAVE10,
ORD102973,2025-06-13,Karan Singh,28.0,m,Ahmedabad,Grocery,Honey 500g,1.0,302.28,15.0,3.0,Credit Card,3.0,0.0,FLAT100,
ORD101942,2024-12-07,Vivaan Verma,32.0,Male,Hyderabad,Home & Kitchen,Wall Clock,1.0,1465.3,5.0,8.0,Credit Card,3.0,,NEWUSER15,Late Delivery
ORD102309,2024-05-01,Navya Shah,30.0,Male,Lucknow,Electronics,Smartwatch Band,2.0,1682.23,0.0,9.0,UPI,,,,
ORD102292,2023-08-03,Krishna Kapoor,31.0,M,Lucknow,Grocery,Honey 500g,1.0,400.58,15.0,7.0,Credit Card,5.0,0.0,,
ORD101715,2023-01-26,Ishaan Bhat,51.0,M,Bengaluru,Electronics,Smartphone Cover,4.0,1020.31,0.0,6.0,UPI,,80.0,FLAT100,
ORD102998,2024-02-01,Priya Gupta,43.0,F,Kochi,Beauty & Personal Care,Lip Balm Pack,1.0,485.21,5.0,3.0,Debit Card,,0.0,,Late Delivery
ORD101587,2023-03-13,Arjun Verma,44.0,Female,Delhi,Beauty & Personal Care,Lip Balm Pack,3.0,589.54,30.0,6.0,Debit Card,5.0,,,
ORD101979,2024-12-24,Ishita Deshmukh,28.0,F,Ahmedabad,Electronics,LED Bulb Smart,1.0,2291.96,25.0,5.0,Credit Card,,,,Wrong Item Delivered
ORD101578,2024-10-12,Krishna Shah,32.0,m,,Electronics,Smartwatch Band,2.0,968.58,20.0,3.0,UPI,,0.0,,
ORD100267,2023-11-12,Aarav Iyer,27.0,Male,Hyderabad,Electronics,Smartphone Cover,4.0,1992.05,25.0,5.0,Debit Card,4.0,60.0,FLAT100,
ORD102791,2023-05-22,Ishita Chopra,99.0,Female,Delhi,Home & Kitchen,Curtain Set,1.0,751.51,5.0,2.0,Credit Card,1.0,0.0,,
ORD101776,2023-10-30,Ishita Iyer,35.0,M,Surat,Beauty & Personal Care,Body Lotion,2.0,225.75,10.0,4.0,Debit Card,5.0,,,
ORD100514,2025-05-23,Neha Joshi,52.0,Male,Kochi,Beauty & Personal Care,Sunscreen SPF50,2.0,247.96,15.0,4.0,UPI,1.0,100.0,,
ORD101098,2023-02-07,Ishita Verma,34.0,Female,Delhi,Beauty & Personal Care,Sunscreen SPF50,2.0,287.07,25.0,8.0,Debit Card,,40.0,,
ORD100273,2025-05-23,Diya Nair,34.0,Female,Indore,Electronics,Smartwatch Band,3.0,2107.57,15.0,8.0,UPI,5.0,0.0,,Defective Product
ORD100704,2023-10-08,Arjun Agarwal,31.0,,Hyderabad,Electronics,Power Bank 10000mAh,3.0,1826.83,0.0,2.0,UPI,,100.0,,
ORD100592,2024-12-19,Myra Rao,45.0,MALE,Kolkata,Apparel,Men Cotton T-Shirt,1.0,1049.0,25.0,2.0,Net Banking,1.0,0.0,,
ORD100836,2024-12-06,Rohan Reddy,39.0,Female,Chandigarh,Electronics,Smartphone Cover,4.0,2341.95,25.0,8.0,UPI,2.0,,SAVE10,Changed Mind
ORD101580,2023-09-28,Reyansh Agarwal,46.0,Female,Kolkata,Apparel,Denim Jeans,1.0,787.58,0.0,3.0,Credit Card,4.0,150.0,,Quality Not as Expected
ORD101070,2024-09-06,Vihaan Agarwal,18.0,F,Nagpur,Electronics,Portable Speaker,1.0,2240.54,10.0,8.0,,,,,
ORD101650,2023-10-09,Ishita Gupta,22.0,Female,Ahmedabad,Electronics,Bluetooth Earbuds,1.0,1278.63,20.0,6.0,Debit Card,,,,
ORD102857,2024-12-11,Myra Menon,15.0,Female,,Electronics,Portable Speaker,1.0,20819.867888990637,5.0,7.0,Debit Card,3.0,,,
ORD101547,2025-02-12,Arjun Pillai,24.0,MALE,Lucknow,Electronics,LED Bulb Smart,1.0,755.4,5.0,6.0,Debit Card,,100.0,FLAT100,Late Delivery
ORD101193,2024-10-02,Vivaan Chopra,28.0,Male,Jaipur,Electronics,Wireless Mouse,1.0,1981.4,5.0,8.0,Debit Card,5.0,100.0,FEST20,
ORD100684,2023-06-04,Diya Joshi,24.0,f,Kochi,Electronics,Smartwatch Band,3.0,2310.79,5.0,9.0,Credit Card,,0.0,,
ORD100253,2024-01-27,Rohan Agarwal,35.0,F,Surat,Home & Kitchen,Kitchen Organizer,4.0,1435.08,0.0,2.0,Net Banking,,150.0,WELCOME50,Quality Not as Expected
ORD100636,2023-08-03,Krishna Menon,46.0,m,Jaipur,Footwear,Sandals,2.0,427.45,5.0,2.0,Credit Card,4.0,100.0,,
ORD102948,2024-04-28,Sneha Nair,46.0,MALE,Indore,Home & Kitchen,Kitchen Organizer,2.0,1331.47,30.0,4.0,Credit Card,5.0,,,
ORD100295,2024-12-21,Navya Shah,38.0,F,Surat,Electronics,Portable Speaker,3.0,732.22,15.0,7.0,Debit Card,2.0,,FLAT100,
ORD101454,2024-06-05,Rahul Deshmukh,43.0,M,Chennai,Electronics,Wireless Mouse,4.0,1589.95,0.0,4.0,Credit Card,5.0,80.0,,
ORD100053,2024-03-01,Pooja Rao,45.0,,,Beauty & Personal Care,Face Wash 100ml,1.0,691.09,15.0,2.0,Net Banking,,,,
ORD101779,2023-10-05,Reyansh Iyer,20.0,Male,Chennai,Home & Kitchen,LED Table Lamp,1.0,769.11,0.0,8.0,Debit Card,2.0,0.0,WELCOME50,
ORD100328,2023-05-09,Navya Menon,41.0,M,Chennai,Grocery,Spices Combo Pack,5.0,686.81,15.0,6.0,Credit Card,4.0,40.0,,
ORD100596,2024-06-11,Kavya Kapoor,37.0,Male,Kolkata,Grocery,Honey 500g,5.0,116.92,20.0,4.0,Credit Card,4.0,,,
ORD100270,2023-09-26,Vivaan Rao,41.0,Male,Chandigarh,Beauty & Personal Care,Body Lotion,2.0,456.49,10.0,4.0,UPI,2.0,0.0,NEWUSER15,
ORD100301,2025-01-22,Pooja Mehta,19.0,,Surat,Beauty & Personal Care,Herbal Shampoo,2.0,721.96,15.0,2.0,UPI,3.0,150.0,,
ORD100365,2024-04-17,Pari Chopra,39.0,F,Kochi,Electronics,USB-C Cable,3.0,1872.5,10.0,4.0,,5.0,,,
ORD101390,2023-10-06,Pari Rao,29.0,F,Bengaluru,Apparel,Women Kurti,3.0,568.14,5.0,9.0,Cash on Delivery,4.0,60.0,FEST20,
ORD102923,2024-05-07,Ishita Deshmukh,33.0,Female,Delhi,Electronics,Power Bank 10000mAh,1.0,,10.0,9.0,Debit Card,5.0,80.0,,
ORD102561,2023-11-23,Anika Sharma,17.0,Female,,Electronics,Smartphone Cover,3.0,927.16,0.0,8.0,Debit Card,,0.0,,
ORD100651,2024-12-22,Kavya Joshi,39.0,Female,Delhi,Apparel,Kids Hoodie,2.0,451.76,10.0,2.0,Debit Card,,40.0,,
ORD101724,2024-05-01,Amit Menon,40.0,Male,Pune,Electronics,Wireless Mouse,2.0,562.07,25.0,7.0,Credit Card,2.0,60.0,,
ORD101240,2024-04-07,Kabir Kapoor,31.0,Female,Chennai,Grocery,Instant Noodles Pack,3.0,4977.718373161963,0.0,8.0,Net Banking,5.0,0.0,,
ORD102819,2024-10-06,Myra Deshmukh,46.0,Female,Jaipur,Apparel,Formal Shirt,3.0,396.48,0.0,8.0,Cash on Delivery,4.0,,,Defective Product
ORD100191,2023-11-17,Amit Deshmukh,42.0,Male ,Chandigarh,Beauty & Personal Care,Face Wash 100ml,1.0,525.72,30.0,4.0,Debit Card,5.0,0.0,FLAT100,
ORD101016,2023-12-16,Reyansh Iyer,31.0,M,Pune,Beauty & Personal Care,Lip Balm Pack,4.0,567.59,0.0,6.0,Credit Card,4.0,100.0,,
ORD102203,2023-11-03,Rohan Reddy,32.0,Female,Hyderabad,Grocery,Instant Noodles Pack,2.0,255.27,5.0,2.0,Credit Card,,40.0,WELCOME50,
ORD100374,2025-03-18,Kabir Kapoor,28.0,Male,Lucknow,Apparel,Denim Jeans,1.0,549.55,5.0,9.0,Net Banking,4.0,40.0,,
ORD102310,2023-09-13,Aadhya Bhat,50.0,Female,Jaipur,Footwear,Formal Leather Shoes,3.0,1220.1,0.0,4.0,,4.0,100.0,FLAT100,
ORD101893,2024-10-09,Pooja Iyer,44.0,m,Chandigarh,Apparel,Men Cotton T-Shirt,1.0,729.87,50.0,4.0,UPI,4.0,,SAVE10,
ORD100291,2023-09-01,Aadhya Gupta,44.0,Male,Kochi,Apparel,Woolen Sweater,1.0,1236.78,5.0,5.0,,,0.0,FLAT100,
ORD101364,2024-05-20,Vihaan Nair,47.0,Male,Ahmedabad,Beauty & Personal Care,Lip Balm Pack,4.0,750.94,30.0,9.0,Credit Card,4.0,150.0,,
ORD101205,2025-04-02,Aditya Rao,21.0,Female,,Apparel,Sports Track Pant,4.0,1082.03,15.0,9.0,UPI,4.0,,,
ORD102118,2024-05-12,Krishna Bhat,56.0,MALE,Mumbai,Home & Kitchen,Kitchen Organizer,1.0,468.37,5.0,9.0,Debit Card,4.0,,WELCOME50,
ORD102643,2024-02-29,Amit Singh,43.0,Female,Bengaluru,Apparel,Sports Track Pant,1.0,664.46,20.0,3.0,,4.0,60.0,,
ORD101303,2025-03-26,Vihaan Pillai,32.0,Male,Chennai,Apparel,Ethnic Saree,1.0,1405.18,30.0,6.0,Net Banking,5.0,40.0,NEWUSER15,
ORD100857,2023-02-22,Aarav Kulkarni,44.0,Male,,Home & Kitchen,Storage Container Set,5.0,1156.12,5.0,8.0,Cash on Delivery,2.0,,,Quality Not as Expected
ORD102383,2024-01-22,Myra Joshi,39.0,Male,Kochi,Electronics,Power Bank 10000mAh,1.0,1709.12,0.0,5.0,,,,SAVE10,Late Delivery
ORD101423,2024-10-10,Myra Rao,41.0,Female,Bengaluru,Home & Kitchen,Curtain Set,2.0,994.09,25.0,2.0,Debit Card,5.0,,,
ORD102293,2024-11-13,Pooja Mehta,19.0,,Hyderabad,Electronics,Portable Speaker,1.0,1187.91,15.0,8.0,Debit Card,5.0,,,
ORD102211,2024-12-06,Kavya Reddy,39.0,Female,Chennai,Apparel,Women Kurti,2.0,661.77,10.0,8.0,,,60.0,,
ORD100393,2024-06-30,Ananya Reddy,33.0,Male,Mumbai,Electronics,Bluetooth Earbuds,3.0,930.04,10.0,5.0,Net Banking,,,,
ORD102590,2023-03-06,Rohan Reddy,45.0,f,Ahmedabad,Home & Kitchen,Curtain Set,1.0,725.95,0.0,2.0,Net Banking,4.0,80.0,,
ORD102245,2025-01-28,Aditya Chopra,38.0,Male,Bengaluru,Electronics,Smartwatch Band,2.0,1614.92,0.0,8.0,UPI,,,,
ORD100179,2024-04-01,Sara Nair,34.0,Female,Chandigarh,Apparel,Kids Hoodie,1.0,478.67,0.0,3.0,Net Banking,3.0,40.0,NEWUSER15,
ORD101611,2023-05-11,Kabir Chopra,34.0,Male,Lucknow,Beauty & Personal Care,Hair Oil 200ml,1.0,178.49,0.0,9.0,Debit Card,,,,
ORD100939,2024-04-08,Amit Nair,35.0,F,Chennai,Beauty & Personal Care,Lip Balm Pack,3.0,280.55,10.0,60.0,Debit Card,,,,
ORD101521,2024-10-10,Myra Verma,24.0,Male,Chandigarh,Apparel,Women Kurti,2.0,452.16,25.0,5.0,Cash on Delivery,,60.0,,
ORD100488,2023-11-23,Rohan Sharma,21.0,Female,Lucknow,Electronics,Smartwatch Band,3.0,11230.466304598134,0.0,9.0,,5.0,100.0,,
ORD101758,2024-06-04,Reyansh Gupta,31.0,Male,Surat,Apparel,Denim Jeans,3.0,1440.72,20.0,5.0,,5.0,150.0,,Wrong Item Delivered
ORD100760,2023-06-10,Sara Gupta,48.0,Male,Kolkata,Electronics,USB-C Cable,1.0,944.75,30.0,9.0,UPI,5.0,,,Defective Product
ORD100051,2023-06-27,Sara Rao,23.0,Female,Lucknow,Apparel,Woolen Sweater,2.0,426.3,0.0,2.0,UPI,,0.0,FEST20,Changed Mind
ORD102222,2024-01-27,Neha Sharma,,M,Kochi,Electronics,Power Bank 10000mAh,2.0,1426.79,15.0,5.0,UPI,4.0,,NEWUSER15,
ORD102700,2025-03-13,Amit Iyer,45.0,,Ahmedabad,Beauty & Personal Care,Face Wash 100ml,3.0,800.82,5.0,3.0,Credit Card,,0.0,WELCOME50,
ORD101971,2025-04-18,Aditya Rao,22.0,,Delhi,Beauty & Personal Care,Perfume 50ml,1.0,877.54,25.0,6.0,Cash on Delivery,,,,
ORD102841,2023-11-06,Arjun Rao,29.0,M,Ahmedabad,Beauty & Personal Care,Sunscreen SPF50,5.0,583.95,0.0,8.0,UPI,,,,
ORD100063,2025-05-31,Kabir Joshi,50.0,Female,,Apparel,Kids Hoodie,5.0,1211.51,25.0,4.0,UPI,4.0,0.0,WELCOME50,
ORD101884,2024-07-16,Aadhya Singh,34.0,Female,Mumbai,Apparel,Ethnic Saree,2.0,945.69,10.0,6.0,Cash on Delivery,,,SAVE10,
ORD101767,2024-03-02,Anika Kapoor,36.0,,Hyderabad,Grocery,Instant Noodles Pack,1.0,596.35,10.0,5.0,,4.0,0.0,,
ORD102066,2024-10-22,Vihaan Mehta,38.0,F,Nagpur,Apparel,Denim Jeans,1.0,417.98,25.0,9.0,Credit Card,4.0,,,
ORD102555,2023-04-05,Vivaan Iyer,34.0,Female,Surat,Grocery,Honey 500g,1.0,426.59,10.0,2.0,Credit Card,5.0,40.0,FLAT100,Wrong Item Delivered
ORD100210,2023-08-26,Neha Shah,34.0,F,Chandigarh,Grocery,Cooking Oil 1L,1.0,334.92,15.0,7.0,Credit Card,4.0,0.0,,Size Issue
ORD101447,2025-05-24,Ishaan Kulkarni,43.0,Male ,Indore,Apparel,Women Kurti,1.0,732.55,5.0,2.0,Credit Card,5.0,,,
ORD102580,2023-12-16,Aadhya Reddy,36.0,Female,Kochi,Home & Kitchen,Steel Water Bottle,2.0,1601.74,5.0,9.0,Debit Card,5.0,80.0,WELCOME50,
ORD101029,2024-12-10,Ishaan Deshmukh,,,Mumbai,Beauty & Personal Care,Perfume 50ml,1.0,302.83,25.0,5.0,,5.0,0.0,,
ORD102734,2024-02-12,Diya Agarwal,30.0,F,Surat,Electronics,Portable Speaker,1.0,1773.85,0.0,7.0,Credit Card,3.0,0.0,SAVE10,
ORD100993,2024-01-29,Navya Joshi,42.0,MALE,Delhi,Apparel,Formal Shirt,1.0,760.95,5.0,5.0,UPI,5.0,40.0,,
ORD100871,2024-11-24,Krishna Kulkarni,33.0,Female,,Home & Kitchen,Non-Stick Pan,4.0,954.13,0.0,2.0,Net Banking,3.0,,,
ORD101353,2023-12-23,Krishna Verma,37.0,female,Nagpur,Beauty & Personal Care,Face Wash 100ml,4.0,396.97,40.0,3.0,Debit Card,4.0,40.0,,Late Delivery
ORD101095,2023-03-14,Krishna Verma,31.0,m,Surat,Home & Kitchen,Non-Stick Pan,1.0,528.94,10.0,8.0,Cash on Delivery,2.0,40.0,FEST20,
ORD100339,2025-05-18,Nikhil Shah,33.0,F,Nagpur,Apparel,Denim Jeans,3.0,1386.44,0.0,4.0,Credit Card,,150.0,,
ORD102672,2024-10-19,Diya Kapoor,32.0,F,Mumbai,Apparel,Women Kurti,5.0,1346.77,10.0,7.0,,,,,
ORD101297,2024-09-09,Kabir Menon,22.0,M,Ahmedabad,Electronics,LED Bulb Smart,1.0,1086.34,30.0,3.0,UPI,4.0,,,
ORD100670,2025-05-17,Myra Singh,32.0,F,Lucknow,Home & Kitchen,Steel Water Bottle,3.0,1107.38,25.0,3.0,Debit Card,4.0,,FEST20,Size Issue
ORD101520,2023-12-21,Rohan Reddy,49.0,Other,Lucknow,Beauty & Personal Care,Herbal Shampoo,2.0,748.27,0.0,3.0,Credit Card,3.0,100.0,,
ORD102386,2025-05-18,Aditya Reddy,38.0,f,Mumbai,Grocery,Green Tea Pack,2.0,638.19,20.0,6.0,UPI,5.0,0.0,,
ORD102021,2024-10-20,Aadhya Gupta,31.0,Male,Chennai,Electronics,USB-C Cable,2.0,1381.8,0.0,6.0,Cash on Delivery,,80.0,,
ORD101116,2024-12-20,Sara Shah,35.0,Female,Mumbai,Grocery,Instant Noodles Pack,1.0,375.36,30.0,8.0,Credit Card,2.0,150.0,SAVE10,
ORD101742,2024-10-27,Riya Bhat,33.0,Male,Chandigarh,Electronics,Power Bank 10000mAh,2.0,1738.38,5.0,50.0,Credit Card,4.0,0.0,NEWUSER15,
ORD100974,2024-10-04,Sara Joshi,25.0,Female,Jaipur,Footwear,Running Shoes,1.0,806.92,0.0,9.0,Credit Card,4.0,100.0,,
ORD102721,2024-01-23,Diya Joshi,45.0,Male,Lucknow,Home & Kitchen,Cotton Bedsheet Set,2.0,1009.94,10.0,5.0,Debit Card,1.0,,,
ORD101608,2023-08-04,Kabir Deshmukh,36.0,Female,Hyderabad,Apparel,Sports Track Pant,5.0,501.7,15.0,5.0,Debit Card,,0.0,SAVE10,
ORD101926,2023-11-24,Anika Verma,40.0,Female,Kochi,Beauty & Personal Care,Beard Trimmer,2.0,382.95,25.0,2.0,Net Banking,4.0,80.0,,
ORD101939,2023-07-09,Ishita Rao,45.0,M,Lucknow,Home & Kitchen,Cotton Bedsheet Set,2.0,1317.26,25.0,7.0,UPI,,60.0,,
ORD102845,2023-12-02,Pari Joshi,40.0,Male,Chandigarh,Grocery,Assorted Dry Fruits,4.0,668.03,30.0,6.0,Credit Card,4.0,80.0,,
ORD102703,2025-02-02,Ananya Shah,39.0,Female,Chandigarh,Footwear,Casual Sneakers,1.0,1391.13,0.0,5.0,,,0.0,FEST20,
ORD102082,2023-10-23,Sai Sharma,,M,Indore,Grocery,Green Tea Pack,5.0,411.75,50.0,5.0,,3.0,60.0,,
ORD100354,2025-06-02,Karan Iyer,,f,Hyderabad,Beauty & Personal Care,Face Wash 100ml,2.0,209.94,25.0,6.0,Credit Card,4.0,0.0,,
ORD102828,2024-07-24,Anika Kulkarni,22.0,F,Nagpur,Home & Kitchen,LED Table Lamp,2.0,1010.74,15.0,8.0,,3.0,,,
ORD101082,2025-05-22,Arjun Rao,32.0,Female,,Footwear,Formal Leather Shoes,1.0,1559.41,5.0,9.0,UPI,5.0,150.0,,
ORD102462,2024-01-07,Pooja Shah,15.0,m,Chennai,Electronics,Bluetooth Earbuds,1.0,1621.91,10.0,4.0,,2.0,,FEST20,
ORD102531,2025-01-04,Pooja Kapoor,15.0,m,Chennai,Footwear,Running Shoes,3.0,1631.58,0.0,4.0,Credit Card,4.0,40.0,NEWUSER15,
ORD100767,2024-03-12,Sara Deshmukh,28.0,F,Nagpur,Beauty & Personal Care,Lip Balm Pack,5.0,151.51,30.0,7.0,Credit Card,3.0,150.0,,
ORD102168,2025-05-02,Navya Joshi,49.0,Female,Delhi,Beauty & Personal Care,Perfume 50ml,2.0,266.54,50.0,8.0,,,60.0,,
ORD102853,2023-03-23,Kabir Reddy,49.0,Female,Lucknow,Apparel,Denim Jeans,3.0,842.65,25.0,3.0,Credit Card,4.0,,SAVE10,Late Delivery
ORD100058,2024-11-08,Priya Joshi,39.0,M,Chandigarh,Apparel,Men Cotton T-Shirt,1.0,1349.12,15.0,5.0,,4.0,80.0,,
ORD101921,2024-12-27,Navya Nair,40.0,Male,Delhi,Footwear,Formal Leather Shoes,1.0,2057.36,10.0,8.0,UPI,5.0,,SAVE10,
ORD102087,2024-08-26,Vihaan Sharma,28.0,F,Kolkata,Home & Kitchen,LED Table Lamp,1.0,1559.9,50.0,9.0,Credit Card,,100.0,,
ORD102776,2023-10-03,Amit Nair,41.0,m,Delhi,Beauty & Personal Care,Sunscreen SPF50,1.0,617.18,30.0,9.0,Cash on Delivery,4.0,,,
ORD102271,2023-10-17,Reyansh Deshmukh,47.0,Female,Kochi,Electronics,Wireless Mouse,3.0,918.12,10.0,4.0,Debit Card,5.0,80.0,FEST20,
ORD100214,2024-11-02,Rahul Mehta,46.0,Male,,Grocery,Whole Wheat Atta 5kg,2.0,86.89,15.0,8.0,Credit Card,5.0,0.0,,Late Delivery
ORD102551,2023-10-20,Sai Singh,37.0,M,,Home & Kitchen,LED Table Lamp,1.0,616.67,20.0,5.0,UPI,3.0,,,
ORD101083,2024-05-21,Navya Gupta,32.0,Male ,Hyderabad,Grocery,Cooking Oil 1L,3.0,322.08,5.0,4.0,UPI,,40.0,NEWUSER15,
ORD101192,2023-06-05,Nikhil Reddy,15.0,Female,Jaipur,Electronics,Portable Speaker,1.0,1764.38,5.0,4.0,UPI,5.0,,,
ORD102457,2025-05-02,Ishaan Bhat,35.0,Male,Mumbai,Beauty & Personal Care,Face Wash 100ml,2.0,608.36,0.0,5.0,Credit Card,2.0,,,
ORD101213,2025-02-28,Neha Verma,31.0,Female,Kochi,Home & Kitchen,Wall Clock,1.0,1734.5,50.0,9.0,,4.0,0.0,FLAT100,
ORD101196,2024-10-11,Kabir Verma,42.0,F,Chennai,Apparel,Kids Hoodie,2.0,630.76,25.0,7.0,UPI,5.0,100.0,FEST20,Changed Mind
ORD102387,2025-06-07,Neha Gupta,42.0,Male,Kochi,Beauty & Personal Care,Body Lotion,2.0,335.26,15.0,3.0,Credit Card,5.0,60.0,,Defective Product
ORD100453,2023-01-23,Kabir Bhat,42.0,Male,Delhi,Footwear,Sandals,4.0,1422.12,120.0,5.0,,5.0,40.0,,
ORD102603,2024-05-27,Ananya Bhat,21.0,F,Chandigarh,Beauty & Personal Care,Sunscreen SPF50,4.0,161.76,0.0,3.0,,5.0,60.0,,
ORD102297,2024-03-23,Pooja Rao,30.0,Male ,Delhi,Footwear,Formal Leather Shoes,1.0,543.75,15.0,6.0,UPI,,40.0,FLAT100,
ORD102852,2023-04-14,Myra Patel,43.0,m,Chandigarh,Beauty & Personal Care,Herbal Shampoo,4.0,107.95,5.0,3.0,UPI,4.0,80.0,,
ORD100213,2024-02-14,Myra Pillai,23.0,M,Mumbai,Home & Kitchen,Steel Water Bottle,-5.0,587.12,5.0,8.0,Credit Card,,40.0,,
ORD101180,2024-07-07,Krishna Patel,21.0,m,Pune,Footwear,Sandals,1.0,1626.75,0.0,9.0,Net Banking,2.0,,,
ORD102701,2024-12-25,Sara Pillai,32.0,Male,Ahmedabad,Home & Kitchen,LED Table Lamp,3.0,661.73,0.0,2.0,UPI,,80.0,,
ORD101748,2025-01-03,Aadhya Nair,55.0,Male,Mumbai,Apparel,Men Cotton T-Shirt,1.0,741.71,0.0,7.0,UPI,1.0,80.0,,Changed Mind
ORD100341,2023-09-23,Amit Mehta,35.0,Female,Nagpur,Home & Kitchen,Non-Stick Pan,3.0,429.25,5.0,9.0,,5.0,40.0,,
ORD100147,2023-12-05,Pooja Bhat,52.0,,Delhi,Apparel,Formal Shirt,2.0,1055.04,10.0,9.0,Credit Card,,0.0,,Size Issue
ORD101674,2024-10-15,Arjun Chopra,20.0,Female,Chandigarh,Apparel,Woolen Sweater,1.0,642.78,10.0,7.0,UPI,5.0,0.0,,
ORD102483,2023-10-19,Sara Joshi,31.0,m,Kochi,Grocery,Green Tea Pack,5.0,655.58,25.0,2.0,UPI,,0.0,,Size Issue
ORD102914,2024-01-06,Ananya Mehta,40.0,Female,Kochi,Electronics,Power Bank 10000mAh,2.0,1798.76,5.0,3.0,Credit Card,4.0,40.0,,
ORD101448,2024-11-04,Ishita Mehta,28.0,MALE,,Electronics,Bluetooth Earbuds,3.0,2325.31,10.0,7.0,,4.0,60.0,,
ORD100217,2023-03-29,Kabir Reddy,36.0,Male,Kolkata,Footwear,Casual Sneakers,4.0,1627.84,0.0,8.0,UPI,3.0,0.0,,
ORD102030,2024-11-04,Anika Mehta,36.0,Other,Delhi,Apparel,Kids Hoodie,3.0,650.98,15.0,2.0,Credit Card,5.0,0.0,WELCOME50,
ORD100452,2024-12-06,Ishaan Iyer,30.0,f,Kochi,Electronics,LED Bulb Smart,1.0,534.62,20.0,7.0,,5.0,,,
ORD102197,2024-12-24,Aarav Rao,41.0,F,Kochi,Electronics,Wireless Mouse,4.0,2198.0,15.0,7.0,,4.0,60.0,,
ORD101293,2023-01-05,Ananya Mehta,26.0,Male,Kochi,Apparel,Formal Shirt,3.0,549.07,10.0,9.0,Credit Card,3.0,150.0,,
ORD101251,2024-01-10,Riya Nair,38.0,Male,Chandigarh,Electronics,Bluetooth Earbuds,5.0,2134.84,10.0,4.0,Credit Card,4.0,80.0,,
ORD100676,2024-06-13,Kavya Patel,23.0,Male,Lucknow,Beauty & Personal Care,Perfume 50ml,3.0,462.98,20.0,9.0,UPI,2.0,150.0,,Changed Mind
ORD100943,2024-03-07,Rahul Sharma,37.0,Female,Kolkata,Apparel,Formal Shirt,3.0,454.02,5.0,3.0,,3.0,,,
ORD101232,2023-11-13,Sneha Shah,36.0,m,Hyderabad,Beauty & Personal Care,Lip Balm Pack,2.0,711.28,25.0,3.0,Net Banking,4.0,0.0,WELCOME50,
ORD101872,2024-07-03,Sara Joshi,44.0,Male,,Beauty & Personal Care,Perfume 50ml,1.0,105.12,25.0,2.0,Credit Card,1.0,80.0,,
ORD102347,2024-11-16,Vivaan Gupta,45.0,Female,Mumbai,Electronics,Power Bank 10000mAh,2.0,1933.85,0.0,2.0,UPI,,100.0,,
ORD102940,2024-10-06,Rohan Sharma,39.0,Male,Surat,Grocery,Cooking Oil 1L,5.0,596.16,30.0,3.0,Net Banking,,0.0,,
ORD101412,2023-08-17,Kabir Pillai,37.0,F,Surat,Grocery,Green Tea Pack,2.0,478.68,30.0,3.0,Debit Card,,80.0,NEWUSER15,
ORD102050,2023-06-06,Neha Iyer,34.0,Female,Indore,Beauty & Personal Care,Herbal Shampoo,5.0,755.26,5.0,5.0,Debit Card,5.0,150.0,FLAT100,
ORD102154,2024-10-03,Kavya Shah,37.0,Female,Bengaluru,Footwear,Formal Leather Shoes,2.0,1369.63,5.0,2.0,Credit Card,,80.0,,
ORD102125,2023-08-21,Krishna Bhat,49.0,f,Surat,Electronics,Smartphone Cover,2.0,1044.1,30.0,8.0,Debit Card,4.0,,,
ORD101124,2025-02-04,Sneha Verma,29.0,m,Bengaluru,Beauty & Personal Care,Lip Balm Pack,5.0,287.0,5.0,4.0,Credit Card,,,FLAT100,
ORD100920,2023-10-01,Amit Joshi,30.0,M,Lucknow,Grocery,Green Tea Pack,2.0,608.54,20.0,7.0,Net Banking,5.0,150.0,FEST20,
ORD102451,2025-03-22,Arjun Kulkarni,15.0,Other,Delhi,Home & Kitchen,Storage Container Set,1.0,1231.76,30.0,7.0,,,40.0,SAVE10,Late Delivery
ORD100971,2024-11-20,Kavya Menon,40.0,f,Jaipur,Grocery,Instant Noodles Pack,1.0,,20.0,2.0,Credit Card,4.0,60.0,,
ORD102355,2023-12-02,Ishaan Patel,27.0,F,Pune,Electronics,Wireless Mouse,3.0,1948.49,15.0,5.0,,2.0,,,
ORD102741,2023-03-30,Nikhil Kulkarni,17.0,Female,Nagpur,Beauty & Personal Care,Herbal Shampoo,3.0,502.36,0.0,7.0,UPI,4.0,60.0,NEWUSER15,
ORD101544,2023-07-30,Neha Iyer,29.0,,Bengaluru,Beauty & Personal Care,Lip Balm Pack,4.0,568.73,0.0,7.0,Credit Card,,150.0,,
ORD102159,2023-11-01,Ananya Joshi,48.0,Male,Delhi,Grocery,Green Tea Pack,1.0,217.04,5.0,5.0,,2.0,,FEST20,
ORD100751,2023-05-15,Arjun Sharma,37.0,,Ahmedabad,Electronics,Portable Speaker,5.0,2018.92,30.0,3.0,UPI,2.0,,,
ORD101084,2023-07-02,Vivaan Pillai,34.0,Male,Indore,Grocery,Instant Noodles Pack,1.0,198.63,15.0,3.0,UPI,,0.0,,
ORD100150,2025-02-18,Sara Menon,29.0,Male,Jaipur,Electronics,Smartwatch Band,2.0,2441.44,20.0,3.0,Credit Card,2.0,,,
ORD102401,2024-05-31,Vivaan Rao,31.0,Male,Ahmedabad,Apparel,Sports Track Pant,1.0,1190.29,20.0,5.0,UPI,5.0,0.0,,Quality Not as Expected
ORD102935,2024-01-13,Karan Shah,36.0,M,Jaipur,Home & Kitchen,Curtain Set,2.0,1513.28,30.0,3.0,UPI,3.0,,,Late Delivery
ORD102470,2025-03-23,Pari Iyer,57.0,,Hyderabad,Footwear,Formal Leather Shoes,5.0,1501.22,120.0,9.0,UPI,4.0,0.0,WELCOME50,
ORD102395,2023-10-05,Nikhil Bhat,24.0,m,Kochi,Grocery,Whole Wheat Atta 5kg,1.0,550.41,5.0,2.0,Cash on Delivery,5.0,40.0,,
ORD100484,2024-02-26,Karan Joshi,31.0,Other,Chennai,Footwear,Sandals,1.0,1085.42,0.0,9.0,Credit Card,,80.0,FLAT100,
ORD102658,2024-09-04,Vihaan Nair,15.0,m,Lucknow,Beauty & Personal Care,Perfume 50ml,3.0,524.49,0.0,9.0,UPI,4.0,,FEST20,
ORD102698,2023-01-20,Aarav Sharma,21.0,Male,Kochi,Electronics,USB-C Cable,1.0,974.14,30.0,2.0,Credit Card,5.0,0.0,FEST20,
ORD101882,2023-06-12,Riya Mehta,32.0,MALE,Lucknow,Footwear,Casual Sneakers,1.0,436.38,0.0,6.0,UPI,4.0,,SAVE10,
ORD102361,2024-11-15,Kavya Agarwal,38.0,,Indore,Electronics,Portable Speaker,1.0,2487.32,20.0,9.0,UPI,,0.0,,
ORD100649,2025-02-12,Neha Pillai,35.0,female,,Apparel,Woolen Sweater,2.0,473.75,0.0,8.0,Debit Card,2.0,,,
ORD102720,2024-07-24,Priya Pillai,50.0,Male,Chennai,Apparel,Formal Shirt,4.0,796.12,5.0,7.0,,5.0,,FLAT100,
ORD102536,2023-10-25,Kavya Kapoor,16.0,Other,Surat,Beauty & Personal Care,Body Lotion,3.0,155.03,15.0,4.0,UPI,4.0,60.0,,
ORD101583,2024-01-13,Krishna Verma,,Male,Delhi,Beauty & Personal Care,Perfume 50ml,1.0,205.0,20.0,7.0,UPI,4.0,100.0,WELCOME50,
ORD100569,2024-06-04,Riya Bhat,49.0,f,,Apparel,Women Kurti,1.0,1166.71,25.0,4.0,,3.0,,,
ORD100736,2024-11-02,Kabir Chopra,51.0,Female,Hyderabad,Electronics,Bluetooth Earbuds,2.0,1161.38,20.0,6.0,UPI,,,SAVE10,
ORD102338,2023-02-09,Priya Menon,31.0,M,Bengaluru,Grocery,Cooking Oil 1L,5.0,255.84,30.0,4.0,UPI,3.0,,WELCOME50,
ORD100517,2023-03-02,Ishita Kulkarni,33.0,M,Kochi,Home & Kitchen,Curtain Set,3.0,1456.25,40.0,4.0,Debit Card,,100.0,,
ORD102294,2024-10-12,Ishita Rao,34.0,,,Grocery,Whole Wheat Atta 5kg,4.0,287.56,10.0,2.0,UPI,,60.0,,
ORD102088,2023-10-05,Vihaan Deshmukh,40.0,Female,Chennai,Footwear,Casual Sneakers,2.0,11458.652751636111,40.0,6.0,Net Banking,5.0,,,
ORD100895,2024-07-11,Nikhil Singh,40.0,Male,Nagpur,Apparel,Kids Hoodie,2.0,1225.7,5.0,7.0,Credit Card,5.0,,,
ORD102427,2023-12-18,Riya Rao,51.0,Male,Mumbai,Electronics,Smartphone Cover,2.0,1993.83,20.0,9.0,Credit Card,,,,
ORD102289,2024-01-15,Vihaan Sharma,20.0,female,Bengaluru,Beauty & Personal Care,Sunscreen SPF50,4.0,668.02,20.0,5.0,Debit Card,5.0,,,
ORD100192,2024-07-07,Sneha Sharma,30.0,Female,Indore,Footwear,Sandals,2.0,1336.71,0.0,60.0,UPI,,150.0,,
ORD101471,2024-09-28,Kabir Kapoor,19.0,Female,Ahmedabad,Footwear,Formal Leather Shoes,1.0,1803.36,5.0,9.0,,5.0,,NEWUSER15,
ORD100959,2023-11-13,Myra Sharma,29.0,Male,Kolkata,Home & Kitchen,Cotton Bedsheet Set,3.0,344.31,0.0,6.0,,3.0,,SAVE10,
ORD102195,2025-01-13,Pooja Verma,33.0,Female,Hyderabad,Beauty & Personal Care,Herbal Shampoo,2.0,267.31,15.0,7.0,Credit Card,5.0,,FEST20,
ORD102743,2024-11-25,Vihaan Singh,44.0,F,Mumbai,Electronics,Portable Speaker,2.0,,30.0,8.0,Cash on Delivery,5.0,80.0,,Size Issue
ORD100072,2024-02-26,Rohan Rao,46.0,Male,Bengaluru,Apparel,Women Kurti,1.0,860.16,5.0,9.0,Debit Card,2.0,0.0,FLAT100,Wrong Item Delivered
ORD101302,2024-09-29,Vihaan Joshi,42.0,F,Kochi,Electronics,Smartphone Cover,1.0,1821.12,5.0,3.0,UPI,,80.0,,
ORD100089,2025-01-28,Ishaan Pillai,23.0,Female,,Home & Kitchen,Curtain Set,2.0,782.22,0.0,3.0,UPI,3.0,40.0,,
ORD101170,2024-07-27,Ananya Singh,45.0,f,Surat,Apparel,Women Kurti,4.0,808.42,0.0,5.0,UPI,5.0,,,
ORD100017,2023-04-27,Rohan Reddy,43.0,F,Chennai,Footwear,Casual Sneakers,3.0,1775.45,0.0,3.0,,5.0,80.0,,
ORD100877,2024-11-09,Arjun Patel,17.0,Female,Mumbai,Electronics,Bluetooth Earbuds,2.0,671.44,5.0,5.0,UPI,4.0,,,
ORD100664,2024-06-28,Diya Sharma,34.0,,Jaipur,Electronics,LED Bulb Smart,3.0,649.15,0.0,9.0,,,,,
ORD101990,2024-04-28,Pooja Joshi,47.0,Male,Ahmedabad,Beauty & Personal Care,Perfume 50ml,3.0,547.47,40.0,3.0,Credit Card,5.0,,,Changed Mind
ORD102682,2023-12-03,Arjun Rao,43.0,,Hyderabad,Footwear,Formal Leather Shoes,1.0,2018.18,10.0,4.0,Debit Card,,100.0,,
ORD100115,2024-06-02,Myra Nair,36.0,Male,Hyderabad,Apparel,Woolen Sweater,1.0,803.92,10.0,6.0,Credit Card,,,WELCOME50,Defective Product
ORD102378,2025-06-18,Nikhil Gupta,35.0,Female,Delhi,Electronics,LED Bulb Smart,2.0,806.28,5.0,8.0,UPI,1.0,0.0,,
ORD102999,2023-11-03,Karan Bhat,46.0,Female,Indore,Apparel,Ethnic Saree,3.0,1150.99,0.0,3.0,Debit Card,3.0,,,
ORD101057,2023-01-04,Neha Bhat,41.0,f,Kolkata,Grocery,Green Tea Pack,3.0,672.9,20.0,8.0,Debit Card,4.0,,FLAT100,
ORD102532,2024-10-13,Ishita Iyer,,M,Kolkata,Apparel,Ethnic Saree,1.0,524.68,25.0,8.0,UPI,4.0,,FEST20,
ORD102103,2023-10-11,Pari Singh,15.0,m,Pune,Electronics,Power Bank 10000mAh,2.0,2224.86,15.0,9.0,,5.0,0.0,SAVE10,
ORD100262,2023-10-01,Amit Verma,34.0,Male ,Kolkata,Apparel,Kids Hoodie,2.0,554.12,25.0,4.0,Cash on Delivery,4.0,,,
ORD100524,2023-10-18,Arjun Singh,28.0,Female,Kolkata,Beauty & Personal Care,Perfume 50ml,2.0,491.28,20.0,6.0,UPI,5.0,60.0,FEST20,
ORD101849,2023-05-31,Vihaan Joshi,39.0,Female,Delhi,Home & Kitchen,Steel Water Bottle,4.0,679.3,0.0,9.0,,4.0,80.0,NEWUSER15,
ORD100750,2025-05-25,Priya Chopra,49.0,Male,Kolkata,Grocery,Green Tea Pack,2.0,682.5,20.0,8.0,Cash on Delivery,5.0,,FLAT100,
ORD101395,2023-12-21,Karan Sharma,34.0,Female,Mumbai,Beauty & Personal Care,Sunscreen SPF50,4.0,566.37,25.0,9.0,Credit Card,4.0,,WELCOME50,
ORD101135,2023-02-22,Kabir Deshmukh,40.0,f,Lucknow,Grocery,Spices Combo Pack,5.0,552.94,50.0,3.0,UPI,,60.0,,Defective Product
ORD100298,2023-09-17,Ishaan Sharma,38.0,Female,Indore,Beauty & Personal Care,Beard Trimmer,2.0,371.48,0.0,7.0,Debit Card,5.0,80.0,,
ORD102485,2023-11-25,Krishna Kulkarni,20.0,Male,Jaipur,Electronics,Smartphone Cover,5.0,1211.42,0.0,9.0,Cash on Delivery,5.0,,,
ORD101141,2023-11-05,Kabir Chopra,24.0,female,Surat,Home & Kitchen,Wall Clock,120.0,1281.27,0.0,9.0,Net Banking,,0.0,,
ORD101997,2023-11-19,Priya Bhat,32.0,f,Delhi,Apparel,Sports Track Pant,1.0,885.81,40.0,6.0,Credit Card,,,,
ORD101733,2025-02-27,Ishaan Kapoor,34.0,F,Hyderabad,Footwear,Sandals,1.0,883.49,15.0,9.0,UPI,4.0,0.0,,
ORD100512,2025-02-05,Priya Verma,45.0,Male,Pune,Home & Kitchen,LED Table Lamp,3.0,1730.75,15.0,4.0,Credit Card,4.0,60.0,,
ORD100037,2024-11-08,Arjun Singh,41.0,,Chandigarh,Electronics,Wireless Mouse,2.0,1288.05,5.0,4.0,UPI,,0.0,,
ORD102443,2023-07-13,Reyansh Gupta,18.0,f,Hyderabad,Electronics,Bluetooth Earbuds,1.0,1591.7,15.0,3.0,Debit Card,,40.0,,
ORD100984,2024-06-18,Myra Chopra,24.0,f,Kochi,Beauty & Personal Care,Body Lotion,1.0,711.67,5.0,6.0,Credit Card,4.0,,,
ORD100739,2025-03-29,Sara Gupta,41.0,Female,Kolkata,Apparel,Women Kurti,1.0,990.52,40.0,9.0,UPI,4.0,60.0,,
ORD100398,2023-09-13,Rohan Rao,33.0,Female,Kolkata,Grocery,Honey 500g,1.0,91.5,25.0,4.0,Debit Card,5.0,,,
ORD102095,2023-01-24,Aditya Mehta,34.0,Female,,Beauty & Personal Care,Beard Trimmer,2.0,433.0,10.0,2.0,Debit Card,5.0,0.0,NEWUSER15,
ORD100801,2023-10-03,Anika Gupta,27.0,F,Nagpur,Electronics,Bluetooth Earbuds,2.0,1787.73,0.0,2.0,Net Banking,3.0,100.0,,Wrong Item Delivered
ORD100045,2025-06-03,Sneha Nair,24.0,Male,Surat,Grocery,Whole Wheat Atta 5kg,5.0,174.2,10.0,8.0,Debit Card,4.0,,,
ORD102065,2024-10-13,Arjun Verma,38.0,Male,Chandigarh,Electronics,LED Bulb Smart,1.0,1442.38,5.0,6.0,Credit Card,4.0,100.0,,
ORD101842,2025-01-13,Diya Chopra,28.0,Male,Surat,Electronics,USB-C Cable,1.0,522.34,30.0,2.0,Credit Card,5.0,0.0,,
ORD102980,2023-10-16,Ishaan Shah,15.0,M,Bengaluru,Apparel,Woolen Sweater,2.0,415.23,0.0,2.0,,5.0,0.0,,
ORD101252,2023-03-09,Sneha Shah,30.0,M,Ahmedabad,Home & Kitchen,Non-Stick Pan,1.0,991.87,15.0,-1.0,,,40.0,,Late Delivery
ORD100395,2025-03-07,Riya Rao,28.0,Male,Mumbai,Footwear,Casual Sneakers,4.0,678.63,20.0,6.0,UPI,5.0,,,
ORD100094,2023-11-24,Kabir Deshmukh,47.0,Male,Nagpur,Electronics,Wireless Mouse,3.0,2101.62,20.0,8.0,Credit Card,4.0,0.0,SAVE10,
ORD102031,2024-12-24,Karan Singh,30.0,Female,Surat,Grocery,Spices Combo Pack,1.0,568.54,15.0,7.0,,1.0,100.0,,
ORD100729,2024-08-22,Kabir Gupta,38.0,Male,Indore,Electronics,Power Bank 10000mAh,1.0,1390.29,10.0,2.0,UPI,5.0,,,
ORD101631,2023-11-16,Pari Rao,44.0,Male,Kolkata,Beauty & Personal Care,Beard Trimmer,1.0,460.13,0.0,9.0,Credit Card,,,SAVE10,
ORD101313,2023-10-27,Pari Joshi,38.0,Female,Surat,Grocery,Assorted Dry Fruits,3.0,298.33,25.0,9.0,Cash on Delivery,,,,
ORD100961,2024-01-08,Aditya Nair,48.0,Female,Indore,Home & Kitchen,Cotton Bedsheet Set,1.0,845.88,0.0,5.0,UPI,3.0,40.0,,
ORD101283,2024-10-04,Vihaan Menon,36.0,Female,Chennai,Grocery,Cooking Oil 1L,1.0,228.22,25.0,8.0,Credit Card,4.0,0.0,,
ORD102712,2025-05-06,Myra Iyer,34.0,Female,Hyderabad,Apparel,Ethnic Saree,3.0,1306.55,10.0,2.0,UPI,,80.0,FEST20,
ORD102681,2023-10-06,Vivaan Agarwal,47.0,Male,Kolkata,Grocery,Cooking Oil 1L,2.0,292.88,25.0,7.0,Debit Card,4.0,40.0,,
ORD101957,2024-04-29,Nikhil Nair,27.0,Male,Bengaluru,Beauty & Personal Care,Sunscreen SPF50,3.0,703.15,15.0,6.0,Debit Card,,60.0,NEWUSER15,
ORD101286,2025-04-07,Rohan Bhat,43.0,Male,Mumbai,Apparel,Formal Shirt,4.0,1180.83,10.0,3.0,UPI,5.0,,,
ORD100196,2023-11-09,Nikhil Menon,52.0,m,Chennai,Beauty & Personal Care,Perfume 50ml,2.0,781.52,5.0,8.0,Debit Card,4.0,0.0,,Quality Not as Expected
ORD100407,2023-05-12,Sneha Nair,23.0,Male,Indore,Electronics,Wireless Mouse,1.0,1033.38,0.0,9.0,Credit Card,4.0,,FLAT100,
ORD100661,2024-10-31,Diya Rao,42.0,Male,Pune,Beauty & Personal Care,Sunscreen SPF50,1.0,825.17,10.0,8.0,,4.0,150.0,,
ORD100578,2024-12-15,Kavya Deshmukh,38.0,Female,Indore,Home & Kitchen,Steel Water Bottle,3.0,1485.55,40.0,2.0,UPI,5.0,,FEST20,
ORD102442,2023-11-27,Kabir Joshi,23.0,M,Hyderabad,Home & Kitchen,Storage Container Set,2.0,1743.63,10.0,6.0,UPI,5.0,0.0,SAVE10,
ORD100964,2023-12-23,Sara Kapoor,40.0,M,Bengaluru,Electronics,Wireless Mouse,4.0,1490.12,5.0,5.0,Debit Card,5.0,40.0,SAVE10,
ORD102336,2024-02-19,Rahul Shah,36.0,,Indore,Apparel,Sports Track Pant,3.0,344.05,20.0,2.0,UPI,5.0,80.0,,
ORD100317,2024-10-24,Riya Chopra,31.0,Female,Nagpur,Home & Kitchen,LED Table Lamp,1.0,1350.89,25.0,8.0,Debit Card,4.0,0.0,,
ORD101681,2023-01-12,Ishaan Verma,27.0,Male,Chandigarh,Beauty & Personal Care,Perfume 50ml,1.0,332.6,0.0,7.0,,5.0,60.0,,Changed Mind
ORD102410,2024-04-28,Krishna Verma,23.0,Male,Chandigarh,Apparel,Ethnic Saree,4.0,1270.87,0.0,6.0,Credit Card,4.0,0.0,SAVE10,
ORD102092,2025-01-03,Rahul Kulkarni,20.0,M,Indore,Home & Kitchen,Steel Water Bottle,1.0,667.07,5.0,9.0,Cash on Delivery,4.0,80.0,,Size Issue
ORD100892,2024-04-21,Aadhya Kulkarni,38.0,F,Hyderabad,Home & Kitchen,Non-Stick Pan,2.0,1214.28,0.0,9.0,Debit Card,5.0,,WELCOME50,
ORD100848,2025-01-17,Ananya Kulkarni,40.0,m,Nagpur,Home & Kitchen,Storage Container Set,1.0,1182.19,10.0,9.0,UPI,4.0,,,
ORD101653,2024-06-26,Kabir Pillai,26.0,f,,Grocery,Assorted Dry Fruits,4.0,266.23,0.0,6.0,Credit Card,3.0,,,
ORD102474,2023-04-06,Vihaan Menon,30.0,Female,,Footwear,Running Shoes,2.0,1002.99,15.0,5.0,Debit Card,5.0,0.0,NEWUSER15,
ORD100544,2025-01-27,Ishita Deshmukh,51.0,Female,Chennai,Footwear,Formal Leather Shoes,2.0,613.74,0.0,7.0,Credit Card,4.0,,,
ORD101455,2023-03-01,Neha Patel,55.0,F,Lucknow,Home & Kitchen,Curtain Set,3.0,1008.22,15.0,4.0,Debit Card,5.0,0.0,,
ORD102227,2025-04-29,Aditya Nair,47.0,,Delhi,Home & Kitchen,Curtain Set,2.0,306.8,0.0,8.0,Debit Card,5.0,60.0,,
ORD102614,2023-04-06,Kavya Menon,16.0,f,Ahmedabad,Grocery,Green Tea Pack,3.0,257.19,0.0,7.0,,3.0,80.0,,
ORD100546,2024-01-27,Reyansh Shah,43.0,Male,Nagpur,Beauty & Personal Care,Face Wash 100ml,2.0,750.93,5.0,5.0,Net Banking,5.0,80.0,,Late Delivery
ORD101244,2025-03-08,Pari Chopra,28.0,Female,Surat,Apparel,Kids Hoodie,1.0,975.41,10.0,5.0,,,60.0,,
ORD102633,2024-11-21,Sneha Mehta,15.0,Male,Ahmedabad,Apparel,Kids Hoodie,1.0,791.06,5.0,3.0,Credit Card,5.0,,,
ORD102335,2024-11-08,Riya Singh,52.0,F,Kolkata,Home & Kitchen,Wall Clock,4.0,651.46,20.0,6.0,,5.0,,,
ORD102648,2025-05-02,Vihaan Chopra,30.0,Female,Kolkata,Grocery,Green Tea Pack,1.0,563.03,20.0,2.0,Credit Card,,0.0,FEST20,Wrong Item Delivered
ORD102255,2024-10-20,Kabir Reddy,40.0,M,Jaipur,Home & Kitchen,Non-Stick Pan,1.0,840.11,5.0,5.0,,,,,
ORD102725,2024-01-08,Arjun Singh,22.0,Male,Mumbai,Beauty & Personal Care,Face Wash 100ml,1.0,569.9,15.0,3.0,,,,NEWUSER15,
ORD100635,2024-09-16,Riya Nair,47.0,Male ,Kochi,Home & Kitchen,Non-Stick Pan,2.0,1487.68,0.0,4.0,Net Banking,5.0,100.0,,
ORD101453,2023-08-13,Aadhya Bhat,27.0,Female,Pune,Beauty & Personal Care,Beard Trimmer,1.0,385.03,10.0,4.0,UPI,4.0,100.0,,
ORD100590,2024-12-30,Ananya Gupta,,Female,,Grocery,Whole Wheat Atta 5kg,1.0,128.17,30.0,6.0,,4.0,100.0,,
ORD102982,2024-11-04,Kabir Joshi,20.0,Female,Chennai,Electronics,LED Bulb Smart,2.0,1265.47,10.0,3.0,,3.0,80.0,,
ORD101384,2023-12-26,Vivaan Agarwal,30.0,Female,Chandigarh,Home & Kitchen,Cotton Bedsheet Set,4.0,739.97,5.0,8.0,UPI,4.0,0.0,,
ORD102187,2023-08-23,Ananya Chopra,46.0,,Mumbai,Home & Kitchen,LED Table Lamp,2.0,,30.0,2.0,UPI,5.0,40.0,,
ORD100108,2024-03-05,Sneha Agarwal,35.0,,Kolkata,Apparel,Kids Hoodie,2.0,705.88,0.0,3.0,Credit Card,5.0,80.0,WELCOME50,
ORD100718,2023-08-03,Sneha Joshi,35.0,Male,Surat,Footwear,Flip Flops,2.0,2063.62,0.0,5.0,,5.0,100.0,,
ORD102916,2024-07-19,Karan Agarwal,35.0,Female,Nagpur,Apparel,Woolen Sweater,1.0,805.74,20.0,4.0,Credit Card,3.0,0.0,WELCOME50,Size Issue
ORD101333,2025-01-05,Aadhya Joshi,32.0,Male,Kochi,Electronics,Power Bank 10000mAh,2.0,1846.56,10.0,4.0,UPI,3.0,100.0,,
ORD101905,2023-08-12,Karan Deshmukh,42.0,Male,Hyderabad,Electronics,Bluetooth Earbuds,1.0,591.26,10.0,6.0,Credit Card,,,,
ORD102304,2025-04-14,Nikhil Mehta,110.0,,Pune,Footwear,Formal Leather Shoes,1.0,453.61,10.0,5.0,Debit Card,,80.0,,
ORD102228,2023-09-21,Pooja Kulkarni,49.0,m,Chennai,Home & Kitchen,Kitchen Organizer,2.0,375.65,0.0,6.0,Credit Card,,60.0,,
ORD102641,2024-03-28,Vivaan Menon,20.0,Female,Jaipur,Electronics,LED Bulb Smart,2.0,2435.55,10.0,4.0,Debit Card,5.0,100.0,,
ORD100921,2024-06-05,Aadhya Reddy,59.0,Male,Jaipur,Grocery,Cooking Oil 1L,1.0,635.4,15.0,2.0,UPI,4.0,150.0,,
ORD100712,2024-10-15,Anika Sharma,21.0,M,Pune,Beauty & Personal Care,Perfume 50ml,1.0,133.15,0.0,6.0,Net Banking,2.0,,,
ORD100287,2024-06-04,Neha Kulkarni,48.0,M,Jaipur,Footwear,Sandals,1.0,661.14,5.0,8.0,,4.0,0.0,FLAT100,
ORD101054,2023-03-11,Krishna Nair,53.0,F,Delhi,Footwear,Running Shoes,5.0,494.24,15.0,4.0,Cash on Delivery,,,NEWUSER15,
ORD101761,2024-01-08,Sara Singh,33.0,M,Hyderabad,Footwear,Flip Flops,1.0,1841.48,25.0,9.0,,4.0,100.0,,
ORD101036,2025-04-02,Diya Chopra,24.0,M,Chennai,Grocery,Spices Combo Pack,5.0,109.63,20.0,9.0,Debit Card,,80.0,NEWUSER15,
ORD101803,2023-08-25,Aarav Sharma,45.0,Female,Pune,Footwear,Running Shoes,3.0,1937.88,30.0,8.0,,5.0,60.0,SAVE10,
ORD101643,2024-06-25,Myra Kulkarni,34.0,Female,Kochi,Electronics,Power Bank 10000mAh,-5.0,2055.66,10.0,6.0,Debit Card,4.0,100.0,,
ORD101267,2024-10-16,Aarav Sharma,33.0,Male,Kochi,Electronics,Portable Speaker,2.0,835.73,10.0,5.0,UPI,,150.0,,
ORD101647,2024-08-27,Sneha Singh,24.0,M,Jaipur,Beauty & Personal Care,Beard Trimmer,2.0,307.55,25.0,2.0,Net Banking,4.0,100.0,,Defective Product
ORD100744,2024-12-25,Kabir Singh,27.0,Female,Ahmedabad,Beauty & Personal Care,Body Lotion,1.0,791.41,15.0,3.0,Net Banking,,0.0,,
ORD101925,2023-05-01,Aditya Pillai,49.0,F,Chennai,Apparel,Ethnic Saree,1.0,407.41,20.0,3.0,Net Banking,,60.0,,
ORD102699,2023-04-18,Sai Iyer,150.0,Female,Indore,Beauty & Personal Care,Lip Balm Pack,1.0,548.2,0.0,2.0,Net Banking,2.0,80.0,,
ORD100854,2023-10-24,Anika Joshi,33.0,Female,Mumbai,Beauty & Personal Care,Face Wash 100ml,1.0,325.01,0.0,8.0,UPI,4.0,40.0,,
ORD100200,2023-11-30,Kabir Kapoor,18.0,Other,Kolkata,Grocery,Whole Wheat Atta 5kg,4.0,585.25,30.0,3.0,Net Banking,,,,Changed Mind
ORD101915,2024-04-16,Riya Pillai,27.0,Female,Kolkata,Apparel,Women Kurti,1.0,447.91,0.0,9.0,,,,SAVE10,
ORD102816,2024-09-05,Sneha Reddy,34.0,Male,Ahmedabad,Electronics,Bluetooth Earbuds,1.0,2199.42,40.0,6.0,Debit Card,,,,
ORD102221,2023-05-21,Ishita Rao,43.0,M,Pune,Footwear,Sandals,2.0,1837.15,20.0,5.0,Credit Card,5.0,80.0,,
ORD100928,2024-01-17,Priya Gupta,25.0,Female,Jaipur,Grocery,Cooking Oil 1L,3.0,336.94,15.0,2.0,,3.0,,,
ORD101379,2024-10-06,Myra Bhat,30.0,,Ahmedabad,Home & Kitchen,Curtain Set,3.0,1127.02,0.0,2.0,Credit Card,3.0,150.0,,
ORD101442,2025-05-01,Krishna Pillai,23.0,Male ,Mumbai,Electronics,Smartphone Cover,1.0,2259.66,25.0,7.0,UPI,3.0,0.0,FEST20,
ORD100525,2023-10-10,Sai Joshi,24.0,Female,Chandigarh,Grocery,Whole Wheat Atta 5kg,2.0,446.92,20.0,-1.0,Net Banking,5.0,,,
ORD101401,2023-08-08,Aditya Kulkarni,27.0,F,Ahmedabad,Apparel,Sports Track Pant,4.0,463.94,5.0,7.0,UPI,3.0,150.0,SAVE10,
ORD101714,2024-08-10,Kavya Bhat,15.0,Male,Kochi,Apparel,Ethnic Saree,3.0,582.68,0.0,2.0,UPI,,60.0,,
ORD102163,2023-10-17,Riya Kulkarni,29.0,M,Mumbai,Electronics,Smartphone Cover,1.0,1550.04,20.0,8.0,Cash on Delivery,5.0,,,
ORD100506,2024-04-28,Karan Singh,49.0,Female,Bengaluru,Electronics,Power Bank 10000mAh,1.0,973.32,5.0,5.0,UPI,5.0,,,Late Delivery
ORD100479,2023-11-22,Diya Joshi,40.0,m,Mumbai,Beauty & Personal Care,Sunscreen SPF50,2.0,147.89,15.0,40.0,Credit Card,4.0,0.0,,Wrong Item Delivered
ORD100687,2024-06-24,Karan Deshmukh,48.0,Female,,Electronics,Bluetooth Earbuds,5.0,685.03,0.0,4.0,UPI,,40.0,,
ORD101062,2023-05-12,Amit Mehta,56.0,Female,Chennai,Beauty & Personal Care,Beard Trimmer,2.0,382.07,5.0,9.0,Credit Card,5.0,,NEWUSER15,
ORD101318,2024-02-14,Karan Deshmukh,19.0,f,Delhi,Electronics,USB-C Cable,1.0,558.33,0.0,6.0,Credit Card,,100.0,,
ORD100396,2023-02-10,Kavya Mehta,15.0,Male ,,Home & Kitchen,Wall Clock,4.0,964.81,0.0,7.0,,,,,
ORD101819,2023-09-26,Rohan Iyer,36.0,MALE,Surat,Footwear,Running Shoes,3.0,634.47,30.0,8.0,,1.0,,,
ORD101422,2024-06-20,Sai Joshi,52.0,Male,Chennai,Electronics,Wireless Mouse,1.0,1558.6,10.0,2.0,,4.0,0.0,,
ORD101377,2024-11-16,Sara Sharma,45.0,Male,Kolkata,Home & Kitchen,Steel Water Bottle,5.0,1500.91,15.0,5.0,Credit Card,,,,
ORD100897,2023-02-19,Myra Iyer,44.0,Male,Bengaluru,Electronics,Bluetooth Earbuds,1.0,1044.31,15.0,3.0,Debit Card,4.0,,,
ORD102686,2023-08-11,Ishita Shah,55.0,Female,Kochi,Home & Kitchen,LED Table Lamp,1.0,1593.4,10.0,2.0,Credit Card,4.0,0.0,,Changed Mind
ORD102233,2023-05-06,Navya Kapoor,41.0,Female,Bengaluru,Apparel,Kids Hoodie,4.0,931.79,20.0,3.0,Credit Card,,150.0,NEWUSER15,
ORD100602,2024-11-04,Vivaan Rao,29.0,Male,Hyderabad,Footwear,Formal Leather Shoes,2.0,972.59,10.0,8.0,,5.0,80.0,WELCOME50,
ORD100240,2023-05-08,Riya Kapoor,34.0,Male ,Pune,Footwear,Flip Flops,1.0,1292.08,30.0,5.0,Cash on Delivery,4.0,0.0,WELCOME50,
ORD101402,2024-11-20,Aadhya Kulkarni,47.0,MALE,Hyderabad,Apparel,Formal Shirt,2.0,1396.42,0.0,3.0,UPI,5.0,60.0,FLAT100,
ORD100448,2024-04-19,Anika Kapoor,15.0,Female,Hyderabad,Beauty & Personal Care,Body Lotion,1.0,676.92,0.0,2.0,Debit Card,1.0,80.0,,
ORD100824,2024-11-04,Sai Shah,45.0,F,Lucknow,Grocery,Honey 500g,4.0,335.43,10.0,5.0,UPI,,40.0,,
ORD102490,2023-10-12,Rohan Kapoor,28.0,Male,Lucknow,Grocery,Instant Noodles Pack,2.0,413.91,20.0,4.0,Credit Card,3.0,,NEWUSER15,
ORD100013,2024-10-21,Kavya Singh,43.0,MALE,Indore,Beauty & Personal Care,Lip Balm Pack,200.0,,20.0,5.0,UPI,5.0,0.0,,
ORD102995,2024-07-28,Karan Kulkarni,30.0,,Lucknow,Apparel,Formal Shirt,1.0,1232.61,15.0,9.0,UPI,4.0,100.0,,Size Issue
ORD102518,2023-05-11,Sara Singh,37.0,Female,Kochi,Footwear,Casual Sneakers,2.0,1193.82,0.0,8.0,Credit Card,4.0,60.0,,
ORD101067,2024-08-06,Kabir Patel,30.0,Male,Bengaluru,Grocery,Instant Noodles Pack,4.0,82.57,10.0,8.0,UPI,,40.0,FLAT100,
ORD102612,2023-01-04,Vivaan Joshi,36.0,Female,Lucknow,Electronics,Smartphone Cover,2.0,2364.27,20.0,7.0,UPI,4.0,100.0,,
ORD102770,2024-08-24,Riya Rao,38.0,Male,Ahmedabad,Footwear,Casual Sneakers,2.0,951.76,20.0,3.0,UPI,,80.0,,
ORD100376,2024-11-02,Aditya Pillai,38.0,M,Hyderabad,Apparel,Sports Track Pant,1.0,1044.83,0.0,2.0,Credit Card,5.0,,,
ORD101225,2025-06-02,Diya Kulkarni,46.0,Male,,Apparel,Women Kurti,3.0,616.8,20.0,4.0,,,,WELCOME50,
ORD100263,2025-04-22,Reyansh Nair,15.0,Female,Jaipur,Footwear,Flip Flops,4.0,1174.66,0.0,2.0,Cash on Delivery,,150.0,FEST20,Size Issue
ORD100615,2024-08-05,Priya Shah,20.0,Male,Hyderabad,Home & Kitchen,Wall Clock,3.0,333.15,25.0,3.0,Credit Card,4.0,100.0,WELCOME50,
ORD100503,2025-03-01,Kavya Iyer,36.0,F,Hyderabad,Apparel,Sports Track Pant,1.0,560.83,10.0,9.0,,2.0,60.0,,
ORD100057,2023-05-21,Anika Agarwal,15.0,Male,Mumbai,Home & Kitchen,Kitchen Organizer,2.0,1234.34,10.0,5.0,UPI,4.0,150.0,WELCOME50,
ORD102593,2023-03-28,Ishaan Gupta,31.0,Male,Kolkata,Grocery,Green Tea Pack,4.0,552.12,15.0,7.0,Credit Card,5.0,60.0,,
ORD102318,2025-02-14,Anika Singh,37.0,Male,Lucknow,Beauty & Personal Care,Hair Oil 200ml,2.0,137.32,10.0,7.0,UPI,,0.0,,
ORD102067,2025-04-06,Amit Patel,32.0,Male,Chandigarh,Apparel,Kids Hoodie,1.0,660.9,40.0,3.0,Credit Card,4.0,60.0,,
ORD102385,2025-03-08,Vivaan Rao,31.0,Female,Chennai,Apparel,Denim Jeans,2.0,1470.89,15.0,4.0,Debit Card,5.0,60.0,,
ORD102705,2023-09-17,Sneha Verma,23.0,Female,Pune,Electronics,Smartwatch Band,1.0,1257.52,0.0,6.0,Debit Card,5.0,100.0,SAVE10,
ORD100232,2023-01-18,Arjun Reddy,50.0,Male,Lucknow,Beauty & Personal Care,Lip Balm Pack,1.0,734.54,20.0,6.0,UPI,3.0,60.0,SAVE10,
ORD102573,2023-12-23,Rohan Singh,51.0,Male,Indore,Footwear,Casual Sneakers,2.0,1020.95,10.0,8.0,Credit Card,2.0,0.0,,
ORD101625,2023-01-23,Riya Gupta,32.0,M,Chennai,Home & Kitchen,Steel Water Bottle,2.0,1352.87,5.0,8.0,,,0.0,FLAT100,
ORD102838,2023-12-15,Diya Chopra,25.0,Female,Jaipur,Footwear,Formal Leather Shoes,-1.0,1001.25,5.0,4.0,,4.0,0.0,,
ORD101085,2025-02-03,Amit Pillai,35.0,Male ,Lucknow,Home & Kitchen,Wall Clock,2.0,227.81,20.0,9.0,Debit Card,5.0,0.0,,
ORD101291,2025-02-20,Aadhya Chopra,27.0,Male ,Kochi,Electronics,LED Bulb Smart,3.0,1200.89,20.0,9.0,UPI,,,,
ORD102207,2025-02-03,Diya Kapoor,30.0,Male,Mumbai,Footwear,Sandals,2.0,906.76,0.0,7.0,Net Banking,,,,
ORD101568,2023-12-15,Navya Chopra,32.0,f,Indore,Electronics,Power Bank 10000mAh,2.0,919.56,15.0,7.0,Debit Card,4.0,150.0,,
ORD101075,2023-05-30,Aarav Iyer,45.0,,Kochi,Electronics,Wireless Mouse,3.0,2157.59,15.0,7.0,Debit Card,,,,
ORD100785,2024-06-19,Reyansh Rao,39.0,f,Delhi,Apparel,Sports Track Pant,2.0,1291.99,50.0,5.0,,3.0,,,Changed Mind
ORD102810,2024-04-12,Sai Verma,46.0,M,Kolkata,Home & Kitchen,LED Table Lamp,1.0,1075.58,0.0,4.0,Debit Card,5.0,60.0,SAVE10,Size Issue
ORD100173,2024-10-20,Priya Patel,19.0,F,Jaipur,Home & Kitchen,LED Table Lamp,1.0,373.12,10.0,4.0,,4.0,60.0,,
ORD100141,2024-10-23,Nikhil Agarwal,32.0,Other,Mumbai,Apparel,Men Cotton T-Shirt,5.0,505.61,30.0,9.0,,4.0,60.0,,
ORD100204,2024-02-21,Nikhil Patel,53.0,MALE,Kochi,Apparel,Men Cotton T-Shirt,2.0,875.93,25.0,8.0,UPI,4.0,80.0,,
ORD102061,2024-05-26,Aditya Singh,31.0,F,Ahmedabad,Beauty & Personal Care,Beard Trimmer,1.0,711.23,0.0,5.0,Net Banking,4.0,40.0,,Late Delivery
ORD101765,2023-01-26,Sneha Pillai,39.0,Male,Chandigarh,Electronics,Portable Speaker,2.0,2225.76,5.0,4.0,Credit Card,,80.0,,Wrong Item Delivered
ORD102072,2024-01-02,Amit Joshi,24.0,m,Jaipur,Electronics,Portable Speaker,1.0,1427.58,0.0,8.0,UPI,4.0,0.0,SAVE10,
ORD102040,2023-09-21,Karan Nair,32.0,Male,Chennai,Apparel,Men Cotton T-Shirt,2.0,1362.12,0.0,2.0,UPI,,40.0,FLAT100,
ORD102933,2024-02-01,Sneha Verma,25.0,M,Chandigarh,Electronics,Wireless Mouse,2.0,1939.38,25.0,2.0,,5.0,,SAVE10,
ORD102111,2024-09-06,Neha Deshmukh,39.0,M,Pune,Electronics,Power Bank 10000mAh,1.0,1053.7,5.0,5.0,,2.0,0.0,,
ORD100681,2023-05-06,Sneha Patel,25.0,Female,Bengaluru,Grocery,Green Tea Pack,1.0,85.33,15.0,3.0,UPI,4.0,60.0,,
ORD100977,2024-06-05,Aditya Rao,23.0,Female,Surat,Grocery,Whole Wheat Atta 5kg,1.0,530.99,20.0,3.0,Credit Card,3.0,,,
ORD102212,2024-07-05,Navya Verma,34.0,Female,Kochi,Footwear,Formal Leather Shoes,1.0,1338.5,10.0,6.0,UPI,4.0,80.0,,
ORD100845,2023-01-05,Rohan Kulkarni,34.0,M,Jaipur,Grocery,Honey 500g,3.0,496.45,20.0,9.0,,5.0,40.0,SAVE10,
ORD102360,2024-08-13,Arjun Kulkarni,15.0,Male,Lucknow,Beauty & Personal Care,Beard Trimmer,3.0,710.07,10.0,2.0,Net Banking,,60.0,,
ORD101698,2023-11-24,Pari Agarwal,32.0,M,Hyderabad,Grocery,Assorted Dry Fruits,3.0,589.01,25.0,3.0,Cash on Delivery,3.0,,,
ORD101123,2023-08-10,Myra Reddy,24.0,Male,Bengaluru,Apparel,Denim Jeans,1.0,951.39,25.0,2.0,UPI,3.0,,,
ORD101809,2025-05-23,Rohan Gupta,29.0,Male,Chandigarh,Electronics,USB-C Cable,1.0,1508.29,40.0,7.0,,1.0,0.0,,
ORD100789,2023-01-12,Diya Patel,32.0,f,Chandigarh,Apparel,Women Kurti,1.0,1304.3,0.0,7.0,UPI,5.0,80.0,,
ORD102891,2023-11-07,Sneha Patel,38.0,Male ,Delhi,Electronics,Wireless Mouse,1.0,774.04,0.0,3.0,Debit Card,4.0,60.0,,Defective Product
ORD102762,2023-11-29,Kavya Rao,35.0,M,Bengaluru,Grocery,Honey 500g,1.0,342.6,10.0,2.0,Debit Card,4.0,80.0,,
ORD102958,2024-10-03,Sara Kulkarni,36.0,Male,Indore,Footwear,Running Shoes,2.0,1659.94,0.0,8.0,UPI,,,FEST20,
ORD101520,2023-12-21,Rohan Reddy,49.0,Other,Lucknow,Beauty & Personal Care,Herbal Shampoo,2.0,748.27,0.0,3.0,Credit Card,3.0,100.0,,
ORD101181,2023-01-26,Nikhil Shah,34.0,,Bengaluru,Apparel,Denim Jeans,1.0,1095.43,0.0,4.0,Credit Card,4.0,0.0,,
ORD100268,2024-07-11,Amit Rao,31.0,M,Indore,Home & Kitchen,Cotton Bedsheet Set,1.0,899.3,15.0,4.0,,4.0,100.0,,
ORD102152,2023-10-07,Kabir Iyer,28.0,,Delhi,Grocery,Assorted Dry Fruits,2.0,347.77,10.0,8.0,,1.0,,NEWUSER15,
ORD101002,2024-05-23,Karan Pillai,18.0,Male,Bengaluru,Footwear,Formal Leather Shoes,1.0,1827.66,0.0,5.0,Cash on Delivery,4.0,80.0,SAVE10,
ORD100511,2023-12-11,Vivaan Kapoor,,Male,Nagpur,Electronics,Power Bank 10000mAh,1.0,2339.03,0.0,7.0,,,,,
ORD101531,2023-01-20,Navya Gupta,32.0,Female,Indore,Apparel,Men Cotton T-Shirt,2.0,,25.0,2.0,UPI,,0.0,,
ORD101649,2025-01-31,Riya Gupta,30.0,Male,Jaipur,Footwear,Flip Flops,1.0,885.71,30.0,7.0,Cash on Delivery,,,,
ORD100100,2025-01-28,Anika Rao,52.0,m,Ahmedabad,Grocery,Instant Noodles Pack,1.0,202.33,20.0,8.0,,4.0,,,
ORD100012,2024-11-01,Anika Agarwal,34.0,F,Bengaluru,Footwear,Sandals,1.0,2177.35,20.0,4.0,Debit Card,2.0,60.0,,
ORD100644,2024-12-02,Aditya Gupta,56.0,Female,Indore,Apparel,Denim Jeans,1.0,580.52,0.0,9.0,,5.0,,,
ORD101614,2023-02-24,Neha Nair,46.0,F,Bengaluru,Electronics,Smartphone Cover,2.0,982.07,5.0,7.0,Credit Card,5.0,0.0,,
ORD100778,2023-09-04,Pari Kulkarni,31.0,F,Lucknow,Grocery,Spices Combo Pack,1.0,622.45,10.0,9.0,,5.0,40.0,SAVE10,
ORD100929,2024-06-10,Ananya Pillai,43.0,Male,Chennai,Electronics,USB-C Cable,1.0,585.34,20.0,3.0,Credit Card,1.0,40.0,,
ORD101320,2023-04-15,Diya Mehta,38.0,Male,Lucknow,Electronics,Power Bank 10000mAh,4.0,1969.06,30.0,5.0,Net Banking,3.0,,FLAT100,
ORD101165,2023-04-06,Ananya Agarwal,31.0,Other,Chennai,Grocery,Cooking Oil 1L,2.0,299.6,30.0,50.0,Net Banking,2.0,100.0,,
ORD100547,2024-06-22,Pooja Patel,30.0,Male ,Surat,Home & Kitchen,LED Table Lamp,1.0,1338.52,15.0,4.0,UPI,,,,
ORD101366,2023-10-02,Reyansh Sharma,45.0,,Bengaluru,Home & Kitchen,Curtain Set,1.0,454.02,10.0,3.0,Credit Card,4.0,0.0,,
ORD102199,2023-01-11,Sneha Bhat,25.0,F,Chennai,Beauty & Personal Care,Sunscreen SPF50,5.0,712.93,30.0,4.0,UPI,3.0,,WELCOME50,
ORD101900,2024-05-02,Diya Menon,41.0,m,Chandigarh,Electronics,Wireless Mouse,1.0,1530.73,0.0,8.0,,5.0,0.0,,
ORD101523,2023-05-18,Sara Chopra,30.0,M,Pune,Beauty & Personal Care,Body Lotion,2.0,535.24,5.0,8.0,Debit Card,,60.0,,
ORD100020,2024-03-31,Nikhil Shah,32.0,Female,Lucknow,Footwear,Running Shoes,1.0,849.03,10.0,2.0,Net Banking,3.0,100.0,FEST20,
ORD100749,2023-05-24,Diya Joshi,39.0,F,Pune,Home & Kitchen,Cotton Bedsheet Set,4.0,1019.91,0.0,3.0,UPI,1.0,100.0,,
ORD101077,2023-06-01,Priya Chopra,25.0,Male,Surat,Beauty & Personal Care,Beard Trimmer,1.0,387.95,5.0,6.0,Credit Card,4.0,,NEWUSER15,
ORD100117,2023-05-08,Aarav Menon,36.0,m,Pune,Beauty & Personal Care,Body Lotion,1.0,524.42,0.0,4.0,Cash on Delivery,4.0,40.0,,
ORD102951,2023-01-21,Sai Bhat,39.0,M,,Electronics,Portable Speaker,1.0,1420.95,10.0,8.0,Cash on Delivery,4.0,,,
ORD101164,2023-12-24,Arjun Iyer,21.0,Female,Kochi,Electronics,Wireless Mouse,5.0,1103.46,0.0,5.0,Credit Card,4.0,0.0,SAVE10,
ORD101409,2023-09-16,Navya Mehta,37.0,Male,Pune,Footwear,Flip Flops,5.0,2079.46,30.0,3.0,Debit Card,5.0,,,
ORD100563,2023-06-15,Ishita Joshi,33.0,M,Indore,Electronics,Smartphone Cover,2.0,1942.7,15.0,5.0,,4.0,150.0,SAVE10,
ORD102635,2023-01-25,Sneha Mehta,49.0,Female,Bengaluru,Electronics,Smartwatch Band,1.0,7339.392409256739,0.0,2.0,Credit Card,4.0,0.0,SAVE10,Changed Mind
ORD102711,2023-01-22,Amit Singh,41.0,Female,Nagpur,Grocery,Whole Wheat Atta 5kg,1.0,577.04,15.0,5.0,UPI,4.0,,,
ORD100490,2024-01-18,Kavya Kapoor,24.0,,Bengaluru,Apparel,Ethnic Saree,1.0,707.68,25.0,5.0,,4.0,,,
ORD100046,2024-02-11,Sneha Kulkarni,28.0,m,Bengaluru,Footwear,Casual Sneakers,1.0,626.9,15.0,5.0,,5.0,0.0,,
ORD100492,2023-11-07,Anika Sharma,29.0,Female,Lucknow,Apparel,Kids Hoodie,1.0,332.78,0.0,8.0,UPI,5.0,100.0,FEST20,
ORD102366,2023-10-12,Karan Sharma,16.0,Female,Kolkata,Grocery,Instant Noodles Pack,2.0,586.66,15.0,8.0,UPI,4.0,0.0,,
ORD102493,2023-11-17,Karan Iyer,40.0,Female,Ahmedabad,Apparel,Kids Hoodie,2.0,661.48,30.0,3.0,Debit Card,3.0,0.0,FEST20,
ORD102458,2024-03-08,Kabir Gupta,49.0,Female,,Electronics,Power Bank 10000mAh,4.0,,10.0,3.0,Cash on Delivery,3.0,0.0,WELCOME50,
ORD101699,2025-05-25,Sara Kapoor,17.0,Male,Indore,Beauty & Personal Care,Face Wash 100ml,1.0,426.73,0.0,5.0,UPI,5.0,,,
ORD102500,2024-09-29,Arjun Iyer,27.0,Female,Lucknow,Footwear,Casual Sneakers,1.0,,5.0,3.0,UPI,5.0,0.0,,
ORD100768,2023-05-08,Vivaan Verma,30.0,Male,Nagpur,Apparel,Denim Jeans,1.0,1478.17,30.0,7.0,UPI,5.0,80.0,,
ORD101398,2023-01-23,Aarav Sharma,46.0,Male,Lucknow,Grocery,Cooking Oil 1L,2.0,317.12,5.0,3.0,Cash on Delivery,,40.0,,
ORD101726,2025-05-15,Anika Bhat,33.0,,Ahmedabad,Grocery,Green Tea Pack,75.0,528.51,30.0,6.0,Debit Card,5.0,0.0,FEST20,
ORD102766,2023-11-07,Sai Deshmukh,39.0,Male,Bengaluru,Home & Kitchen,Cotton Bedsheet Set,1.0,1301.87,15.0,2.0,,5.0,40.0,,
ORD102631,2023-11-04,Myra Chopra,45.0,f,Ahmedabad,Grocery,Whole Wheat Atta 5kg,4.0,595.76,20.0,7.0,UPI,,,,
ORD102745,2024-01-04,Aarav Reddy,21.0,M,Mumbai,Home & Kitchen,Steel Water Bottle,1.0,696.89,0.0,7.0,,2.0,0.0,,Quality Not as Expected
ORD101038,2024-11-15,Nikhil Reddy,24.0,F,Nagpur,Electronics,Bluetooth Earbuds,2.0,1677.9,50.0,3.0,Credit Card,3.0,0.0,,
ORD102742,2024-04-11,Diya Rao,15.0,Male,Chennai,Home & Kitchen,Wall Clock,1.0,907.15,25.0,5.0,Credit Card,3.0,0.0,,
ORD102969,2024-08-03,Pari Joshi,50.0,Male,Delhi,Grocery,Assorted Dry Fruits,2.0,651.67,0.0,2.0,Credit Card,4.0,0.0,,
ORD100564,2023-01-17,Myra Deshmukh,22.0,F,Kolkata,Electronics,LED Bulb Smart,3.0,1440.42,25.0,6.0,UPI,5.0,0.0,,Late Delivery
ORD100609,2025-02-20,Krishna Sharma,45.0,Female,Delhi,Beauty & Personal Care,Herbal Shampoo,1.0,561.37,10.0,6.0,Cash on Delivery,4.0,,,
ORD102783,2024-10-04,Vivaan Nair,18.0,Male,Hyderabad,Electronics,Smartwatch Band,1.0,1658.21,10.0,6.0,UPI,5.0,,,Size Issue
ORD102768,2024-03-11,Aditya Kulkarni,15.0,f,Ahmedabad,Footwear,Flip Flops,2.0,843.41,10.0,3.0,Debit Card,3.0,,,
ORD101949,2023-10-20,Vivaan Gupta,41.0,F,,Grocery,Cooking Oil 1L,3.0,279.35,10.0,9.0,UPI,5.0,0.0,FEST20,
ORD102676,2024-12-21,Aadhya Patel,32.0,Male,Jaipur,Beauty & Personal Care,Body Lotion,1.0,620.15,0.0,6.0,,5.0,0.0,WELCOME50,
ORD101256,2023-07-22,Ishaan Patel,36.0,Male,Chennai,Home & Kitchen,Kitchen Organizer,1.0,1765.82,0.0,2.0,,5.0,,,
ORD100576,2023-11-09,Aadhya Gupta,41.0,M,,Grocery,Honey 500g,1.0,147.23,0.0,5.0,Debit Card,5.0,,,
ORD100626,2023-11-05,Karan Nair,52.0,M,Indore,Footwear,Running Shoes,3.0,629.68,5.0,5.0,UPI,5.0,0.0,,
ORD102236,2024-01-22,Vivaan Kulkarni,45.0,Female,Ahmedabad,Beauty & Personal Care,Perfume 50ml,2.0,166.01,10.0,4.0,UPI,,0.0,,
ORD101434,2023-10-19,Pari Joshi,33.0,Female,Delhi,Apparel,Sports Track Pant,1.0,804.89,15.0,4.0,UPI,5.0,,,
ORD102874,2023-12-16,Riya Reddy,17.0,female,Ahmedabad,Apparel,Men Cotton T-Shirt,1.0,562.98,0.0,7.0,UPI,4.0,100.0,SAVE10,
ORD102367,2023-06-10,Ishita Shah,37.0,Male,Jaipur,Grocery,Spices Combo Pack,1.0,464.64,-10.0,4.0,,,0.0,,
ORD101598,2024-10-14,Kabir Rao,24.0,Female,Ahmedabad,Grocery,Whole Wheat Atta 5kg,2.0,115.46,25.0,6.0,Debit Card,4.0,150.0,NEWUSER15,
ORD101958,2024-08-24,Krishna Joshi,31.0,,Hyderabad,Grocery,Instant Noodles Pack,2.0,443.34,15.0,5.0,,4.0,40.0,,
ORD101224,2024-01-15,Kabir Sharma,27.0,Female,,Apparel,Kids Hoodie,4.0,995.27,30.0,2.0,Debit Card,,40.0,,
ORD100755,2024-02-03,Neha Chopra,,M,Ahmedabad,Beauty & Personal Care,Face Wash 100ml,1.0,688.37,15.0,3.0,Debit Card,,,,
ORD101754,2024-07-24,Neha Singh,26.0,M,,Electronics,Wireless Mouse,3.0,626.42,20.0,8.0,Credit Card,5.0,0.0,,
ORD101596,2024-08-23,Riya Bhat,39.0,Female,Delhi,Footwear,Running Shoes,1.0,562.31,30.0,4.0,UPI,,0.0,,
ORD102646,2024-06-01,Priya Singh,49.0,Male,Lucknow,Beauty & Personal Care,Beard Trimmer,2.0,276.54,20.0,8.0,Credit Card,4.0,80.0,,
ORD100639,2025-05-14,Vivaan Joshi,21.0,Female,Ahmedabad,Apparel,Sports Track Pant,2.0,1306.73,10.0,6.0,,4.0,100.0,,
ORD101032,2023-11-17,Neha Kulkarni,21.0,F,Indore,Grocery,Cooking Oil 1L,4.0,249.32,20.0,6.0,Debit Card,5.0,0.0,,
ORD100043,2023-11-19,Rahul Pillai,34.0,M,Chandigarh,Grocery,Assorted Dry Fruits,2.0,174.61,5.0,3.0,UPI,,100.0,,Defective Product
ORD100007,2023-01-25,Sneha Kulkarni,31.0,,Delhi,Electronics,Portable Speaker,2.0,,5.0,4.0,Debit Card,4.0,,FLAT100,
ORD102390,2024-02-19,Myra Rao,46.0,Female,Jaipur,Apparel,Woolen Sweater,1.0,537.59,15.0,5.0,Credit Card,4.0,,,
ORD100738,2023-11-15,Rahul Chopra,44.0,M,Mumbai,Electronics,Smartwatch Band,3.0,1887.57,20.0,4.0,Credit Card,5.0,80.0,,
ORD100032,2023-03-25,Sara Mehta,25.0,Male,Mumbai,Home & Kitchen,LED Table Lamp,2.0,330.37,15.0,9.0,Credit Card,3.0,100.0,,Changed Mind
ORD100470,2024-12-27,Kavya Shah,,Male,Nagpur,Beauty & Personal Care,Face Wash 100ml,4.0,419.91,0.0,5.0,Credit Card,5.0,,FLAT100,
ORD100471,2023-11-21,Sara Mehta,17.0,F,Bengaluru,Apparel,Women Kurti,1.0,1465.8,5.0,4.0,Debit Card,2.0,,,
ORD100421,2024-01-03,Ishita Singh,32.0,Male,Pune,Apparel,Formal Shirt,2.0,1211.83,20.0,5.0,Cash on Delivery,5.0,,WELCOME50,
ORD101759,2024-06-13,Myra Mehta,41.0,Female,,Apparel,Women Kurti,3.0,316.43,10.0,6.0,,3.0,80.0,,
ORD102281,2023-11-18,Reyansh Pillai,32.0,Female,Nagpur,Apparel,Kids Hoodie,2.0,973.87,0.0,2.0,,4.0,0.0,,
ORD101642,2024-02-12,Sara Deshmukh,36.0,Female,Kochi,Home & Kitchen,LED Table Lamp,1.0,1604.54,20.0,3.0,,5.0,0.0,WELCOME50,
ORD101538,2024-10-05,Diya Agarwal,,Male,Bengaluru,Grocery,Spices Combo Pack,1.0,311.78,15.0,7.0,Debit Card,,40.0,,Wrong Item Delivered
ORD102178,2024-07-24,Ananya Chopra,32.0,Male,Mumbai,Electronics,Smartphone Cover,1.0,1678.4,0.0,3.0,Credit Card,4.0,100.0,WELCOME50,
ORD102777,2025-04-02,Karan Patel,15.0,f,Pune,Electronics,Power Bank 10000mAh,2.0,2280.33,10.0,5.0,Debit Card,,150.0,FEST20,
ORD102750,2023-08-12,Vivaan Reddy,53.0,Female,Jaipur,Apparel,Woolen Sweater,3.0,1310.78,25.0,5.0,Debit Card,5.0,40.0,,Wrong Item Delivered
ORD101706,2025-06-14,Sai Joshi,34.0,female,Pune,Home & Kitchen,Cotton Bedsheet Set,1.0,1623.29,15.0,2.0,Credit Card,5.0,0.0,,
ORD100905,2024-12-16,Karan Menon,20.0,Male,Ahmedabad,Grocery,Honey 500g,3.0,619.65,0.0,4.0,Credit Card,,40.0,SAVE10,
ORD101109,2023-10-09,Krishna Mehta,42.0,F,Indore,Home & Kitchen,Cotton Bedsheet Set,3.0,1123.21,5.0,6.0,,4.0,150.0,,
ORD102860,2023-06-26,Ananya Verma,28.0,Male,Chennai,Electronics,Power Bank 10000mAh,3.0,987.99,10.0,4.0,Debit Card,3.0,150.0,,Wrong Item Delivered
ORD101678,2025-04-21,Anika Deshmukh,30.0,F,,Electronics,Portable Speaker,3.0,2426.88,0.0,3.0,Net Banking,5.0,0.0,,
ORD101127,2024-08-03,Pari Deshmukh,41.0,m,Kolkata,Home & Kitchen,Wall Clock,2.0,818.08,20.0,8.0,UPI,,,,
ORD100464,2023-01-06,Rahul Joshi,39.0,F,Indore,Beauty & Personal Care,Lip Balm Pack,2.0,683.48,0.0,8.0,UPI,,100.0,FLAT100,
ORD101389,2025-04-08,Sara Patel,34.0,M,Nagpur,Electronics,Wireless Mouse,3.0,777.66,0.0,7.0,Cash on Delivery,2.0,60.0,,
ORD101305,2024-09-03,Pooja Pillai,19.0,Female,Chandigarh,Electronics,Bluetooth Earbuds,2.0,863.56,-25.0,5.0,Credit Card,4.0,0.0,,
ORD100577,2024-04-22,Kavya Chopra,30.0,Female,Mumbai,Electronics,Smartwatch Band,1.0,898.73,10.0,9.0,Debit Card,,0.0,FLAT100,
ORD101039,2024-11-20,Arjun Chopra,33.0,M,Delhi,Apparel,Denim Jeans,2.0,1210.17,10.0,5.0,Debit Card,,60.0,,Late Delivery
ORD100667,2024-12-15,Nikhil Rao,32.0,Female,Bengaluru,Electronics,Smartphone Cover,1.0,853.17,0.0,2.0,,3.0,,,
ORD100009,2023-03-27,Anika Singh,42.0,Female,Jaipur,Apparel,Formal Shirt,4.0,,20.0,5.0,Cash on Delivery,,40.0,SAVE10,
ORD102284,2024-09-12,Vihaan Deshmukh,49.0,Male,Chennai,Beauty & Personal Care,Hair Oil 200ml,5.0,620.71,0.0,3.0,Credit Card,,,,
ORD101792,2023-11-10,Ananya Nair,35.0,Male,Hyderabad,Apparel,Men Cotton T-Shirt,4.0,426.65,5.0,4.0,UPI,,100.0,,
ORD101146,2024-04-29,Aditya Singh,28.0,Male,Kochi,Footwear,Casual Sneakers,1.0,1009.17,5.0,5.0,,5.0,80.0,,
ORD100997,2023-11-25,Vihaan Joshi,23.0,Male,Lucknow,Home & Kitchen,Kitchen Organizer,1.0,1383.37,5.0,8.0,Debit Card,4.0,100.0,FLAT100,
ORD101336,2023-12-25,Rahul Kulkarni,37.0,Male,Mumbai,Apparel,Sports Track Pant,2.0,1103.87,0.0,3.0,Credit Card,,,,
ORD100983,2024-08-13,Kabir Rao,32.0,Female,Surat,Grocery,Spices Combo Pack,3.0,692.67,0.0,6.0,,4.0,,,
ORD101514,2023-08-13,Diya Chopra,40.0,Male,Bengaluru,Electronics,LED Bulb Smart,2.0,1085.43,30.0,8.0,,3.0,40.0,,
ORD102499,2024-11-26,Arjun Verma,35.0,,,Beauty & Personal Care,Sunscreen SPF50,2.0,878.76,0.0,6.0,Credit Card,,100.0,,
ORD100979,2024-05-30,Vivaan Kulkarni,24.0,m,Mumbai,Electronics,Smartwatch Band,1.0,1887.6,15.0,7.0,Cash on Delivery,4.0,,,
ORD101347,2024-09-30,Anika Pillai,28.0,Male,Hyderabad,Apparel,Woolen Sweater,3.0,1207.76,5.0,6.0,Debit Card,3.0,,,
ORD102015,2023-10-18,Neha Reddy,35.0,Male,Bengaluru,Beauty & Personal Care,Beard Trimmer,1.0,799.59,25.0,5.0,,5.0,,,
ORD101502,2023-07-28,Reyansh Kapoor,47.0,Female,Jaipur,Electronics,Wireless Mouse,1.0,1945.4,0.0,2.0,UPI,2.0,80.0,SAVE10,
ORD100048,2024-09-09,Ishita Iyer,31.0,Male ,Pune,Apparel,Formal Shirt,3.0,1042.39,0.0,9.0,UPI,,0.0,,
ORD102517,2024-04-24,Navya Gupta,34.0,Male,,Footwear,Running Shoes,1.0,1165.85,0.0,2.0,Credit Card,2.0,,,
ORD101171,2024-07-28,Ishaan Pillai,32.0,Female,Delhi,Grocery,Spices Combo Pack,1.0,378.77,0.0,7.0,,5.0,,,Wrong Item Delivered
ORD101429,2024-12-18,Pari Kulkarni,26.0,Female,Delhi,Grocery,Whole Wheat Atta 5kg,2.0,80.88,0.0,9.0,Net Banking,5.0,,,
ORD101720,2023-03-22,Priya Sharma,45.0,Female,Chandigarh,Apparel,Women Kurti,2.0,1130.01,10.0,4.0,Debit Card,4.0,,,
ORD100432,2023-10-15,Ishita Deshmukh,26.0,Male ,Pune,Beauty & Personal Care,Beard Trimmer,2.0,523.22,25.0,7.0,Debit Card,5.0,0.0,,
ORD100786,2023-01-30,Sara Chopra,19.0,Female,Jaipur,Grocery,Spices Combo Pack,1.0,622.83,5.0,6.0,UPI,3.0,,,
ORD101763,2024-10-12,Vivaan Shah,28.0,Male,Bengaluru,Apparel,Formal Shirt,1.0,929.9,30.0,3.0,UPI,1.0,,,
ORD100124,2025-02-17,Diya Joshi,47.0,Male,Lucknow,Home & Kitchen,Storage Container Set,1.0,459.32,15.0,6.0,UPI,3.0,,,
ORD100065,2024-01-15,Navya Gupta,15.0,MALE,Jaipur,Apparel,Formal Shirt,1.0,876.46,0.0,3.0,,3.0,0.0,,
ORD102006,2023-10-14,Reyansh Bhat,21.0,Male,Bengaluru,Home & Kitchen,Non-Stick Pan,4.0,237.41,10.0,6.0,Credit Card,5.0,40.0,,
ORD101242,2025-05-27,Arjun Kulkarni,49.0,,Mumbai,Grocery,Basmati Rice 5kg,3.0,356.69,15.0,2.0,UPI,2.0,60.0,,
ORD101968,2025-02-03,Pooja Pillai,38.0,Female,Kolkata,Electronics,Portable Speaker,2.0,2175.25,15.0,5.0,Credit Card,,40.0,NEWUSER15,
ORD102556,2024-12-28,Priya Chopra,30.0,Male,Jaipur,Electronics,Smartphone Cover,3.0,904.51,20.0,7.0,UPI,5.0,150.0,,
ORD101787,2024-01-21,Kavya Singh,46.0,Female,Lucknow,Home & Kitchen,Cotton Bedsheet Set,1.0,953.11,5.0,4.0,Debit Card,4.0,40.0,,
ORD101396,2024-07-18,Ishita Nair,33.0,Male,Hyderabad,Grocery,Cooking Oil 1L,5.0,,25.0,7.0,Credit Card,4.0,0.0,,
ORD100780,2024-10-06,Navya Verma,41.0,Female,Pune,Home & Kitchen,Storage Container Set,2.0,1353.65,0.0,7.0,,5.0,0.0,,Size Issue
ORD101371,2023-11-09,Vivaan Singh,29.0,Male,Kolkata,Grocery,Assorted Dry Fruits,2.0,304.34,15.0,8.0,,4.0,60.0,,
ORD100129,2024-08-01,Ishita Menon,26.0,Male,,Grocery,Green Tea Pack,1.0,559.08,20.0,5.0,Net Banking,5.0,,FEST20,
ORD101228,2023-05-21,Priya Mehta,39.0,Male,Kolkata,Grocery,Cooking Oil 1L,1.0,250.24,5.0,9.0,UPI,1.0,60.0,FLAT100,
ORD101435,2023-04-03,Navya Patel,15.0,Female,Mumbai,Electronics,USB-C Cable,5.0,1317.28,0.0,8.0,UPI,2.0,,,
ORD101418,2025-02-23,Ishaan Agarwal,30.0,Male,,Beauty & Personal Care,Sunscreen SPF50,1.0,527.99,5.0,3.0,,,,,
ORD101675,2025-06-14,Priya Bhat,40.0,F,Delhi,Apparel,Formal Shirt,2.0,458.69,5.0,3.0,UPI,,150.0,WELCOME50,
ORD102992,2024-01-14,Aadhya Reddy,25.0,Male,Chandigarh,Electronics,LED Bulb Smart,1.0,2462.54,15.0,2.0,Credit Card,4.0,,,
ORD102516,2024-09-22,Kavya Bhat,41.0,Male,Surat,Electronics,Power Bank 10000mAh,2.0,1699.86,30.0,7.0,Net Banking,,0.0,NEWUSER15,
ORD102077,2024-02-05,Navya Singh,50.0,Female,Delhi,Grocery,Honey 500g,1.0,228.27,20.0,3.0,Net Banking,5.0,,,
ORD102961,2023-11-19,Diya Nair,36.0,Other,,Electronics,Portable Speaker,5.0,1456.13,0.0,9.0,UPI,4.0,40.0,,
ORD102855,2023-03-12,Pari Kulkarni,25.0,Male,Bengaluru,Beauty & Personal Care,Beard Trimmer,2.0,222.26,10.0,4.0,Cash on Delivery,5.0,0.0,NEWUSER15,
ORD102684,2024-04-05,Amit Iyer,33.0,f,Lucknow,Grocery,Green Tea Pack,5.0,495.73,0.0,3.0,Debit Card,5.0,80.0,,
ORD101122,2023-09-02,Myra Sharma,51.0,M,Ahmedabad,Home & Kitchen,Kitchen Organizer,1.0,700.12,5.0,8.0,Credit Card,2.0,0.0,,
ORD102324,2023-11-22,Sneha Kapoor,46.0,M,Chandigarh,Apparel,Sports Track Pant,2.0,856.94,30.0,6.0,UPI,3.0,0.0,,
ORD100237,2024-01-26,Kabir Singh,37.0,,Mumbai,Grocery,Assorted Dry Fruits,1.0,470.27,0.0,9.0,Cash on Delivery,3.0,0.0,,
ORD101793,2023-09-11,Nikhil Reddy,26.0,M,Kolkata,Apparel,Men Cotton T-Shirt,3.0,488.61,10.0,7.0,Cash on Delivery,4.0,150.0,FEST20,
ORD102333,2025-01-19,Sneha Deshmukh,,F,Surat,Electronics,Bluetooth Earbuds,1.0,718.44,0.0,6.0,Credit Card,3.0,40.0,,
ORD101271,2023-04-10,Priya Rao,37.0,F,Chandigarh,Beauty & Personal Care,Sunscreen SPF50,1.0,876.15,20.0,3.0,Credit Card,,40.0,,
ORD102875,2024-04-14,Diya Patel,,Male,Kochi,Apparel,Ethnic Saree,4.0,727.95,30.0,4.0,Credit Card,4.0,,,
ORD101591,2023-11-12,Aarav Sharma,43.0,Male ,Surat,Electronics,Power Bank 10000mAh,2.0,2020.21,10.0,5.0,Credit Card,4.0,0.0,,
ORD100898,2023-10-24,Amit Pillai,46.0,Male,,Electronics,Power Bank 10000mAh,4.0,1438.79,0.0,9.0,UPI,,40.0,FLAT100,
ORD101771,2023-12-10,Sneha Verma,35.0,F,Indore,Electronics,USB-C Cable,4.0,1779.34,30.0,2.0,,4.0,60.0,,
ORD100762,2025-05-14,Sara Verma,40.0,Female,Indore,Home & Kitchen,Steel Water Bottle,1.0,477.83,40.0,8.0,Debit Card,4.0,60.0,,
ORD100369,2023-01-12,Sara Sharma,38.0,Male,Lucknow,Home & Kitchen,Wall Clock,1.0,1387.68,10.0,9.0,Credit Card,5.0,60.0,,
ORD100522,2023-06-25,Kabir Sharma,52.0,Female,Lucknow,Electronics,Wireless Mouse,1.0,1358.32,10.0,6.0,Credit Card,4.0,80.0,,
ORD101235,2023-11-12,Priya Patel,34.0,Male,Pune,Beauty & Personal Care,Lip Balm Pack,2.0,457.33,5.0,8.0,UPI,4.0,,,
ORD100075,2024-03-09,Amit Sharma,25.0,Female,Mumbai,Beauty & Personal Care,Beard Trimmer,3.0,491.94,40.0,4.0,Net Banking,5.0,,,
ORD102939,2023-06-03,Arjun Iyer,38.0,Female,Ahmedabad,Home & Kitchen,Cotton Bedsheet Set,2.0,1686.46,0.0,3.0,Debit Card,5.0,40.0,,
ORD100054,2024-03-29,Neha Joshi,33.0,M,Surat,Apparel,Woolen Sweater,1.0,1036.68,0.0,6.0,Net Banking,1.0,100.0,FEST20,
ORD100266,2024-02-12,Ishaan Pillai,32.0,Male,Chennai,Electronics,Portable Speaker,4.0,1406.15,0.0,9.0,UPI,5.0,150.0,,
ORD102628,2024-07-15,Navya Kapoor,28.0,Female,Chennai,Apparel,Men Cotton T-Shirt,1.0,1353.63,40.0,2.0,Debit Card,5.0,80.0,WELCOME50,
ORD101691,2024-01-08,Sara Menon,41.0,Male,Ahmedabad,Beauty & Personal Care,Hair Oil 200ml,1.0,219.38,15.0,2.0,UPI,3.0,150.0,,
ORD101852,2024-02-18,Arjun Verma,38.0,Male,Indore,Beauty & Personal Care,Perfume 50ml,1.0,838.19,10.0,7.0,Debit Card,5.0,80.0,,Changed Mind
ORD102989,2024-01-26,Vihaan Agarwal,52.0,Male,Jaipur,Electronics,Wireless Mouse,3.0,1853.25,5.0,7.0,,4.0,60.0,WELCOME50,
ORD100382,2025-05-13,Krishna Nair,32.0,Male,Nagpur,Grocery,Spices Combo Pack,1.0,106.37,10.0,7.0,Debit Card,4.0,,,
ORD102903,2024-07-16,Ishita Patel,15.0,f,Jaipur,Footwear,Formal Leather Shoes,2.0,1825.57,0.0,5.0,,4.0,,NEWUSER15,
ORD101980,2024-08-22,Neha Nair,45.0,Male,Delhi,Apparel,Woolen Sweater,1.0,662.63,10.0,3.0,Cash on Delivery,3.0,,,Late Delivery
ORD102834,2023-01-24,Aarav Iyer,38.0,Female,Chennai,Home & Kitchen,Storage Container Set,1.0,889.52,0.0,4.0,UPI,5.0,,,
ORD102329,2023-05-14,Nikhil Rao,43.0,Female,,Electronics,Smartphone Cover,3.0,2023.82,25.0,8.0,,,0.0,SAVE10,
ORD101769,2024-12-10,Neha Nair,25.0,Female,Chandigarh,Apparel,Men Cotton T-Shirt,2.0,965.25,10.0,9.0,UPI,3.0,60.0,,
ORD100835,2023-01-04,Reyansh Deshmukh,99.0,M,Lucknow,Apparel,Ethnic Saree,4.0,1164.32,5.0,5.0,Credit Card,5.0,150.0,,
ORD102934,2025-01-06,Ananya Sharma,35.0,F,Ahmedabad,Electronics,Wireless Mouse,2.0,1474.38,15.0,8.0,Credit Card,5.0,,,
ORD100463,2024-01-17,Vivaan Deshmukh,30.0,Male,Chandigarh,Apparel,Sports Track Pant,4.0,1279.32,10.0,9.0,Debit Card,,,,
ORD101820,2023-10-12,Pooja Iyer,42.0,Male ,Bengaluru,Apparel,Men Cotton T-Shirt,3.0,1401.15,30.0,8.0,,3.0,60.0,,Changed Mind
ORD102814,2023-07-02,Riya Deshmukh,38.0,female,Chandigarh,Grocery,Green Tea Pack,2.0,524.0,25.0,6.0,Credit Card,4.0,,,
ORD101352,2024-12-06,Amit Nair,27.0,Female,Delhi,Electronics,Wireless Mouse,4.0,558.75,20.0,5.0,Cash on Delivery,,60.0,,
ORD101906,2023-12-26,Kavya Gupta,37.0,MALE,Jaipur,Beauty & Personal Care,Sunscreen SPF50,2.0,532.59,15.0,2.0,Debit Card,4.0,,,Changed Mind
ORD101385,2023-08-03,Neha Gupta,43.0,M,Nagpur,Grocery,Cooking Oil 1L,1.0,272.79,50.0,4.0,,3.0,150.0,,
ORD101784,2024-10-24,Pari Verma,38.0,F,Kolkata,Grocery,Basmati Rice 5kg,4.0,550.81,5.0,6.0,Credit Card,3.0,40.0,,
ORD101257,2024-05-21,Pari Chopra,38.0,Other,Kolkata,Home & Kitchen,LED Table Lamp,1.0,931.6,20.0,6.0,Credit Card,2.0,,,
ORD101202,2025-06-16,Amit Agarwal,32.0,Male,Surat,Beauty & Personal Care,Lip Balm Pack,1.0,410.69,0.0,9.0,Credit Card,5.0,60.0,WELCOME50,Quality Not as Expected
ORD100595,2024-12-31,Arjun Chopra,30.0,m,Chandigarh,Footwear,Flip Flops,2.0,1328.41,10.0,5.0,Cash on Delivery,5.0,0.0,,
ORD101615,2024-01-04,Vihaan Kulkarni,30.0,Male,Bengaluru,Beauty & Personal Care,Beard Trimmer,2.0,357.17,0.0,5.0,Credit Card,,0.0,SAVE10,Defective Product
ORD101229,2023-09-20,Ishita Mehta,23.0,Female,Kolkata,Footwear,Running Shoes,2.0,1348.34,5.0,9.0,UPI,4.0,,,
ORD101898,2024-11-11,Amit Shah,29.0,Male ,Hyderabad,Electronics,Power Bank 10000mAh,3.0,2307.26,0.0,3.0,Credit Card,4.0,100.0,,
ORD102300,2023-09-01,Sara Chopra,43.0,F,Mumbai,Electronics,LED Bulb Smart,1.0,2094.91,0.0,9.0,Cash on Delivery,,,,
ORD101892,2025-03-11,Kabir Shah,41.0,,Indore,Footwear,Formal Leather Shoes,3.0,2091.36,0.0,6.0,Cash on Delivery,2.0,40.0,,
ORD100367,2023-10-15,Sai Sharma,30.0,m,Bengaluru,Electronics,Smartwatch Band,1.0,1979.66,20.0,8.0,UPI,,,NEWUSER15,
ORD102607,2024-10-07,Anika Nair,38.0,Female,Chandigarh,Footwear,Formal Leather Shoes,1.0,1083.75,0.0,5.0,UPI,5.0,,,
ORD101090,2024-04-03,Sai Shah,34.0,Male,Lucknow,Grocery,Cooking Oil 1L,4.0,468.49,0.0,6.0,UPI,5.0,,,
ORD100097,2024-09-13,Pari Deshmukh,46.0,M,Ahmedabad,Home & Kitchen,Storage Container Set,2.0,953.06,10.0,5.0,Debit Card,2.0,150.0,,
ORD101747,2023-11-22,Kabir Iyer,19.0,Male,Surat,Beauty & Personal Care,Herbal Shampoo,3.0,798.16,0.0,4.0,Net Banking,5.0,,WELCOME50,
ORD102440,2023-11-27,Sara Chopra,22.0,m,Ahmedabad,Apparel,Denim Jeans,4.0,439.11,15.0,9.0,,5.0,40.0,,
ORD101509,2024-09-14,Ananya Pillai,15.0,Female,,Apparel,Women Kurti,3.0,1237.0,0.0,3.0,,,40.0,,Quality Not as Expected
ORD100381,2025-05-03,Ananya Kulkarni,29.0,Female,Mumbai,Footwear,Running Shoes,5.0,1283.48,25.0,2.0,Net Banking,5.0,,,Defective Product
ORD102938,2025-04-02,Kavya Shah,23.0,F,Kolkata,Electronics,Wireless Mouse,1.0,2412.98,10.0,9.0,Net Banking,4.0,80.0,,
ORD102170,2023-01-20,Anika Kapoor,32.0,F,Indore,Electronics,LED Bulb Smart,1.0,531.16,10.0,8.0,UPI,3.0,60.0,FLAT100,
ORD100028,2024-05-11,Sara Kulkarni,29.0,Male,,Apparel,Ethnic Saree,2.0,347.83,10.0,6.0,,,,NEWUSER15,Quality Not as Expected
ORD100447,2025-05-20,Riya Iyer,58.0,Female,Bengaluru,Electronics,LED Bulb Smart,3.0,828.96,0.0,2.0,UPI,1.0,150.0,,Changed Mind
ORD102432,2023-05-29,Karan Deshmukh,33.0,female,Pune,Home & Kitchen,Storage Container Set,1.0,584.54,5.0,9.0,UPI,4.0,,,
ORD100820,2023-01-22,Ishaan Menon,29.0,f,Indore,Grocery,Spices Combo Pack,2.0,279.14,20.0,6.0,,2.0,,,
ORD102568,2023-12-12,Arjun Mehta,36.0,f,Lucknow,Electronics,LED Bulb Smart,1.0,1540.4,0.0,8.0,Credit Card,5.0,100.0,,
ORD101910,2023-12-10,Sai Deshmukh,48.0,Female,Indore,Footwear,Sandals,3.0,415.29,10.0,4.0,UPI,5.0,0.0,,
ORD101261,2025-04-22,Vivaan Shah,40.0,F,Lucknow,Electronics,Smartwatch Band,1.0,1006.12,20.0,7.0,Debit Card,3.0,0.0,SAVE10,
ORD101104,2023-10-07,Amit Joshi,25.0,Female,Chennai,Grocery,Whole Wheat Atta 5kg,3.0,516.13,5.0,8.0,,5.0,60.0,FEST20,Wrong Item Delivered
ORD102571,2025-04-29,Krishna Patel,38.0,F,Jaipur,Apparel,Women Kurti,1.0,955.7,0.0,5.0,Net Banking,4.0,,SAVE10,
ORD100721,2025-04-28,Kabir Reddy,30.0,Male,Kochi,Grocery,Spices Combo Pack,2.0,612.54,40.0,8.0,UPI,5.0,,,
ORD101188,2024-10-11,Ishaan Shah,19.0,Male,Hyderabad,Grocery,Basmati Rice 5kg,2.0,644.82,0.0,7.0,UPI,5.0,0.0,,
ORD101475,2023-10-03,Rahul Sharma,26.0,Female,Surat,Beauty & Personal Care,Face Wash 100ml,1.0,146.53,10.0,6.0,Cash on Delivery,3.0,,,
ORD102962,2025-06-05,Aadhya Kapoor,33.0,Female,Pune,Electronics,Bluetooth Earbuds,1.0,1617.55,20.0,7.0,UPI,5.0,60.0,,
ORD101153,2025-04-08,Rohan Bhat,39.0,Female,Chandigarh,Apparel,Woolen Sweater,2.0,366.79,15.0,3.0,Cash on Delivery,5.0,,NEWUSER15,
ORD102897,2023-12-24,Reyansh Chopra,42.0,,Ahmedabad,Grocery,Cooking Oil 1L,2.0,599.32,0.0,9.0,UPI,3.0,0.0,,
ORD100779,2025-02-13,Myra Pillai,34.0,Male,Bengaluru,Apparel,Sports Track Pant,1.0,432.01,25.0,5.0,Credit Card,4.0,100.0,NEWUSER15,
ORD101023,2023-11-14,Nikhil Gupta,34.0,Male,Delhi,Footwear,Sandals,2.0,1849.27,10.0,3.0,,,150.0,,
ORD100004,2024-01-30,Pari Nair,43.0,Male,Bengaluru,Apparel,Men Cotton T-Shirt,3.0,947.26,0.0,4.0,UPI,3.0,,FEST20,
ORD102018,2024-10-17,Priya Sharma,36.0,Female,Jaipur,Electronics,Portable Speaker,4.0,1463.68,0.0,7.0,Credit Card,4.0,100.0,,
ORD102388,2025-05-20,Nikhil Gupta,28.0,Female,Lucknow,Apparel,Ethnic Saree,2.0,445.41,25.0,6.0,Cash on Delivery,4.0,,,
ORD102965,2024-11-24,Karan Singh,44.0,Male,Surat,Apparel,Women Kurti,1.0,975.82,5.0,8.0,Credit Card,4.0,0.0,,
ORD100516,2025-03-14,Arjun Bhat,43.0,M,Mumbai,Apparel,Woolen Sweater,1.0,666.56,0.0,8.0,Debit Card,4.0,,,
ORD102261,2025-06-29,Rohan Singh,18.0,F,Kolkata,Apparel,Men Cotton T-Shirt,5.0,724.52,15.0,5.0,Debit Card,3.0,0.0,,
ORD102820,2023-11-25,Vivaan Iyer,42.0,F,Delhi,Electronics,USB-C Cable,2.0,2409.0,20.0,2.0,,,,,
ORD102761,2024-01-28,Krishna Nair,50.0,f,Kochi,Grocery,Whole Wheat Atta 5kg,1.0,172.11,15.0,7.0,UPI,,40.0,,
ORD100350,2024-12-09,Amit Deshmukh,47.0,Male,Ahmedabad,Beauty & Personal Care,Face Wash 100ml,1.0,794.48,0.0,4.0,Credit Card,2.0,,WELCOME50,
ORD101222,2025-05-25,Pari Reddy,45.0,Other,Indore,Electronics,Bluetooth Earbuds,1.0,1288.36,10.0,4.0,UPI,1.0,100.0,,
ORD102585,2024-05-20,Kabir Shah,31.0,Male,Pune,Grocery,Cooking Oil 1L,3.0,631.04,25.0,4.0,Credit Card,4.0,0.0,FEST20,
ORD102075,2024-01-07,Pari Verma,39.0,Female,Pune,Electronics,Smartwatch Band,4.0,895.27,20.0,7.0,,5.0,100.0,,
ORD100660,2023-06-10,Vihaan Verma,22.0,female,Chandigarh,Home & Kitchen,Steel Water Bottle,1.0,1179.71,30.0,5.0,Credit Card,4.0,60.0,,
ORD102773,2023-11-07,Kabir Pillai,15.0,M,Nagpur,Beauty & Personal Care,Body Lotion,1.0,256.95,30.0,4.0,,2.0,40.0,,
ORD102205,2024-12-27,Nikhil Kulkarni,38.0,Female,,Apparel,Formal Shirt,5.0,505.05,0.0,9.0,,4.0,40.0,FLAT100,
ORD100899,2024-07-15,Sneha Verma,36.0,F,Pune,Home & Kitchen,Non-Stick Pan,1.0,892.41,20.0,8.0,UPI,4.0,80.0,,
ORD102182,2024-12-01,Kabir Kapoor,27.0,m,Kochi,Electronics,Power Bank 10000mAh,1.0,777.17,15.0,7.0,Cash on Delivery,4.0,60.0,,
ORD100158,2024-04-05,Myra Sharma,29.0,F,Indore,Footwear,Sandals,1.0,1271.23,15.0,4.0,,3.0,100.0,FLAT100,Size Issue
ORD100383,2023-08-08,Ishaan Sharma,,Male,Ahmedabad,Electronics,Power Bank 10000mAh,1.0,2445.23,20.0,7.0,UPI,,80.0,,
ORD102143,2024-07-09,Sai Joshi,52.0,Male,Bengaluru,Grocery,Whole Wheat Atta 5kg,2.0,484.0,20.0,3.0,Net Banking,,,WELCOME50,
ORD100140,2025-06-14,Neha Shah,50.0,Female,Hyderabad,Apparel,Sports Track Pant,3.0,892.14,25.0,2.0,Debit Card,,0.0,,Wrong Item Delivered
ORD100465,2025-05-30,Ishaan Mehta,52.0,Female,Chandigarh,Grocery,Basmati Rice 5kg,2.0,183.43,15.0,9.0,Debit Card,4.0,,FEST20,
ORD102108,2023-09-13,Ananya Agarwal,15.0,Male,Lucknow,Home & Kitchen,Kitchen Organizer,1.0,1384.98,0.0,2.0,Debit Card,4.0,0.0,FEST20,
ORD100299,2023-01-20,Ananya Agarwal,33.0,Male,Mumbai,Grocery,Assorted Dry Fruits,1.0,573.73,5.0,5.0,Credit Card,5.0,100.0,,
ORD101871,2023-07-08,Ishita Sharma,33.0,Female,Mumbai,Footwear,Formal Leather Shoes,2.0,956.7,15.0,6.0,,,0.0,,
ORD100397,2023-06-28,Kavya Joshi,23.0,Male,Nagpur,Apparel,Sports Track Pant,3.0,1071.03,30.0,9.0,Credit Card,,60.0,,
ORD101937,2024-05-20,Krishna Menon,32.0,M,Delhi,Grocery,Instant Noodles Pack,1.0,466.7,10.0,5.0,UPI,3.0,100.0,,
ORD102202,2023-02-05,Priya Kapoor,43.0,M,Delhi,Footwear,Flip Flops,1.0,2077.95,5.0,5.0,Credit Card,5.0,40.0,,
ORD101718,2024-01-13,Ananya Kulkarni,43.0,Female,Jaipur,Apparel,Sports Track Pant,3.0,510.37,25.0,8.0,UPI,4.0,80.0,SAVE10,
ORD101033,2023-12-27,Diya Mehta,38.0,Female,Chandigarh,Apparel,Women Kurti,4.0,653.23,20.0,6.0,,4.0,100.0,,
ORD101922,2025-01-21,Priya Chopra,24.0,Female,Ahmedabad,Electronics,Portable Speaker,2.0,1581.71,0.0,8.0,Credit Card,2.0,,,
ORD102436,2024-08-05,Sara Deshmukh,33.0,Female,Hyderabad,Home & Kitchen,Wall Clock,3.0,1398.54,5.0,9.0,,4.0,80.0,SAVE10,
ORD101113,2023-09-24,Vihaan Deshmukh,29.0,F,Jaipur,Apparel,Kids Hoodie,1.0,603.81,10.0,3.0,Credit Card,4.0,80.0,,
ORD101048,2024-08-31,Riya Reddy,45.0,Male,,Grocery,Honey 500g,1.0,684.68,15.0,9.0,Cash on Delivery,3.0,60.0,WELCOME50,
ORD102000,2023-10-12,Ishita Singh,21.0,Female,Bengaluru,Apparel,Sports Track Pant,1.0,1152.65,5.0,7.0,Credit Card,,0.0,NEWUSER15,
ORD100846,2024-11-07,Sai Gupta,95.0,Other,Kolkata,Electronics,Portable Speaker,2.0,,10.0,4.0,,,,WELCOME50,
ORD100251,2024-03-26,Anika Deshmukh,22.0,m,,Beauty & Personal Care,Herbal Shampoo,1.0,,5.0,7.0,Cash on Delivery,5.0,100.0,,
ORD101381,2023-09-17,Anika Kulkarni,21.0,F,Kolkata,Home & Kitchen,Steel Water Bottle,3.0,1008.93,25.0,3.0,,,100.0,,
ORD102099,2023-08-13,Reyansh Agarwal,26.0,Female,Hyderabad,Electronics,Power Bank 10000mAh,2.0,2357.26,5.0,3.0,Cash on Delivery,5.0,0.0,FEST20,
ORD100806,2024-05-11,Karan Deshmukh,35.0,Female,Delhi,Apparel,Denim Jeans,1.0,1121.26,5.0,3.0,Credit Card,,0.0,,
ORD102415,2024-03-18,Pari Deshmukh,48.0,M,Hyderabad,Grocery,Cooking Oil 1L,3.0,563.53,0.0,9.0,UPI,,0.0,NEWUSER15,
ORD100715,2024-12-29,Sai Kulkarni,36.0,Male,Ahmedabad,Footwear,Casual Sneakers,75.0,718.73,15.0,4.0,Net Banking,,80.0,NEWUSER15,
ORD102796,2023-11-11,Priya Mehta,50.0,Male,Delhi,Electronics,Smartphone Cover,1.0,2300.35,25.0,2.0,UPI,3.0,,,
ORD102541,2025-06-03,Navya Chopra,29.0,F,Chennai,Home & Kitchen,Wall Clock,2.0,933.36,20.0,5.0,Credit Card,1.0,,,
ORD100987,2023-10-16,Anika Agarwal,41.0,Female,Mumbai,Beauty & Personal Care,Perfume 50ml,2.0,592.75,20.0,6.0,Debit Card,2.0,,SAVE10,
ORD102771,2023-02-06,Ishita Mehta,47.0,MALE,,Grocery,Cooking Oil 1L,1.0,568.02,20.0,2.0,UPI,4.0,0.0,,
ORD100195,2023-03-21,Kabir Patel,28.0,Male,Lucknow,Grocery,Cooking Oil 1L,2.0,509.48,0.0,5.0,Credit Card,4.0,,,
ORD102920,2023-10-24,Vihaan Iyer,24.0,M,Chennai,Grocery,Spices Combo Pack,3.0,171.04,25.0,7.0,Credit Card,4.0,80.0,,
ORD101044,2024-12-12,Aarav Rao,48.0,F,Lucknow,Apparel,Kids Hoodie,1.0,674.26,30.0,4.0,Debit Card,2.0,,,
ORD100279,2023-03-17,Reyansh Deshmukh,34.0,M,Jaipur,Beauty & Personal Care,Body Lotion,1.0,534.39,0.0,8.0,Credit Card,3.0,80.0,FEST20,
ORD100096,2023-12-19,Pari Singh,40.0,M,Ahmedabad,Apparel,Ethnic Saree,1.0,1420.66,10.0,8.0,,5.0,100.0,,
ORD100441,2023-01-08,Diya Menon,48.0,,Pune,Apparel,Woolen Sweater,1.0,1427.98,0.0,6.0,Cash on Delivery,,,,
ORD102544,2025-01-03,Pooja Reddy,31.0,,Kochi,Electronics,LED Bulb Smart,4.0,985.33,20.0,7.0,UPI,3.0,0.0,,
ORD101042,2024-01-14,Anika Agarwal,51.0,F,Pune,Home & Kitchen,Cotton Bedsheet Set,2.0,1431.97,25.0,4.0,Cash on Delivery,,,,
ORD102382,2025-04-16,Arjun Pillai,34.0,Male,Ahmedabad,Apparel,Woolen Sweater,1.0,816.59,20.0,4.0,UPI,5.0,80.0,FEST20,
ORD101489,2024-04-07,Rahul Shah,31.0,female,Surat,Grocery,Spices Combo Pack,1.0,624.64,10.0,5.0,,,,,
ORD100330,2024-05-13,Vivaan Verma,30.0,Female,Nagpur,Apparel,Women Kurti,1.0,1486.22,5.0,2.0,Credit Card,,60.0,,
ORD101441,2024-01-21,Aarav Reddy,29.0,,Indore,Apparel,Kids Hoodie,5.0,1313.01,5.0,4.0,Credit Card,,,,
ORD100861,2025-04-25,Sai Kulkarni,15.0,Female,Mumbai,Home & Kitchen,Steel Water Bottle,1.0,959.31,0.0,2.0,Cash on Delivery,,40.0,WELCOME50,
ORD100745,2023-11-28,Myra Pillai,32.0,Male,Bengaluru,Footwear,Casual Sneakers,5.0,1523.21,10.0,2.0,Credit Card,,,FLAT100,
ORD102706,2024-10-05,Sai Patel,40.0,Female,Surat,Apparel,Men Cotton T-Shirt,4.0,967.54,0.0,7.0,UPI,4.0,60.0,,
ORD101111,2023-08-01,Ishaan Gupta,48.0,Male,Surat,Beauty & Personal Care,Beard Trimmer,1.0,209.63,0.0,6.0,Credit Card,2.0,0.0,,
ORD101963,2025-01-15,Ishita Nair,32.0,Male,Delhi,Beauty & Personal Care,Face Wash 100ml,1.0,210.73,5.0,9.0,Cash on Delivery,,,,
ORD101387,2023-10-24,Sara Kulkarni,19.0,f,Pune,Electronics,USB-C Cable,1.0,731.38,15.0,4.0,Net Banking,5.0,0.0,,
ORD102079,2023-01-11,Sai Menon,36.0,M,Delhi,Home & Kitchen,Storage Container Set,2.0,1197.81,5.0,6.0,Debit Card,5.0,,,
ORD101444,2023-05-08,Anika Agarwal,34.0,M,Mumbai,Beauty & Personal Care,Beard Trimmer,1.0,576.13,10.0,9.0,Credit Card,3.0,,,
ORD102637,2024-11-08,Karan Agarwal,39.0,M,Ahmedabad,Beauty & Personal Care,Herbal Shampoo,3.0,290.12,10.0,2.0,UPI,4.0,,,
ORD101162,2023-11-19,Ishita Joshi,,M,Lucknow,Home & Kitchen,Curtain Set,3.0,1386.57,0.0,8.0,UPI,5.0,80.0,SAVE10,
ORD101995,2023-01-03,Kabir Kapoor,47.0,M,Hyderabad,Beauty & Personal Care,Perfume 50ml,3.0,692.64,0.0,8.0,,5.0,80.0,,Size Issue
ORD100594,2023-10-20,Aadhya Verma,42.0,Female,Nagpur,Footwear,Flip Flops,3.0,1871.07,30.0,6.0,Credit Card,,80.0,,
ORD102106,2024-11-28,Aarav Verma,41.0,f,Jaipur,Apparel,Kids Hoodie,3.0,1353.45,0.0,5.0,Debit Card,4.0,0.0,,
ORD101559,2025-02-18,Krishna Kulkarni,45.0,Male,Delhi,Home & Kitchen,Storage Container Set,1.0,,10.0,7.0,UPI,5.0,,,
ORD101846,2024-01-07,Vihaan Gupta,,Male,Kochi,Footwear,Formal Leather Shoes,1.0,1448.15,10.0,7.0,UPI,3.0,100.0,SAVE10,
ORD100549,2024-09-12,Neha Verma,48.0,M,Chandigarh,Beauty & Personal Care,Herbal Shampoo,2.0,371.48,0.0,5.0,,1.0,,,
ORD100556,2024-01-03,Sara Deshmukh,39.0,Other,Surat,Grocery,Instant Noodles Pack,2.0,624.6,0.0,60.0,UPI,,,,
ORD102563,2024-11-20,Diya Chopra,22.0,Male,Indore,Home & Kitchen,Wall Clock,5.0,313.43,15.0,5.0,Debit Card,5.0,150.0,,
ORD100541,2024-11-06,Kabir Joshi,39.0,Male,Delhi,Beauty & Personal Care,Face Wash 100ml,1.0,464.61,5.0,7.0,Debit Card,3.0,0.0,,
ORD101766,2024-04-04,Riya Sharma,23.0,m,Nagpur,Beauty & Personal Care,Hair Oil 200ml,2.0,695.68,20.0,7.0,Credit Card,,0.0,NEWUSER15,
ORD100264,2025-06-20,Amit Singh,29.0,Female,Lucknow,Electronics,Smartwatch Band,1.0,624.01,0.0,9.0,Net Banking,5.0,,,
ORD102175,2024-11-25,Pari Shah,47.0,Female,Surat,Electronics,Wireless Mouse,2.0,2422.34,0.0,4.0,Net Banking,,80.0,,Defective Product
ORD102546,2024-12-25,Pari Pillai,48.0,Male,Lucknow,Grocery,Basmati Rice 5kg,1.0,94.99,5.0,9.0,Net Banking,3.0,60.0,,Size Issue
ORD102402,2024-11-10,Karan Rao,33.0,Male,Chandigarh,Apparel,Woolen Sweater,5.0,746.0,50.0,9.0,Cash on Delivery,3.0,80.0,,
ORD101822,2023-10-02,Pari Nair,33.0,Male,Indore,Grocery,Spices Combo Pack,1.0,407.46,30.0,6.0,,5.0,100.0,,Wrong Item Delivered
ORD101064,2024-11-17,Ishaan Gupta,27.0,Male,Surat,Home & Kitchen,Non-Stick Pan,3.0,1193.91,20.0,5.0,,3.0,0.0,,
ORD100300,2023-11-28,Rahul Deshmukh,15.0,M,Jaipur,Grocery,Green Tea Pack,4.0,114.36,0.0,6.0,,5.0,,,
ORD101807,2024-03-14,Diya Kapoor,19.0,Male,Lucknow,Home & Kitchen,LED Table Lamp,3.0,403.12,15.0,4.0,Net Banking,3.0,0.0,,
ORD100553,2023-10-17,Amit Verma,34.0,Male,Lucknow,Apparel,Men Cotton T-Shirt,4.0,1195.63,30.0,9.0,Credit Card,5.0,,,
ORD100467,2024-06-26,Ishita Singh,19.0,f,Pune,Electronics,Bluetooth Earbuds,3.0,551.49,25.0,2.0,UPI,4.0,0.0,FEST20,
ORD100344,2025-04-04,Kavya Kapoor,29.0,Female,Ahmedabad,Electronics,Wireless Mouse,3.0,2159.73,5.0,7.0,UPI,,0.0,,
ORD102053,2025-05-13,Amit Chopra,22.0,Female,Kochi,Electronics,Bluetooth Earbuds,4.0,2239.95,25.0,8.0,Debit Card,,,,
ORD102931,2024-09-04,Aditya Verma,40.0,Male,Pune,Footwear,Formal Leather Shoes,4.0,696.33,0.0,3.0,,,,,
ORD102162,2024-01-02,Ishaan Reddy,16.0,M,Hyderabad,Home & Kitchen,Storage Container Set,4.0,1753.26,5.0,8.0,Debit Card,4.0,0.0,,
ORD102176,2023-04-06,Ishaan Menon,30.0,M,Chandigarh,Footwear,Running Shoes,2.0,996.19,10.0,9.0,Debit Card,2.0,60.0,,
ORD101375,2025-05-23,Vihaan Agarwal,54.0,Male,,Home & Kitchen,LED Table Lamp,5.0,519.5,5.0,9.0,UPI,5.0,,,
ORD101851,2023-08-19,Pari Agarwal,28.0,F,Ahmedabad,Electronics,Smartwatch Band,2.0,2070.72,30.0,8.0,,4.0,40.0,,
ORD101959,2023-06-20,Arjun Joshi,33.0,m,Pune,Grocery,Cooking Oil 1L,3.0,234.99,5.0,2.0,,3.0,,,Quality Not as Expected
ORD102452,2023-03-28,Rohan Pillai,32.0,,Mumbai,Electronics,Smartphone Cover,1.0,2133.16,30.0,7.0,Net Banking,,,,
ORD102670,2024-12-22,Sara Kulkarni,39.0,F,Indore,Grocery,Cooking Oil 1L,4.0,,15.0,5.0,UPI,4.0,,,
ORD102608,2023-01-17,Amit Chopra,31.0,Other,Kochi,Apparel,Men Cotton T-Shirt,1.0,1286.04,20.0,3.0,Debit Card,4.0,,,
ORD100439,2023-12-29,Vivaan Pillai,23.0,Female,Lucknow,Apparel,Ethnic Saree,1.0,531.69,15.0,4.0,,5.0,40.0,,
ORD100021,2023-10-24,Neha Shah,32.0,female,Bengaluru,Grocery,Whole Wheat Atta 5kg,2.0,477.89,0.0,6.0,UPI,4.0,60.0,FLAT100,
ORD101844,2024-11-07,Ishaan Verma,49.0,M,Ahmedabad,Beauty & Personal Care,Beard Trimmer,1.0,130.09,10.0,7.0,Credit Card,4.0,,,
ORD101888,2023-02-26,Arjun Shah,22.0,Male,Surat,Footwear,Casual Sneakers,1.0,1103.05,5.0,8.0,UPI,4.0,150.0,,
ORD102027,2025-05-15,Reyansh Chopra,24.0,F,Chennai,Home & Kitchen,Wall Clock,1.0,1612.74,5.0,6.0,Net Banking,,0.0,,Late Delivery
ORD102116,2025-05-25,Kabir Agarwal,22.0,Female,Bengaluru,Grocery,Instant Noodles Pack,1.0,129.63,15.0,8.0,UPI,2.0,,,
ORD102084,2023-04-30,Sai Iyer,29.0,f,Hyderabad,Home & Kitchen,Non-Stick Pan,2.0,530.28,25.0,5.0,Debit Card,3.0,,,
ORD101376,2023-12-04,Sai Reddy,24.0,m,Chandigarh,Electronics,Smartphone Cover,2.0,629.61,5.0,8.0,UPI,4.0,60.0,NEWUSER15,
ORD101457,2024-02-19,Ishaan Sharma,46.0,Female,Surat,Home & Kitchen,Storage Container Set,1.0,229.34,0.0,7.0,UPI,5.0,40.0,,
ORD100487,2024-04-28,Aarav Shah,51.0,F,Delhi,Grocery,Green Tea Pack,2.0,401.07,25.0,3.0,Debit Card,,,,
ORD100229,2023-06-11,Reyansh Joshi,33.0,Female,Bengaluru,Electronics,LED Bulb Smart,1.0,1353.04,0.0,7.0,UPI,,,SAVE10,
ORD101363,2024-12-20,Vivaan Gupta,34.0,F,Nagpur,Grocery,Basmati Rice 5kg,2.0,289.51,10.0,7.0,Debit Card,,40.0,,
ORD101753,2024-10-01,Reyansh Deshmukh,40.0,Female,Surat,Grocery,Green Tea Pack,1.0,210.39,0.0,5.0,UPI,5.0,80.0,,Changed Mind
ORD100286,2023-05-27,Reyansh Agarwal,47.0,Male,Surat,Electronics,Wireless Mouse,1.0,1920.85,20.0,9.0,Net Banking,3.0,40.0,,
ORD101477,2023-12-26,Karan Verma,29.0,,Chennai,Footwear,Sandals,1.0,1112.42,25.0,3.0,Net Banking,,80.0,,Late Delivery
ORD101292,2024-02-09,Amit Agarwal,16.0,f,Pune,Electronics,LED Bulb Smart,2.0,2339.73,15.0,8.0,Debit Card,4.0,,FEST20,
ORD100810,2023-01-24,Neha Menon,34.0,Female,Mumbai,Apparel,Formal Shirt,1.0,624.41,40.0,4.0,Credit Card,4.0,80.0,,
ORD102279,2024-09-04,Ananya Mehta,,Female,Jaipur,Home & Kitchen,Cotton Bedsheet Set,1.0,1505.87,5.0,5.0,Credit Card,4.0,,,
ORD100431,2024-11-17,Arjun Kulkarni,34.0,F,Kochi,Electronics,Bluetooth Earbuds,5.0,1328.54,50.0,50.0,Credit Card,5.0,100.0,,
ORD102073,2023-11-08,Ananya Pillai,42.0,m,Chandigarh,Footwear,Casual Sneakers,1.0,403.57,10.0,4.0,UPI,4.0,0.0,NEWUSER15,
ORD102830,2025-04-20,Arjun Bhat,35.0,Male,Delhi,Home & Kitchen,Non-Stick Pan,1.0,276.48,10.0,2.0,UPI,,40.0,,
ORD102991,2024-11-09,Ananya Chopra,31.0,F,Lucknow,Grocery,Green Tea Pack,2.0,592.73,5.0,2.0,Credit Card,,80.0,FLAT100,Late Delivery
ORD100620,2024-01-31,Krishna Reddy,38.0,m,Hyderabad,Apparel,Sports Track Pant,2.0,807.55,0.0,6.0,Credit Card,,100.0,FEST20,
ORD101982,2024-11-27,Navya Gupta,,Female,,Grocery,Spices Combo Pack,1.0,688.75,30.0,4.0,Credit Card,,,,
ORD100936,2023-05-24,Sara Shah,30.0,M,Kochi,Apparel,Denim Jeans,2.0,1325.68,10.0,7.0,Net Banking,,80.0,,
ORD102817,2025-03-01,Arjun Shah,58.0,M,Mumbai,Home & Kitchen,Cotton Bedsheet Set,3.0,929.67,10.0,7.0,Debit Card,2.0,40.0,,
ORD101210,2024-07-21,Rohan Singh,36.0,F,Delhi,Electronics,Smartphone Cover,2.0,1918.6,20.0,5.0,Debit Card,5.0,,,
ORD102859,2024-01-13,Reyansh Joshi,45.0,M,Ahmedabad,Beauty & Personal Care,Sunscreen SPF50,2.0,181.9,20.0,8.0,Credit Card,,40.0,,
ORD100130,2023-01-04,Karan Sharma,24.0,Female,Jaipur,Apparel,Men Cotton T-Shirt,1.0,639.75,5.0,4.0,Cash on Delivery,,,FEST20,
ORD101552,2024-04-30,Reyansh Rao,40.0,F,Kochi,Grocery,Cooking Oil 1L,2.0,559.56,30.0,2.0,Credit Card,5.0,150.0,SAVE10,
ORD100955,2024-07-10,Neha Agarwal,52.0,Female,Hyderabad,Apparel,Ethnic Saree,4.0,1268.55,0.0,9.0,Debit Card,4.0,0.0,WELCOME50,
ORD100913,2025-06-11,Reyansh Kapoor,26.0,F,Delhi,Electronics,USB-C Cable,1.0,2071.05,0.0,5.0,,5.0,60.0,,
ORD100859,2023-11-22,Rahul Pillai,34.0,Male,Kolkata,Grocery,Honey 500g,4.0,153.05,5.0,6.0,Debit Card,,100.0,,
ORD101478,2023-01-10,Amit Gupta,95.0,female,Kolkata,Apparel,Formal Shirt,2.0,709.31,15.0,4.0,Credit Card,,,SAVE10,
ORD101327,2023-11-09,Pari Deshmukh,30.0,Male,Ahmedabad,Footwear,Sandals,3.0,411.88,30.0,9.0,,5.0,,,
ORD100127,2024-11-27,Navya Mehta,26.0,Female,,Electronics,Portable Speaker,1.0,2271.73,40.0,4.0,Net Banking,1.0,60.0,,
ORD100284,2024-02-06,Pooja Singh,39.0,f,,Apparel,Formal Shirt,3.0,498.12,30.0,8.0,Credit Card,3.0,,,
ORD102158,2023-11-21,Sara Bhat,35.0,Female,Surat,Grocery,Basmati Rice 5kg,1.0,266.23,40.0,8.0,Credit Card,1.0,0.0,,Changed Mind
ORD100978,2023-11-16,Ishita Kapoor,44.0,Male,,Home & Kitchen,Kitchen Organizer,2.0,1429.98,0.0,9.0,Cash on Delivery,5.0,150.0,,
ORD100623,2024-01-15,Pari Pillai,29.0,M,Hyderabad,Footwear,Sandals,3.0,750.71,25.0,8.0,UPI,,0.0,FEST20,
ORD100688,2024-02-10,Arjun Joshi,27.0,Female,Nagpur,Electronics,USB-C Cable,4.0,2135.19,15.0,3.0,UPI,4.0,40.0,SAVE10,
ORD101845,2024-07-15,Vihaan Kulkarni,48.0,M,Chennai,Apparel,Men Cotton T-Shirt,2.0,1059.09,30.0,5.0,UPI,5.0,0.0,,
ORD102045,2025-06-22,Ananya Menon,37.0,M,Pune,Beauty & Personal Care,Body Lotion,2.0,636.78,0.0,9.0,Credit Card,,0.0,WELCOME50,
ORD100995,2024-07-24,Aadhya Sharma,34.0,Male,Chandigarh,Electronics,Smartwatch Band,2.0,1476.67,10.0,4.0,UPI,4.0,60.0,SAVE10,
ORD101764,2024-11-12,Reyansh Gupta,42.0,Other,,Home & Kitchen,Non-Stick Pan,3.0,504.57,25.0,7.0,Credit Card,5.0,,,
ORD102898,2024-12-26,Navya Bhat,39.0,f,Lucknow,Home & Kitchen,Storage Container Set,4.0,1603.09,10.0,7.0,,4.0,80.0,FLAT100,
ORD100610,2025-01-29,Diya Reddy,37.0,Male,Hyderabad,Electronics,Power Bank 10000mAh,3.0,2274.01,10.0,5.0,Credit Card,5.0,,WELCOME50,
ORD100458,2025-02-04,Aadhya Kapoor,22.0,MALE,Surat,Home & Kitchen,Curtain Set,1.0,487.22,5.0,8.0,UPI,5.0,,FEST20,Quality Not as Expected
ORD102270,2023-10-19,Riya Bhat,35.0,m,Pune,Home & Kitchen,Wall Clock,1.0,250.92,5.0,6.0,Credit Card,4.0,,,
ORD100462,2024-10-05,Rohan Menon,33.0,Female,Indore,Beauty & Personal Care,Herbal Shampoo,1.0,259.15,15.0,2.0,UPI,,0.0,,
ORD100792,2024-01-01,Aarav Menon,18.0,f,Bengaluru,Home & Kitchen,LED Table Lamp,1.0,967.33,0.0,3.0,UPI,5.0,0.0,,
ORD100504,2023-09-07,Aarav Bhat,15.0,Male,Chennai,Electronics,Bluetooth Earbuds,1.0,1519.66,5.0,8.0,,5.0,40.0,,
ORD100308,2023-11-16,Aadhya Pillai,45.0,Male,Nagpur,Beauty & Personal Care,Sunscreen SPF50,1.0,892.36,30.0,4.0,UPI,2.0,,SAVE10,
ORD101579,2023-11-01,Priya Chopra,30.0,f,Chennai,Home & Kitchen,Steel Water Bottle,3.0,1375.25,50.0,8.0,Debit Card,4.0,,,
ORD100363,2025-03-24,Karan Menon,16.0,F,,Apparel,Denim Jeans,4.0,533.36,25.0,3.0,Credit Card,4.0,40.0,,
ORD100579,2023-04-03,Karan Iyer,27.0,M,Mumbai,Home & Kitchen,Non-Stick Pan,2.0,1243.63,5.0,4.0,UPI,3.0,0.0,,
ORD100105,2024-12-17,Anika Nair,44.0,Female,Bengaluru,Home & Kitchen,Storage Container Set,1.0,233.3,0.0,8.0,,3.0,,,
ORD102332,2023-11-03,Neha Joshi,29.0,Female,Kochi,Apparel,Women Kurti,1.0,1367.49,0.0,7.0,Net Banking,,0.0,,
ORD101132,2024-11-09,Aadhya Shah,47.0,f,Mumbai,Electronics,Smartphone Cover,2.0,2413.79,20.0,3.0,UPI,1.0,0.0,,
ORD100507,2023-08-14,Neha Kulkarni,45.0,M,Surat,Apparel,Ethnic Saree,2.0,1252.09,0.0,9.0,Credit Card,4.0,150.0,FEST20,
ORD101011,2024-12-29,Neha Singh,35.0,Male,Mumbai,Grocery,Cooking Oil 1L,1.0,478.77,0.0,4.0,,3.0,,FLAT100,
ORD101530,2023-01-08,Karan Menon,15.0,F,Jaipur,Apparel,Men Cotton T-Shirt,3.0,888.54,0.0,3.0,,5.0,80.0,,
ORD100946,2025-06-05,Amit Agarwal,33.0,Female,Chennai,Apparel,Sports Track Pant,2.0,600.44,25.0,8.0,UPI,5.0,60.0,FEST20,
ORD101238,2023-09-29,Rohan Pillai,42.0,M,Nagpur,Beauty & Personal Care,Perfume 50ml,2.0,268.65,15.0,7.0,Net Banking,4.0,100.0,,
ORD101262,2024-02-09,Ananya Verma,,f,Delhi,Grocery,Spices Combo Pack,3.0,88.98,5.0,6.0,UPI,5.0,40.0,,
ORD101584,2024-08-02,Ananya Rao,48.0,Female,Pune,Apparel,Women Kurti,2.0,1324.44,10.0,8.0,Debit Card,3.0,0.0,,Defective Product
ORD101730,2023-11-05,Amit Reddy,33.0,Male,Kolkata,Electronics,Smartphone Cover,1.0,1279.71,10.0,6.0,Debit Card,4.0,0.0,,
ORD101298,2024-04-28,Vivaan Shah,37.0,Female,Surat,Electronics,USB-C Cable,4.0,1466.14,10.0,9.0,Cash on Delivery,5.0,0.0,,
ORD101425,2025-01-12,Nikhil Kapoor,36.0,f,Kochi,Grocery,Cooking Oil 1L,3.0,292.29,0.0,6.0,Net Banking,3.0,60.0,,
ORD102781,2025-05-02,Aditya Singh,43.0,Female,Kochi,Beauty & Personal Care,Perfume 50ml,1.0,277.19,0.0,6.0,,,,FEST20,
ORD100188,2023-08-06,Neha Shah,34.0,,Hyderabad,Grocery,Spices Combo Pack,2.0,341.49,5.0,6.0,Credit Card,3.0,60.0,FEST20,
ORD101686,2024-01-25,Sai Pillai,29.0,F,Hyderabad,Apparel,Ethnic Saree,3.0,562.66,20.0,9.0,,,0.0,,
ORD102165,2023-12-17,Aarav Verma,53.0,Male,Bengaluru,Apparel,Kids Hoodie,1.0,1131.12,20.0,6.0,UPI,2.0,80.0,FEST20,
ORD102959,2024-03-11,Myra Bhat,29.0,M,Indore,Footwear,Running Shoes,1.0,666.03,40.0,8.0,,5.0,60.0,,
ORD102936,2024-11-30,Arjun Gupta,35.0,Female,Indore,Grocery,Instant Noodles Pack,2.0,648.78,20.0,7.0,Credit Card,4.0,0.0,FEST20,
ORD102892,2023-12-18,Aditya Patel,39.0,Other,,Grocery,Spices Combo Pack,1.0,521.53,0.0,2.0,Credit Card,5.0,,FLAT100,Size Issue
ORD101651,2023-01-17,Riya Deshmukh,34.0,Female,Chennai,Electronics,Wireless Mouse,1.0,1321.41,0.0,-1.0,UPI,5.0,,FLAT100,
ORD101428,2023-09-01,Vivaan Gupta,21.0,MALE,Kolkata,Footwear,Sandals,3.0,480.95,10.0,5.0,,5.0,80.0,,
ORD101799,2024-04-20,Vivaan Pillai,22.0,M,Chandigarh,Electronics,USB-C Cable,50.0,734.04,0.0,4.0,UPI,,40.0,,
ORD102019,2024-02-25,Pari Iyer,,female,Pune,Beauty & Personal Care,Lip Balm Pack,5.0,650.9,30.0,7.0,,,40.0,,
ORD100534,2024-06-10,Anika Rao,34.0,F,Surat,Footwear,Casual Sneakers,5.0,542.62,5.0,8.0,UPI,4.0,0.0,FEST20,
ORD101812,2024-09-05,Aarav Pillai,,Female,Pune,Apparel,Denim Jeans,3.0,1002.17,5.0,4.0,Net Banking,5.0,40.0,NEWUSER15,
ORD100862,2023-04-20,Diya Bhat,40.0,f,Jaipur,Grocery,Instant Noodles Pack,5.0,254.36,5.0,5.0,Credit Card,,0.0,FLAT100,
ORD101173,2023-01-19,Krishna Iyer,36.0,F,Pune,Home & Kitchen,Curtain Set,1.0,1034.41,10.0,3.0,Credit Card,,0.0,,
ORD101476,2024-03-22,Reyansh Mehta,36.0,Female,Kolkata,Apparel,Ethnic Saree,1.0,527.36,0.0,4.0,Credit Card,,0.0,,
ORD102098,2024-11-15,Kavya Deshmukh,43.0,Female,Surat,Footwear,Flip Flops,1.0,1775.19,0.0,2.0,,3.0,60.0,,
ORD101115,2024-03-22,Anika Menon,,Female,Jaipur,Apparel,Woolen Sweater,1.0,800.84,5.0,6.0,Cash on Delivery,5.0,0.0,,Changed Mind
ORD100353,2023-12-22,Krishna Kapoor,24.0,m,Lucknow,Home & Kitchen,Non-Stick Pan,1.0,1306.09,0.0,2.0,UPI,4.0,0.0,,
ORD101034,2023-03-02,Pooja Deshmukh,43.0,Male,,Electronics,Wireless Mouse,1.0,1963.28,5.0,8.0,Debit Card,,,,
ORD102751,2023-03-15,Kabir Singh,44.0,Other,Pune,Beauty & Personal Care,Perfume 50ml,3.0,614.19,15.0,7.0,Debit Card,4.0,,,
ORD100731,2024-01-17,Aditya Menon,46.0,M,Delhi,Home & Kitchen,Storage Container Set,3.0,448.81,15.0,3.0,UPI,,0.0,,
ORD100702,2023-06-02,Ishita Joshi,32.0,Male,Surat,Electronics,Smartphone Cover,2.0,2080.19,20.0,2.0,Cash on Delivery,4.0,0.0,,
ORD102945,2023-10-17,Riya Menon,47.0,f,Chandigarh,Home & Kitchen,Wall Clock,3.0,1517.0,0.0,5.0,Credit Card,,0.0,,
ORD102417,2023-08-26,Rohan Gupta,49.0,Female,Chandigarh,Home & Kitchen,Steel Water Bottle,2.0,1546.43,20.0,4.0,UPI,,0.0,WELCOME50,
ORD102588,2025-06-02,Myra Patel,32.0,,Kolkata,Electronics,USB-C Cable,150.0,2327.13,25.0,3.0,Credit Card,3.0,60.0,,
ORD100160,2024-11-26,Karan Nair,27.0,Female,Surat,Beauty & Personal Care,Face Wash 100ml,1.0,451.01,25.0,7.0,Credit Card,,60.0,,
ORD102557,2024-01-10,Krishna Shah,44.0,M,Indore,Home & Kitchen,Kitchen Organizer,2.0,210.09,0.0,8.0,Credit Card,5.0,60.0,,
ORD101276,2024-08-21,Sneha Kapoor,,m,Chennai,Footwear,Running Shoes,1.0,1086.18,5.0,8.0,Credit Card,4.0,80.0,,Wrong Item Delivered
ORD102218,2024-12-17,Navya Kapoor,27.0,m,Surat,Electronics,Smartwatch Band,1.0,638.43,0.0,2.0,Credit Card,,60.0,,
ORD101467,2024-12-16,Aadhya Chopra,39.0,Female,Kochi,Electronics,Bluetooth Earbuds,3.0,693.81,5.0,4.0,,,150.0,,
ORD101137,2023-11-30,Sara Shah,33.0,Female,Surat,Home & Kitchen,LED Table Lamp,1.0,566.55,0.0,2.0,UPI,,,,
ORD101198,2025-01-01,Arjun Pillai,29.0,M,Pune,Electronics,LED Bulb Smart,1.0,1032.22,50.0,8.0,UPI,,,,
ORD102114,2024-12-15,Aadhya Chopra,26.0,F,Bengaluru,Beauty & Personal Care,Body Lotion,2.0,810.09,5.0,5.0,Credit Card,4.0,0.0,,
ORD100162,2024-10-27,Reyansh Pillai,16.0,M,,Apparel,Ethnic Saree,3.0,468.87,0.0,2.0,Credit Card,,40.0,,
ORD101627,2024-06-16,Ishita Nair,15.0,Male,Hyderabad,Beauty & Personal Care,Hair Oil 200ml,1.0,212.86,5.0,4.0,Credit Card,3.0,40.0,FLAT100,
ORD101512,2024-11-08,Vihaan Iyer,32.0,M,Lucknow,Apparel,Woolen Sweater,1.0,1067.77,10.0,6.0,Debit Card,2.0,0.0,,
ORD101450,2023-09-25,Aadhya Nair,29.0,M,Kochi,Grocery,Basmati Rice 5kg,4.0,112.11,15.0,5.0,Debit Card,5.0,0.0,,
ORD100185,2024-02-11,Sara Singh,41.0,Male,Ahmedabad,Footwear,Casual Sneakers,3.0,844.51,0.0,4.0,Net Banking,,60.0,,
ORD100459,2023-04-07,Myra Nair,18.0,M,Bengaluru,Electronics,Wireless Mouse,4.0,1357.62,0.0,9.0,Debit Card,4.0,,,
ORD101397,2024-08-18,Diya Chopra,30.0,Female,Mumbai,Beauty & Personal Care,Beard Trimmer,4.0,338.74,10.0,2.0,UPI,5.0,40.0,,
ORD101873,2025-05-07,Reyansh Singh,40.0,M,Mumbai,Home & Kitchen,Storage Container Set,1.0,1710.5,0.0,4.0,UPI,,60.0,,
ORD101007,2024-04-03,Kabir Nair,33.0,Female,Nagpur,Electronics,Portable Speaker,1.0,1028.14,15.0,5.0,,3.0,,WELCOME50,
ORD101962,2023-05-10,Rohan Pillai,27.0,f,Mumbai,Electronics,Wireless Mouse,1.0,2350.78,5.0,8.0,Credit Card,2.0,60.0,NEWUSER15,
ORD102112,2025-04-13,Pooja Bhat,32.0,Female,Jaipur,Electronics,Smartphone Cover,1.0,1522.74,20.0,2.0,UPI,3.0,,,
ORD101729,2023-04-06,Riya Pillai,,Male,Chandigarh,Footwear,Running Shoes,1.0,2094.41,0.0,8.0,Debit Card,3.0,0.0,SAVE10,
ORD101464,2023-12-07,Vihaan Bhat,30.0,F,Pune,Beauty & Personal Care,Body Lotion,2.0,604.41,5.0,4.0,UPI,,0.0,,
ORD101876,2023-08-01,Myra Rao,46.0,Male,Mumbai,Electronics,Smartwatch Band,1.0,1143.66,40.0,9.0,,,,,Changed Mind
ORD101287,2023-08-02,Neha Joshi,15.0,M,Indore,Electronics,Power Bank 10000mAh,1.0,932.37,0.0,4.0,UPI,,,,
ORD100368,2023-01-21,Sneha Bhat,36.0,Male,Delhi,Electronics,Smartwatch Band,3.0,1948.12,20.0,6.0,Debit Card,,,WELCOME50,
ORD101168,2025-06-28,Priya Rao,35.0,Male,Delhi,Home & Kitchen,Steel Water Bottle,3.0,1292.49,20.0,9.0,Credit Card,,,,
ORD102145,2024-02-09,Navya Chopra,35.0,Male,Chandigarh,Grocery,Honey 500g,1.0,,0.0,7.0,Credit Card,5.0,0.0,,
ORD100493,2024-07-03,Krishna Patel,31.0,Female,Kolkata,Beauty & Personal Care,Perfume 50ml,1.0,637.44,0.0,4.0,Debit Card,,150.0,,Changed Mind
ORD100231,2025-02-19,Aarav Singh,51.0,Male,Mumbai,Footwear,Casual Sneakers,1.0,403.09,5.0,6.0,UPI,,80.0,,
ORD102138,2024-12-10,Myra Pillai,42.0,Male,Kolkata,Apparel,Men Cotton T-Shirt,2.0,616.27,40.0,4.0,Credit Card,5.0,0.0,NEWUSER15,
ORD100333,2023-10-27,Rohan Bhat,51.0,Male,Surat,Footwear,Sandals,1.0,1728.22,25.0,6.0,Debit Card,5.0,,,
ORD102354,2023-10-09,Neha Gupta,24.0,Female,Delhi,Beauty & Personal Care,Face Wash 100ml,1.0,670.73,0.0,9.0,UPI,4.0,100.0,,
ORD100788,2024-05-11,Sneha Gupta,27.0,Female,Jaipur,Grocery,Spices Combo Pack,1.0,289.34,15.0,7.0,Net Banking,,150.0,NEWUSER15,
ORD101599,2024-10-07,Pooja Agarwal,41.0,f,Surat,Beauty & Personal Care,Herbal Shampoo,2.0,367.02,20.0,5.0,,1.0,80.0,FLAT100,
ORD100705,2024-05-29,Pari Patel,21.0,f,Chandigarh,Home & Kitchen,Curtain Set,1.0,1446.81,20.0,2.0,Debit Card,4.0,,FLAT100,
ORD102337,2025-01-16,Anika Gupta,36.0,M,Ahmedabad,Grocery,Honey 500g,1.0,351.18,0.0,6.0,Net Banking,5.0,40.0,SAVE10,
ORD100380,2023-01-05,Pari Mehta,28.0,Female,Delhi,Grocery,Assorted Dry Fruits,4.0,582.56,5.0,6.0,UPI,5.0,80.0,,
ORD102085,2024-11-21,Vivaan Chopra,30.0,M,,Footwear,Casual Sneakers,2.0,1357.58,10.0,8.0,Credit Card,5.0,40.0,,
ORD101914,2023-10-27,Kabir Singh,43.0,Male,Ahmedabad,Home & Kitchen,Steel Water Bottle,3.0,595.98,0.0,7.0,,5.0,0.0,,
ORD102283,2024-12-18,Rahul Patel,54.0,m,,Electronics,USB-C Cable,2.0,1196.49,30.0,4.0,,3.0,,NEWUSER15,
ORD101697,2023-05-17,Ananya Reddy,31.0,m,Pune,Electronics,Portable Speaker,2.0,2394.5,10.0,7.0,Net Banking,1.0,100.0,FEST20,
ORD102027,2025-05-15,Reyansh Chopra,24.0,F,Chennai,Home & Kitchen,Wall Clock,1.0,1612.74,5.0,6.0,Net Banking,,0.0,,Late Delivery
ORD102225,2024-07-18,Myra Menon,33.0,Male,Ahmedabad,Footwear,Sandals,1.0,2104.96,40.0,3.0,Debit Card,5.0,80.0,FEST20,
ORD102840,2024-11-01,Krishna Nair,39.0,m,Kochi,Electronics,Portable Speaker,1.0,1320.01,5.0,6.0,UPI,,40.0,,
ORD101870,2023-02-09,Pari Shah,32.0,Female,Kolkata,Grocery,Green Tea Pack,1.0,594.51,0.0,9.0,Debit Card,4.0,0.0,,Late Delivery
ORD102503,2023-04-08,Sai Sharma,48.0,F,Bengaluru,Apparel,Formal Shirt,4.0,7077.649002327997,20.0,3.0,UPI,5.0,,,
ORD101432,2023-06-05,Aadhya Pillai,15.0,Male,Delhi,Apparel,Formal Shirt,1.0,984.23,0.0,9.0,,4.0,0.0,,
ORD101281,2024-11-05,Pooja Joshi,49.0,Female,,Beauty & Personal Care,Hair Oil 200ml,1.0,186.49,5.0,4.0,UPI,4.0,0.0,SAVE10,
ORD101600,2023-10-19,Navya Joshi,28.0,Female,Lucknow,Home & Kitchen,Steel Water Bottle,2.0,772.29,5.0,9.0,,,,,
ORD100207,2025-06-01,Rahul Chopra,40.0,Female,Pune,Apparel,Woolen Sweater,5.0,849.26,30.0,9.0,,,,,
ORD102949,2024-04-18,Vihaan Chopra,31.0,f,Kolkata,Apparel,Men Cotton T-Shirt,2.0,1098.44,25.0,3.0,Cash on Delivery,3.0,0.0,,
ORD102964,2024-10-30,Arjun Kapoor,30.0,m,Kochi,Electronics,Power Bank 10000mAh,4.0,1579.8,15.0,5.0,UPI,3.0,100.0,,
ORD101332,2024-01-23,Aditya Singh,37.0,f,Chennai,Footwear,Running Shoes,1.0,1636.4,20.0,7.0,Credit Card,4.0,150.0,FEST20,
ORD100881,2025-02-14,Aditya Bhat,46.0,Female,Lucknow,Apparel,Kids Hoodie,3.0,963.13,0.0,6.0,Credit Card,4.0,40.0,,
ORD100143,2024-01-08,Sai Verma,41.0,,Bengaluru,Footwear,Casual Sneakers,2.0,675.64,25.0,4.0,UPI,3.0,60.0,FLAT100,
ORD100249,2023-10-05,Sneha Joshi,42.0,Male,Chandigarh,Grocery,Green Tea Pack,2.0,287.71,50.0,9.0,,,0.0,SAVE10,
ORD101881,2023-08-29,Pooja Menon,28.0,Female,Hyderabad,Footwear,Casual Sneakers,1.0,,30.0,4.0,UPI,,,FEST20,
ORD101936,2023-12-06,Aadhya Menon,38.0,Male,Surat,Footwear,Formal Leather Shoes,1.0,1159.12,15.0,2.0,UPI,4.0,,,
ORD102656,2023-02-23,Diya Sharma,48.0,female,Bengaluru,Beauty & Personal Care,Perfume 50ml,2.0,677.93,0.0,4.0,Credit Card,5.0,,,
ORD102885,2023-05-20,Krishna Verma,34.0,Female,Indore,Electronics,LED Bulb Smart,2.0,1009.81,25.0,6.0,Credit Card,5.0,,,
ORD102397,2024-01-01,Pooja Bhat,29.0,Female,Jaipur,Apparel,Ethnic Saree,1.0,753.01,0.0,8.0,Credit Card,,0.0,,
ORD101657,2025-03-07,Sneha Verma,32.0,female,Kochi,Electronics,USB-C Cable,3.0,500.34,0.0,9.0,UPI,,0.0,NEWUSER15,
ORD101487,2024-01-16,Pooja Nair,,Male ,Pune,Electronics,Smartphone Cover,3.0,1393.51,0.0,6.0,Debit Card,4.0,,FLAT100,Wrong Item Delivered
ORD101830,2023-11-20,Sai Chopra,29.0,f,Kolkata,Beauty & Personal Care,Sunscreen SPF50,4.0,143.6,20.0,9.0,UPI,,,,
ORD102418,2023-09-20,Vihaan Patel,27.0,Female,Kochi,Apparel,Men Cotton T-Shirt,1.0,834.62,25.0,6.0,Credit Card,5.0,,,
ORD102617,2023-02-17,Rohan Rao,33.0,f,Indore,Footwear,Flip Flops,2.0,798.17,15.0,9.0,UPI,2.0,0.0,FEST20,
ORD101626,2024-06-10,Reyansh Singh,34.0,Female,Jaipur,Home & Kitchen,Cotton Bedsheet Set,1.0,386.19,40.0,7.0,Cash on Delivery,4.0,100.0,,Defective Product
ORD101128,2023-10-10,Riya Deshmukh,32.0,Female,,Footwear,Casual Sneakers,4.0,1872.82,20.0,3.0,UPI,4.0,,,
ORD102036,2024-01-27,Ishaan Iyer,27.0,M,Chennai,Electronics,USB-C Cable,5.0,1861.89,0.0,6.0,,,60.0,FLAT100,Changed Mind
ORD101351,2024-11-24,Ananya Pillai,19.0,Male,Surat,Home & Kitchen,Cotton Bedsheet Set,3.0,1570.75,10.0,-3.0,Net Banking,3.0,40.0,,
ORD102017,2024-10-23,Diya Bhat,33.0,Female,Hyderabad,Apparel,Woolen Sweater,3.0,1047.65,0.0,2.0,,4.0,0.0,,
ORD101469,2023-02-25,Aadhya Nair,15.0,F,Delhi,Apparel,Sports Track Pant,1.0,1399.03,40.0,9.0,Debit Card,5.0,40.0,,
ORD100083,2024-11-09,Neha Sharma,35.0,f,Hyderabad,Apparel,Men Cotton T-Shirt,2.0,870.69,10.0,9.0,UPI,,0.0,SAVE10,
ORD100765,2024-12-11,Rahul Chopra,18.0,Female,Indore,Electronics,Smartwatch Band,2.0,1186.48,20.0,7.0,Net Banking,3.0,40.0,NEWUSER15,
ORD100102,2025-01-03,Amit Joshi,33.0,M,Hyderabad,Grocery,Green Tea Pack,2.0,196.01,15.0,6.0,Credit Card,1.0,,SAVE10,
ORD100146,2023-02-01,Sara Chopra,45.0,Male,,Apparel,Woolen Sweater,4.0,850.81,25.0,7.0,UPI,5.0,,WELCOME50,
ORD101133,2024-11-26,Sai Mehta,31.0,F,Chandigarh,Beauty & Personal Care,Hair Oil 200ml,1.0,,0.0,5.0,Credit Card,4.0,60.0,NEWUSER15,
ORD102068,2023-10-29,Amit Sharma,30.0,Male,Surat,Grocery,Cooking Oil 1L,1.0,391.22,15.0,3.0,Credit Card,4.0,0.0,FEST20,
ORD100394,2024-10-17,Ishita Nair,40.0,Female,Nagpur,Electronics,Bluetooth Earbuds,1.0,1421.66,20.0,9.0,Credit Card,5.0,0.0,,
ORD102326,2023-11-08,Amit Sharma,43.0,Male,Kolkata,Beauty & Personal Care,Hair Oil 200ml,3.0,727.38,20.0,7.0,Cash on Delivery,5.0,,,
ORD102876,2024-08-28,Amit Patel,22.0,f,Pune,Beauty & Personal Care,Herbal Shampoo,2.0,627.72,10.0,3.0,Debit Card,5.0,,,
ORD101221,2024-05-18,Priya Shah,15.0,Female,Nagpur,Apparel,Ethnic Saree,1.0,516.69,20.0,7.0,Debit Card,1.0,,,
ORD101358,2023-04-04,Ananya Chopra,28.0,M,Pune,Apparel,Women Kurti,2.0,1220.66,0.0,4.0,Debit Card,,60.0,,
ORD102055,2023-10-11,Riya Sharma,41.0,f,Bengaluru,Footwear,Sandals,2.0,405.42,0.0,3.0,UPI,3.0,0.0,WELCOME50,
ORD100321,2023-04-09,Aadhya Nair,48.0,Male,Indore,Apparel,Sports Track Pant,5.0,1098.73,20.0,2.0,UPI,,0.0,,
ORD100111,2024-12-12,Nikhil Reddy,60.0,Male,Ahmedabad,Home & Kitchen,Steel Water Bottle,4.0,346.07,25.0,6.0,UPI,3.0,80.0,,
ORD100588,2024-12-17,Rohan Menon,33.0,Male,Surat,Beauty & Personal Care,Hair Oil 200ml,2.0,189.76,0.0,7.0,Debit Card,5.0,,,
ORD102094,2023-05-28,Sara Rao,29.0,Female,Ahmedabad,Electronics,Bluetooth Earbuds,3.0,762.49,5.0,4.0,Debit Card,,,,Defective Product
ORD100099,2023-05-08,Aadhya Mehta,,Male,Kochi,Footwear,Casual Sneakers,2.0,477.27,0.0,8.0,Credit Card,,150.0,NEWUSER15,Quality Not as Expected
ORD102134,2024-02-06,Rahul Patel,26.0,Male,Chandigarh,Home & Kitchen,Kitchen Organizer,4.0,842.28,15.0,6.0,,4.0,0.0,,
ORD100136,2024-07-03,Kavya Chopra,38.0,Female,Hyderabad,Footwear,Formal Leather Shoes,2.0,493.21,5.0,8.0,Credit Card,,0.0,,
ORD101470,2025-03-28,Diya Sharma,27.0,,Pune,Home & Kitchen,Kitchen Organizer,1.0,1280.29,0.0,8.0,UPI,,,SAVE10,
ORD100653,2025-01-02,Ishita Chopra,35.0,Male,Kochi,Beauty & Personal Care,Face Wash 100ml,1.0,328.44,0.0,6.0,Debit Card,,60.0,,
ORD101946,2023-05-24,Aditya Deshmukh,28.0,Female,Mumbai,Beauty & Personal Care,Beard Trimmer,4.0,673.05,25.0,4.0,,5.0,,FEST20,
ORD101695,2024-09-13,Sara Mehta,15.0,Male,Ahmedabad,Footwear,Casual Sneakers,1.0,1268.3,40.0,5.0,UPI,1.0,0.0,,Quality Not as Expected
ORD101047,2023-12-17,Sai Singh,46.0,f,Indore,Home & Kitchen,Steel Water Bottle,1.0,829.84,40.0,2.0,UPI,3.0,,,Late Delivery
ORD102878,2024-12-13,Aadhya Gupta,45.0,Female,Kochi,Electronics,USB-C Cable,2.0,731.59,0.0,8.0,Cash on Delivery,5.0,,,Quality Not as Expected
ORD100930,2024-10-13,Aarav Reddy,32.0,Female,Jaipur,Electronics,Smartphone Cover,1.0,2261.18,50.0,7.0,Credit Card,3.0,,,
ORD100220,2024-11-19,Vivaan Kulkarni,37.0,f,,Home & Kitchen,Non-Stick Pan,3.0,1531.2,20.0,5.0,,,,,
ORD100927,2023-10-02,Karan Patel,42.0,,Ahmedabad,Apparel,Formal Shirt,1.0,356.59,40.0,2.0,Credit Card,,150.0,,Wrong Item Delivered
ORD102574,2024-12-05,Diya Deshmukh,20.0,m,Mumbai,Home & Kitchen,LED Table Lamp,1.0,1205.32,30.0,2.0,Credit Card,4.0,0.0,,
ORD102824,2024-07-18,Pari Menon,24.0,F,Indore,Home & Kitchen,Kitchen Organizer,2.0,1468.99,5.0,6.0,,,,,
ORD102901,2024-12-30,Karan Rao,25.0,Female,Hyderabad,Electronics,LED Bulb Smart,1.0,2037.58,0.0,6.0,Net Banking,5.0,,,Quality Not as Expected
ORD102186,2023-10-06,Neha Nair,29.0,M,,Home & Kitchen,Curtain Set,2.0,1381.03,0.0,5.0,Cash on Delivery,3.0,60.0,,
ORD100533,2023-09-17,Pooja Singh,41.0,F,Lucknow,Electronics,USB-C Cable,1.0,2198.29,0.0,2.0,UPI,3.0,100.0,,
ORD102450,2025-02-04,Ananya Kulkarni,40.0,M,Nagpur,Beauty & Personal Care,Face Wash 100ml,1.0,496.25,10.0,8.0,,5.0,,,
ORD100606,2023-10-22,Aditya Kapoor,33.0,m,Delhi,Apparel,Woolen Sweater,5.0,1418.34,10.0,9.0,Credit Card,4.0,,,Defective Product
ORD100074,2024-12-16,Kabir Agarwal,35.0,female,Chandigarh,Grocery,Spices Combo Pack,3.0,307.04,5.0,7.0,UPI,,0.0,FEST20,
ORD101539,2024-07-18,Kavya Shah,34.0,m,Nagpur,Footwear,Running Shoes,2.0,1082.36,0.0,5.0,Credit Card,5.0,,,
ORD102161,2023-08-11,Nikhil Kulkarni,43.0,Female,Kochi,Apparel,Sports Track Pant,3.0,1143.4,20.0,5.0,Credit Card,5.0,100.0,,
ORD101322,2023-12-17,Aadhya Patel,65.0,Male,Lucknow,Apparel,Sports Track Pant,2.0,899.63,30.0,6.0,Debit Card,,60.0,,
ORD102433,2023-10-14,Amit Mehta,40.0,Male,,Grocery,Basmati Rice 5kg,2.0,427.92,5.0,4.0,,4.0,,,
ORD100113,2024-02-23,Nikhil Deshmukh,30.0,F,Nagpur,Home & Kitchen,Steel Water Bottle,1.0,1674.65,20.0,9.0,Credit Card,5.0,,,
ORD100986,2024-07-15,Krishna Deshmukh,42.0,Male,Surat,Apparel,Men Cotton T-Shirt,1.0,1111.38,20.0,5.0,Net Banking,,80.0,,
ORD101972,2023-12-08,Karan Deshmukh,52.0,m,Chennai,Electronics,Bluetooth Earbuds,1.0,1063.48,10.0,2.0,UPI,4.0,0.0,,
ORD102579,2024-06-01,Vivaan Singh,38.0,M,Surat,Apparel,Kids Hoodie,1.0,577.24,15.0,7.0,Credit Card,3.0,,,
ORD100222,2024-10-04,Pooja Pillai,43.0,Male,Kochi,Grocery,Instant Noodles Pack,1.0,143.57,40.0,8.0,Cash on Delivery,,,,Size Issue
ORD100518,2024-11-05,Sara Pillai,31.0,female,Mumbai,Beauty & Personal Care,Sunscreen SPF50,2.0,529.67,0.0,8.0,,4.0,60.0,FEST20,Changed Mind
ORD101348,2024-10-31,Ishaan Menon,26.0,Male,Nagpur,Home & Kitchen,Wall Clock,1.0,740.06,25.0,9.0,Debit Card,,,NEWUSER15,
ORD101119,2024-12-10,Vihaan Sharma,54.0,M,Ahmedabad,Electronics,Smartwatch Band,1.0,1547.12,40.0,5.0,,5.0,80.0,,
ORD100035,2023-02-28,Vihaan Deshmukh,36.0,M,Nagpur,Beauty & Personal Care,Lip Balm Pack,3.0,856.92,5.0,2.0,Credit Card,5.0,0.0,WELCOME50,
ORD100830,2023-08-13,Nikhil Agarwal,30.0,Female,Nagpur,Electronics,Power Bank 10000mAh,2.0,2303.15,5.0,4.0,UPI,4.0,100.0,,
ORD102456,2025-02-04,Rohan Shah,,F,Delhi,Home & Kitchen,Cotton Bedsheet Set,1.0,9025.179701729421,20.0,9.0,Net Banking,3.0,,WELCOME50,Wrong Item Delivered
ORD102848,2023-09-13,Anika Sharma,38.0,Female,Chandigarh,Beauty & Personal Care,Face Wash 100ml,3.0,194.35,0.0,3.0,Credit Card,,100.0,FEST20,
ORD100347,2025-05-02,Sara Rao,17.0,MALE,Lucknow,Footwear,Sandals,2.0,1149.83,0.0,6.0,,3.0,0.0,FLAT100,
ORD100167,2023-06-02,Anika Singh,25.0,M,,Beauty & Personal Care,Face Wash 100ml,4.0,170.25,0.0,5.0,Debit Card,5.0,0.0,FLAT100,
ORD102638,2023-05-18,Aarav Patel,22.0,M,Nagpur,Electronics,Power Bank 10000mAh,1.0,1825.9,20.0,8.0,Net Banking,1.0,60.0,,Wrong Item Delivered
ORD100116,2023-02-03,Navya Menon,48.0,m,Lucknow,Apparel,Men Cotton T-Shirt,5.0,1321.24,20.0,5.0,,4.0,0.0,,
ORD100530,2024-06-29,Diya Singh,39.0,Male,Mumbai,Apparel,Sports Track Pant,2.0,689.49,10.0,9.0,UPI,4.0,40.0,,
ORD101721,2024-11-06,Anika Sharma,27.0,Male,Kolkata,Apparel,Men Cotton T-Shirt,2.0,1442.78,5.0,3.0,Debit Card,1.0,60.0,,
ORD102667,2025-05-29,Aarav Deshmukh,33.0,f,Mumbai,Home & Kitchen,Kitchen Organizer,3.0,1793.86,0.0,4.0,UPI,4.0,,,
ORD100320,2023-10-20,Nikhil Menon,19.0,Female,Ahmedabad,Electronics,LED Bulb Smart,1.0,2377.94,0.0,7.0,Cash on Delivery,5.0,0.0,,
ORD101028,2024-05-29,Aarav Kapoor,38.0,f,Bengaluru,Grocery,Green Tea Pack,2.0,689.01,15.0,2.0,UPI,5.0,,,
ORD100473,2023-11-15,Karan Singh,23.0,f,Kolkata,Electronics,Wireless Mouse,1.0,656.37,5.0,2.0,UPI,4.0,100.0,,
ORD102370,2023-02-10,Rohan Singh,33.0,Male ,Bengaluru,Grocery,Cooking Oil 1L,2.0,152.1,0.0,2.0,,,0.0,SAVE10,
ORD102237,2023-01-20,Karan Deshmukh,29.0,Male,Kochi,Home & Kitchen,Curtain Set,2.0,715.11,10.0,4.0,UPI,2.0,,,
ORD101781,2023-11-06,Aarav Joshi,29.0,Male,Hyderabad,Home & Kitchen,LED Table Lamp,1.0,,5.0,6.0,Cash on Delivery,4.0,40.0,,
ORD101602,2025-01-22,Pari Singh,40.0,Female,Kolkata,Electronics,Wireless Mouse,1.0,1159.76,40.0,8.0,Credit Card,5.0,60.0,,
ORD102525,2023-10-23,Vivaan Reddy,40.0,m,,Home & Kitchen,LED Table Lamp,1.0,249.34,30.0,5.0,,3.0,0.0,NEWUSER15,
ORD102264,2023-04-07,Vivaan Patel,21.0,Female,Chennai,Grocery,Instant Noodles Pack,1.0,86.81,5.0,2.0,Credit Card,5.0,,SAVE10,
ORD100227,2023-11-08,Vihaan Sharma,36.0,Female,Kochi,Footwear,Running Shoes,2.0,481.96,15.0,6.0,UPI,5.0,,,
ORD101644,2023-05-01,Riya Menon,32.0,Female,Jaipur,Apparel,Ethnic Saree,1.0,1333.84,15.0,5.0,,4.0,0.0,FLAT100,
ORD101025,2024-01-01,Rahul Rao,31.0,,Mumbai,Electronics,Wireless Mouse,1.0,1887.32,0.0,3.0,,3.0,100.0,WELCOME50,
ORD102680,2023-12-18,Aarav Mehta,40.0,F,Pune,Apparel,Kids Hoodie,1.0,581.77,10.0,8.0,Credit Card,5.0,60.0,NEWUSER15,Size Issue
ORD101772,2023-10-19,Pooja Deshmukh,33.0,Male,Nagpur,Home & Kitchen,LED Table Lamp,2.0,1404.17,5.0,2.0,,5.0,40.0,,
ORD100081,2024-02-03,Rahul Nair,15.0,Female,Kochi,Home & Kitchen,Curtain Set,1.0,245.29,20.0,6.0,,,,WELCOME50,
ORD101528,2023-01-19,Sai Shah,15.0,m,Kolkata,Beauty & Personal Care,Lip Balm Pack,3.0,454.79,15.0,3.0,UPI,5.0,,,
ORD101755,2023-10-18,Priya Patel,50.0,Male,Indore,Grocery,Spices Combo Pack,1.0,400.76,10.0,2.0,,1.0,60.0,,
ORD100668,2023-12-12,Arjun Rao,42.0,Male,Chandigarh,Beauty & Personal Care,Sunscreen SPF50,3.0,568.32,15.0,6.0,UPI,5.0,,,Late Delivery
ORD100062,2023-12-01,Kabir Joshi,41.0,Male,Chennai,Grocery,Instant Noodles Pack,1.0,240.73,10.0,7.0,Debit Card,3.0,80.0,,
ORD100849,2024-07-05,Arjun Bhat,31.0,Female,Ahmedabad,Grocery,Green Tea Pack,2.0,396.79,15.0,6.0,Debit Card,,,,
ORD102649,2023-10-29,Pooja Iyer,23.0,Female,,Beauty & Personal Care,Face Wash 100ml,2.0,317.94,15.0,2.0,UPI,3.0,,,
ORD102054,2024-10-12,Neha Iyer,31.0,Male,Kolkata,Beauty & Personal Care,Sunscreen SPF50,1.0,114.44,0.0,2.0,,5.0,,,
ORD102362,2025-05-26,Riya Menon,16.0,Male,Indore,Electronics,Smartwatch Band,4.0,913.61,25.0,8.0,,3.0,80.0,,
ORD100515,2023-04-06,Krishna Singh,17.0,Other,Mumbai,Grocery,Basmati Rice 5kg,1.0,308.21,20.0,50.0,UPI,,,,Late Delivery
ORD101354,2023-07-19,Riya Deshmukh,,Male,Indore,Beauty & Personal Care,Perfume 50ml,1.0,465.87,10.0,5.0,Debit Card,3.0,0.0,,
ORD100109,2024-10-04,Anika Singh,29.0,Male,Chandigarh,Apparel,Woolen Sweater,2.0,1231.83,30.0,6.0,,1.0,0.0,SAVE10,
ORD102130,2024-10-16,Pooja Singh,16.0,Female,Mumbai,Electronics,Portable Speaker,2.0,2459.49,0.0,2.0,UPI,5.0,60.0,,
ORD100040,2023-05-31,Ishaan Chopra,36.0,Male,Delhi,Footwear,Running Shoes,1.0,1663.32,0.0,2.0,UPI,4.0,,,
ORD102754,2025-06-21,Anika Sharma,38.0,Female,Lucknow,Beauty & Personal Care,Hair Oil 200ml,1.0,396.61,50.0,3.0,Credit Card,5.0,0.0,,
ORD101869,2024-01-11,Krishna Menon,22.0,Male,Delhi,Electronics,Portable Speaker,2.0,1796.95,0.0,2.0,Cash on Delivery,2.0,0.0,,
ORD102886,2025-04-29,Pooja Joshi,49.0,M,Chennai,Beauty & Personal Care,Hair Oil 200ml,2.0,106.15,5.0,9.0,Debit Card,5.0,,,
ORD101125,2025-02-07,Rahul Joshi,,M,Chandigarh,Electronics,Smartphone Cover,1.0,1175.57,0.0,5.0,Debit Card,2.0,,,
ORD101088,2024-08-16,Kabir Reddy,28.0,f,Kolkata,Grocery,Instant Noodles Pack,1.0,481.11,5.0,4.0,Debit Card,,0.0,,
ORD100311,2024-09-04,Aditya Kapoor,45.0,F,Kolkata,Beauty & Personal Care,Herbal Shampoo,1.0,234.41,30.0,4.0,UPI,1.0,40.0,WELCOME50,
ORD101622,2023-11-05,Sai Menon,21.0,M,Kochi,Grocery,Whole Wheat Atta 5kg,1.0,505.8,10.0,9.0,Credit Card,5.0,,,
ORD100019,2024-02-15,Aarav Reddy,52.0,M,,Electronics,Portable Speaker,4.0,2494.29,5.0,7.0,Debit Card,5.0,0.0,,
ORD101426,2024-11-16,Pari Patel,30.0,Female,Kochi,Home & Kitchen,Storage Container Set,2.0,309.55,15.0,6.0,Cash on Delivery,1.0,40.0,,
ORD100357,2025-03-23,Neha Joshi,,,Nagpur,Home & Kitchen,Curtain Set,1.0,687.85,15.0,6.0,Credit Card,,60.0,,
ORD100360,2025-02-09,Sai Pillai,29.0,Female,Delhi,Electronics,Smartwatch Band,1.0,2369.82,50.0,7.0,UPI,,,,
ORD102809,2024-11-23,Ishita Rao,38.0,female,Chennai,Beauty & Personal Care,Sunscreen SPF50,1.0,303.92,20.0,2.0,Credit Card,4.0,100.0,,Defective Product
ORD101541,2023-08-09,Amit Mehta,31.0,Female,Chennai,Electronics,Wireless Mouse,3.0,2041.73,15.0,3.0,Cash on Delivery,4.0,,,
ORD100289,2024-03-07,Rohan Mehta,42.0,F,Chandigarh,Electronics,Smartphone Cover,2.0,1606.45,0.0,6.0,Credit Card,5.0,0.0,,Defective Product
ORD100392,2023-12-01,Sara Reddy,33.0,Female,Jaipur,Home & Kitchen,Steel Water Bottle,3.0,1662.09,15.0,3.0,Credit Card,3.0,60.0,,
ORD101493,2023-12-06,Krishna Reddy,22.0,Male,Lucknow,Beauty & Personal Care,Beard Trimmer,2.0,178.41,5.0,2.0,Debit Card,5.0,,FEST20,
ORD101731,2024-12-06,Pari Shah,20.0,Male,Kolkata,Beauty & Personal Care,Sunscreen SPF50,2.0,686.03,0.0,4.0,UPI,3.0,60.0,SAVE10,
ORD102219,2023-06-25,Aarav Agarwal,32.0,Male,Surat,Beauty & Personal Care,Lip Balm Pack,5.0,364.12,10.0,8.0,Credit Card,5.0,0.0,,
ORD100657,2024-11-21,Ananya Deshmukh,46.0,Male,Hyderabad,Footwear,Formal Leather Shoes,1.0,2184.88,15.0,4.0,Debit Card,,,NEWUSER15,
ORD101246,2025-02-22,Reyansh Chopra,38.0,Male,Surat,Beauty & Personal Care,Herbal Shampoo,1.0,800.46,10.0,6.0,,5.0,40.0,SAVE10,Changed Mind
ORD102808,2024-12-21,Amit Chopra,55.0,Female,Chennai,Grocery,Honey 500g,3.0,236.2,30.0,2.0,Cash on Delivery,4.0,150.0,,
ORD102697,2024-01-16,Vivaan Joshi,19.0,Male,Indore,Beauty & Personal Care,Lip Balm Pack,1.0,276.0,0.0,5.0,Debit Card,2.0,80.0,,
ORD102806,2023-09-21,Vivaan Menon,38.0,Male,Chandigarh,Electronics,LED Bulb Smart,1.0,628.84,10.0,5.0,,3.0,0.0,NEWUSER15,
ORD101564,2023-12-03,Riya Singh,33.0,Male,Chandigarh,Footwear,Flip Flops,2.0,2172.31,10.0,8.0,,1.0,,,
ORD101953,2024-10-08,Neha Deshmukh,23.0,F,Pune,Electronics,Wireless Mouse,2.0,1253.34,20.0,2.0,Net Banking,,0.0,,
ORD101421,2024-12-15,Sai Menon,34.0,Female,Kochi,Beauty & Personal Care,Herbal Shampoo,1.0,653.82,15.0,4.0,UPI,,80.0,SAVE10,
ORD102129,2023-12-16,Riya Gupta,28.0,Female,Kolkata,Apparel,Woolen Sweater,4.0,340.0,25.0,9.0,UPI,4.0,0.0,,
ORD102913,2023-07-25,Priya Nair,34.0,F,Nagpur,Electronics,LED Bulb Smart,3.0,1080.39,0.0,8.0,Credit Card,2.0,100.0,,
ORD100370,2023-11-02,Aditya Iyer,33.0,Female,Indore,Grocery,Basmati Rice 5kg,2.0,2341.802982799181,25.0,8.0,Debit Card,5.0,0.0,,
ORD102910,2023-01-05,Sneha Patel,24.0,,Ahmedabad,Electronics,Bluetooth Earbuds,1.0,2393.5,30.0,2.0,Credit Card,,,,
ORD100313,2023-09-14,Kavya Chopra,38.0,Male,Hyderabad,Home & Kitchen,Wall Clock,2.0,436.71,25.0,3.0,,5.0,,,
ORD102565,2024-01-29,Sneha Reddy,35.0,F,Nagpur,Grocery,Basmati Rice 5kg,1.0,506.81,40.0,2.0,UPI,1.0,40.0,,
ORD101550,2023-09-13,Myra Patel,150.0,Female,Hyderabad,Home & Kitchen,Wall Clock,1.0,1130.92,30.0,5.0,UPI,4.0,150.0,WELCOME50,
ORD100593,2023-01-16,Arjun Patel,26.0,f,Surat,Home & Kitchen,LED Table Lamp,1.0,466.53,0.0,3.0,Credit Card,4.0,,,
ORD100970,2023-01-08,Karan Gupta,36.0,f,Mumbai,Electronics,Bluetooth Earbuds,2.0,1292.08,0.0,4.0,Cash on Delivery,5.0,100.0,WELCOME50,
ORD100202,2024-03-27,Amit Joshi,48.0,f,Chennai,Grocery,Whole Wheat Atta 5kg,2.0,298.14,0.0,9.0,Credit Card,5.0,100.0,FEST20,
ORD102013,2025-04-19,Sai Joshi,20.0,M,,Electronics,Power Bank 10000mAh,1.0,2459.67,0.0,5.0,Debit Card,5.0,80.0,NEWUSER15,
ORD102302,2024-06-03,Arjun Menon,15.0,Male,Kochi,Grocery,Cooking Oil 1L,3.0,305.93,10.0,5.0,Credit Card,5.0,0.0,,
ORD101863,2023-12-05,Vihaan Pillai,48.0,M,Mumbai,Grocery,Cooking Oil 1L,1.0,413.06,25.0,5.0,UPI,,,,
ORD102461,2023-07-16,Aditya Agarwal,32.0,F,Lucknow,Electronics,Power Bank 10000mAh,2.0,1709.38,10.0,9.0,,,0.0,,
ORD102014,2024-08-13,Pari Nair,27.0,M,Mumbai,Electronics,Portable Speaker,1.0,1389.24,0.0,3.0,Credit Card,,60.0,,
ORD100438,2023-03-15,Anika Reddy,26.0,F,Kolkata,Grocery,Assorted Dry Fruits,3.0,570.91,15.0,5.0,,,150.0,,
ORD100326,2023-08-04,Pooja Verma,18.0,Male,Indore,Grocery,Basmati Rice 5kg,5.0,611.62,0.0,3.0,UPI,,0.0,,
ORD101158,2023-12-17,Ishita Shah,20.0,F,Indore,Home & Kitchen,LED Table Lamp,1.0,1141.68,20.0,4.0,,3.0,80.0,,
ORD102190,2023-11-27,Neha Deshmukh,36.0,M,Mumbai,Grocery,Basmati Rice 5kg,1.0,235.51,15.0,2.0,Net Banking,5.0,0.0,SAVE10,
ORD100387,2025-01-27,Kabir Joshi,31.0,Male,Bengaluru,Footwear,Casual Sneakers,3.0,2083.62,5.0,7.0,Cash on Delivery,2.0,,,
ORD101041,2023-10-03,Rahul Menon,31.0,Male,Indore,Home & Kitchen,Cotton Bedsheet Set,1.0,1026.33,10.0,2.0,UPI,,0.0,SAVE10,
ORD101788,2024-03-06,Vihaan Shah,46.0,Male,Delhi,Apparel,Sports Track Pant,1.0,1463.84,20.0,3.0,UPI,,100.0,,
ORD101187,2023-10-19,Krishna Sharma,49.0,Female,Hyderabad,Beauty & Personal Care,Body Lotion,2.0,250.7,30.0,3.0,Debit Card,,80.0,NEWUSER15,
ORD100281,2024-03-19,Aditya Singh,15.0,m,Kolkata,Electronics,Wireless Mouse,1.0,2029.19,10.0,4.0,,5.0,40.0,,
ORD101632,2023-03-24,Rahul Rao,40.0,Female,,Beauty & Personal Care,Sunscreen SPF50,1.0,480.99,15.0,7.0,,4.0,,,
ORD100351,2023-02-10,Rahul Shah,40.0,Female,Jaipur,Beauty & Personal Care,Face Wash 100ml,2.0,386.15,0.0,6.0,UPI,5.0,,,
ORD101355,2024-03-28,Aadhya Patel,40.0,Male,Surat,Apparel,Woolen Sweater,1.0,1162.46,0.0,9.0,Debit Card,2.0,100.0,FLAT100,
ORD100042,2024-09-30,Riya Verma,22.0,Male,Kolkata,Beauty & Personal Care,Lip Balm Pack,5.0,204.53,0.0,5.0,UPI,4.0,0.0,,
ORD102465,2023-06-28,Sai Nair,36.0,Male,Mumbai,Grocery,Spices Combo Pack,3.0,628.22,0.0,9.0,Credit Card,,0.0,SAVE10,
ORD100101,2023-07-02,Aadhya Bhat,53.0,Male,Delhi,Beauty & Personal Care,Perfume 50ml,3.0,532.0,25.0,5.0,Credit Card,4.0,0.0,NEWUSER15,
ORD102739,2023-10-27,Kavya Kapoor,43.0,Female,Kochi,Apparel,Women Kurti,1.0,943.71,0.0,5.0,UPI,5.0,,,Changed Mind
ORD102990,2024-02-20,Pooja Agarwal,29.0,Female,Bengaluru,Home & Kitchen,Steel Water Bottle,5.0,1028.32,5.0,4.0,,5.0,0.0,,
ORD100446,2023-10-13,Rahul Joshi,54.0,Male,Lucknow,Grocery,Cooking Oil 1L,3.0,450.23,20.0,9.0,Debit Card,4.0,80.0,,Size Issue
ORD101745,2025-06-11,Sara Rao,32.0,Female,Bengaluru,Home & Kitchen,Storage Container Set,1.0,781.9,20.0,4.0,Net Banking,5.0,100.0,,Size Issue
ORD101273,2024-11-23,Reyansh Deshmukh,44.0,female,Pune,Beauty & Personal Care,Herbal Shampoo,1.0,373.4,5.0,5.0,UPI,5.0,40.0,,
ORD100134,2024-12-25,Rohan Kulkarni,40.0,Male,Ahmedabad,Apparel,Kids Hoodie,1.0,884.84,30.0,2.0,Debit Card,4.0,,,
ORD100574,2024-12-01,Pooja Shah,19.0,Female,Delhi,Footwear,Formal Leather Shoes,1.0,1232.97,15.0,4.0,Debit Card,,0.0,NEWUSER15,
ORD100876,2024-05-06,Ananya Nair,24.0,female,Delhi,Beauty & Personal Care,Sunscreen SPF50,4.0,608.77,25.0,4.0,Credit Card,5.0,60.0,FLAT100,
ORD102823,2025-06-08,Arjun Menon,48.0,F,Delhi,Beauty & Personal Care,Perfume 50ml,4.0,630.48,50.0,3.0,Net Banking,,60.0,,
ORD100856,2023-08-12,Priya Rao,36.0,M,,Footwear,Flip Flops,1.0,524.23,15.0,5.0,UPI,1.0,0.0,,
ORD100128,2024-06-07,Aarav Chopra,40.0,Female,Delhi,Apparel,Woolen Sweater,1.0,937.29,0.0,4.0,Net Banking,,,,
ORD100747,2023-10-14,Rahul Kapoor,51.0,,Kochi,Beauty & Personal Care,Sunscreen SPF50,2.0,132.89,0.0,2.0,UPI,2.0,40.0,,Changed Mind
ORD100572,2023-09-15,Reyansh Pillai,16.0,Female,Jaipur,Grocery,Spices Combo Pack,3.0,269.45,25.0,3.0,UPI,4.0,0.0,,Changed Mind
ORD102534,2024-12-31,Ishaan Deshmukh,34.0,Female,Indore,Electronics,USB-C Cable,3.0,623.72,0.0,8.0,UPI,5.0,80.0,,
ORD102735,2023-05-08,Riya Chopra,46.0,M,Chennai,Electronics,Power Bank 10000mAh,3.0,1561.99,15.0,6.0,Cash on Delivery,,,,
ORD100875,2024-04-04,Amit Nair,34.0,Male,Indore,Apparel,Men Cotton T-Shirt,1.0,,15.0,8.0,Credit Card,5.0,,,
ORD100103,2024-11-07,Neha Patel,29.0,Male,Ahmedabad,Beauty & Personal Care,Perfume 50ml,3.0,462.87,40.0,8.0,,5.0,,FEST20,
ORD101690,2024-12-04,Neha Nair,27.0,f,,Grocery,Spices Combo Pack,3.0,497.1,10.0,7.0,Credit Card,4.0,0.0,WELCOME50,
ORD100410,2023-06-08,Sara Rao,27.0,f,Chandigarh,Beauty & Personal Care,Body Lotion,1.0,,5.0,7.0,Credit Card,3.0,,FLAT100,
ORD102051,2024-10-16,Ishita Agarwal,37.0,Male,Ahmedabad,Beauty & Personal Care,Body Lotion,5.0,401.27,50.0,2.0,Debit Card,4.0,,,
ORD101178,2023-10-06,Aarav Kulkarni,27.0,Female,Bengaluru,Electronics,Bluetooth Earbuds,2.0,1973.82,0.0,6.0,UPI,4.0,0.0,,
ORD101854,2024-01-26,Sai Verma,40.0,Female,,Apparel,Women Kurti,4.0,1294.81,10.0,5.0,,3.0,0.0,,
ORD100604,2025-01-22,Myra Menon,35.0,f,Lucknow,Apparel,Ethnic Saree,4.0,576.73,0.0,9.0,Debit Card,4.0,,,
ORD102912,2024-03-05,Sara Reddy,28.0,Male,Kolkata,Beauty & Personal Care,Body Lotion,4.0,659.47,0.0,7.0,Cash on Delivery,,,,
ORD102039,2024-10-21,Sai Pillai,47.0,Female,,Grocery,Whole Wheat Atta 5kg,1.0,209.34,5.0,6.0,UPI,,40.0,,
ORD102411,2023-11-13,Nikhil Bhat,42.0,Male,Jaipur,Electronics,Wireless Mouse,3.0,1510.21,5.0,4.0,Net Banking,4.0,,NEWUSER15,Changed Mind
ORD101433,2023-12-18,Navya Kulkarni,48.0,Male,Nagpur,Apparel,Women Kurti,1.0,1117.39,20.0,2.0,Debit Card,4.0,40.0,,
ORD100384,2023-01-30,Neha Reddy,24.0,F,Kochi,Grocery,Spices Combo Pack,2.0,562.4,10.0,9.0,UPI,3.0,0.0,,
ORD102985,2024-08-13,Myra Kapoor,23.0,,Kochi,Footwear,Casual Sneakers,2.0,828.57,10.0,3.0,UPI,4.0,,,
ORD100056,2024-12-27,Anika Patel,38.0,Female,Lucknow,Apparel,Denim Jeans,1.0,1123.53,15.0,9.0,Debit Card,5.0,80.0,,
ORD100711,2024-04-21,Neha Nair,24.0,Male,Lucknow,Electronics,Portable Speaker,3.0,589.12,30.0,5.0,Debit Card,4.0,100.0,,
ORD100324,2025-06-07,Aarav Sharma,32.0,Male,Hyderabad,Apparel,Formal Shirt,4.0,887.12,5.0,3.0,Debit Card,4.0,0.0,,
ORD100078,2024-05-29,Aarav Sharma,35.0,Male,Pune,Apparel,Women Kurti,2.0,946.55,15.0,2.0,,3.0,0.0,,
ORD100540,2024-10-18,Diya Patel,33.0,MALE,Hyderabad,Electronics,USB-C Cable,2.0,1140.0,20.0,7.0,Credit Card,,0.0,,
ORD100355,2023-01-20,Nikhil Singh,22.0,Female,Ahmedabad,Grocery,Instant Noodles Pack,3.0,600.74,20.0,3.0,Credit Card,,0.0,,Changed Mind
ORD102144,2024-12-17,Arjun Chopra,55.0,Female,Bengaluru,Home & Kitchen,Curtain Set,4.0,,15.0,8.0,,5.0,,,
ORD100359,2024-11-12,Navya Agarwal,23.0,f,Lucknow,Apparel,Women Kurti,2.0,1259.03,0.0,2.0,UPI,,80.0,SAVE10,
ORD101018,2023-01-27,Sara Reddy,23.0,M,Mumbai,Grocery,Honey 500g,4.0,206.01,10.0,5.0,Net Banking,2.0,,,Defective Product
ORD102661,2024-12-06,Pooja Kulkarni,24.0,Male,Indore,Electronics,Wireless Mouse,1.0,1619.98,5.0,5.0,Net Banking,5.0,,,
ORD101394,2023-07-16,Reyansh Singh,52.0,F,Delhi,Home & Kitchen,Wall Clock,2.0,1084.14,20.0,2.0,Credit Card,3.0,,,
ORD100915,2024-02-22,Riya Patel,29.0,Male,,Electronics,Power Bank 10000mAh,1.0,2003.44,0.0,9.0,Cash on Delivery,5.0,,,
ORD100307,2023-11-01,Sai Menon,42.0,F,Lucknow,Apparel,Woolen Sweater,2.0,525.33,10.0,4.0,,,40.0,FEST20,
ORD101413,2024-12-22,Nikhil Mehta,17.0,Male,,Apparel,Sports Track Pant,1.0,921.87,15.0,9.0,Net Banking,,,,
ORD100813,2023-09-16,Arjun Patel,36.0,,Kochi,Home & Kitchen,Curtain Set,2.0,1199.92,0.0,4.0,Net Banking,5.0,40.0,,
ORD100041,2024-11-21,Reyansh Joshi,43.0,F,Lucknow,Footwear,Sandals,1.0,2145.26,20.0,3.0,Credit Card,5.0,,FEST20,
ORD101586,2025-01-20,Arjun Pillai,40.0,Female,Chandigarh,Beauty & Personal Care,Face Wash 100ml,1.0,329.98,10.0,8.0,Debit Card,4.0,100.0,SAVE10,
ORD101405,2023-05-22,Ishita Kapoor,48.0,m,Nagpur,Footwear,Formal Leather Shoes,3.0,2030.26,15.0,5.0,UPI,,60.0,SAVE10,Size Issue
ORD102765,2024-05-02,Pari Rao,28.0,Male,Hyderabad,Beauty & Personal Care,Herbal Shampoo,1.0,864.14,5.0,4.0,Credit Card,4.0,40.0,WELCOME50,
ORD100882,2024-02-13,Aarav Kapoor,21.0,m,Nagpur,Electronics,LED Bulb Smart,3.0,804.16,10.0,7.0,Cash on Delivery,5.0,0.0,SAVE10,
ORD100698,2023-02-15,Aadhya Menon,41.0,female,Chennai,Home & Kitchen,Kitchen Organizer,2.0,1444.69,20.0,5.0,Credit Card,5.0,0.0,FLAT100,
ORD101838,2023-07-22,Kavya Deshmukh,36.0,,Kolkata,Grocery,Green Tea Pack,2.0,227.59,15.0,3.0,Debit Card,5.0,0.0,,
ORD100003,2024-02-04,Neha Singh,27.0,M,Hyderabad,Grocery,Assorted Dry Fruits,1.0,426.98,10.0,9.0,UPI,5.0,,SAVE10,
ORD100215,2023-09-06,Ishaan Joshi,31.0,female,,Home & Kitchen,Storage Container Set,1.0,1559.71,20.0,8.0,Net Banking,3.0,0.0,,
ORD100976,2024-12-13,Sai Menon,29.0,M,Chandigarh,Electronics,LED Bulb Smart,2.0,1681.75,10.0,3.0,Credit Card,4.0,0.0,SAVE10,
ORD100098,2024-08-03,Anika Kulkarni,35.0,Female,Indore,Beauty & Personal Care,Face Wash 100ml,2.0,483.22,10.0,2.0,,1.0,80.0,,
ORD101989,2025-04-21,Neha Kulkarni,26.0,Male,Delhi,Beauty & Personal Care,Sunscreen SPF50,4.0,392.57,20.0,7.0,Credit Card,1.0,80.0,,
ORD101601,2024-11-03,Aadhya Verma,15.0,Female,Indore,Apparel,Woolen Sweater,1.0,1137.44,15.0,-1.0,UPI,3.0,,WELCOME50,
ORD102722,2023-04-14,Vivaan Verma,18.0,Male,Lucknow,Beauty & Personal Care,Hair Oil 200ml,3.0,620.07,5.0,6.0,,3.0,0.0,,
ORD101370,2025-03-13,Aditya Reddy,45.0,F,Indore,Electronics,USB-C Cable,2.0,2402.06,15.0,6.0,Debit Card,3.0,0.0,,
ORD102611,2025-04-24,Ananya Kapoor,23.0,Male,,Home & Kitchen,LED Table Lamp,3.0,565.45,15.0,2.0,Credit Card,3.0,,,Wrong Item Delivered
ORD102522,2023-07-11,Vihaan Iyer,42.0,M,Nagpur,Apparel,Denim Jeans,1.0,904.18,40.0,2.0,Debit Card,5.0,80.0,,
ORD101191,2023-09-11,Ishita Menon,31.0,Female,Bengaluru,Beauty & Personal Care,Face Wash 100ml,1.0,251.36,0.0,3.0,,4.0,,,Wrong Item Delivered
ORD101704,2025-04-18,Ananya Agarwal,40.0,F,Indore,Electronics,Power Bank 10000mAh,5.0,2158.53,25.0,2.0,Credit Card,4.0,0.0,,
ORD101832,2024-06-20,Vivaan Gupta,15.0,M,Bengaluru,Footwear,Flip Flops,1.0,1701.7,15.0,5.0,UPI,5.0,100.0,,
ORD101516,2024-03-15,Reyansh Menon,31.0,Male,Jaipur,Electronics,LED Bulb Smart,2.0,1991.89,0.0,8.0,Credit Card,3.0,,,
ORD100700,2024-10-01,Aarav Bhat,18.0,m,Kochi,Grocery,Honey 500g,2.0,602.54,40.0,5.0,,,,SAVE10,
ORD100455,2024-05-20,Riya Chopra,25.0,M,Nagpur,Apparel,Kids Hoodie,4.0,1054.29,15.0,4.0,Net Banking,4.0,80.0,,
ORD102413,2024-07-02,Amit Deshmukh,22.0,M,Delhi,Footwear,Casual Sneakers,2.0,1053.66,10.0,5.0,UPI,4.0,,FLAT100,
ORD102626,2023-10-02,Pari Verma,15.0,Female,Jaipur,Apparel,Denim Jeans,3.0,1258.81,10.0,9.0,Debit Card,5.0,,,
ORD100521,2023-05-14,Riya Pillai,41.0,,Delhi,Apparel,Men Cotton T-Shirt,2.0,1343.41,0.0,6.0,Credit Card,5.0,,FEST20,
ORD101260,2023-12-08,Ishita Menon,46.0,M,Pune,Grocery,Basmati Rice 5kg,1.0,134.23,40.0,35.0,UPI,4.0,80.0,SAVE10,
ORD102208,2023-08-02,Kabir Menon,36.0,,Hyderabad,Grocery,Honey 500g,2.0,384.58,5.0,7.0,Credit Card,,,,
ORD101037,2024-11-27,Vivaan Pillai,29.0,,Hyderabad,Home & Kitchen,Cotton Bedsheet Set,4.0,1598.34,50.0,3.0,Credit Card,1.0,0.0,,
ORD100389,2024-12-11,Krishna Bhat,36.0,M,Jaipur,Electronics,Bluetooth Earbuds,2.0,754.34,0.0,6.0,Net Banking,4.0,150.0,,
ORD100951,2023-10-05,Anika Gupta,42.0,Male,Bengaluru,Grocery,Honey 500g,1.0,401.69,20.0,8.0,Credit Card,,60.0,,
ORD102562,2024-08-30,Krishna Kapoor,40.0,Female,Kolkata,Electronics,Wireless Mouse,3.0,2023.87,20.0,2.0,Credit Card,4.0,,,
ORD100411,2023-07-29,Neha Patel,33.0,Male,Chennai,Footwear,Flip Flops,2.0,1859.78,10.0,3.0,Credit Card,4.0,100.0,,
ORD101805,2023-02-11,Sara Joshi,26.0,female,Jaipur,Beauty & Personal Care,Hair Oil 200ml,1.0,351.43,5.0,2.0,UPI,5.0,,NEWUSER15,
ORD101661,2024-07-10,Sai Mehta,41.0,Male,Chennai,Beauty & Personal Care,Sunscreen SPF50,1.0,709.22,0.0,3.0,Credit Card,4.0,,,
ORD101301,2024-01-01,Arjun Sharma,33.0,m,Mumbai,Electronics,Wireless Mouse,3.0,1774.56,0.0,4.0,Credit Card,4.0,80.0,,
ORD102744,2024-11-05,Sneha Kulkarni,32.0,,Ahmedabad,Home & Kitchen,Curtain Set,1.0,1076.89,40.0,4.0,,5.0,40.0,,
ORD101296,2023-08-28,Arjun Joshi,44.0,m,Mumbai,Apparel,Denim Jeans,4.0,1361.62,15.0,6.0,Credit Card,,0.0,,
ORD101770,2023-11-04,Kabir Gupta,38.0,F,Chandigarh,Footwear,Casual Sneakers,5.0,1148.73,25.0,2.0,Debit Card,4.0,80.0,FLAT100,
ORD101268,2025-05-18,Myra Joshi,35.0,Female,Pune,Footwear,Flip Flops,2.0,1612.88,10.0,6.0,Credit Card,5.0,60.0,,
ORD102373,2024-11-06,Kavya Joshi,27.0,f,Mumbai,Home & Kitchen,Wall Clock,1.0,1487.92,10.0,2.0,Debit Card,4.0,,,
ORD102052,2023-11-26,Kavya Nair,47.0,M,Surat,Footwear,Casual Sneakers,2.0,577.21,25.0,8.0,Cash on Delivery,5.0,,,
ORD102835,2024-05-10,Sneha Singh,27.0,f,,Electronics,Power Bank 10000mAh,2.0,1741.53,10.0,6.0,UPI,,60.0,,Wrong Item Delivered
ORD101021,2023-03-07,Pari Chopra,46.0,Other,,Home & Kitchen,Non-Stick Pan,1.0,1406.2,10.0,9.0,,4.0,,,
ORD100501,2024-08-16,Aadhya Reddy,23.0,Male,Chandigarh,Apparel,Men Cotton T-Shirt,2.0,1059.54,5.0,6.0,Debit Card,5.0,100.0,,
ORD102883,2023-02-14,Vihaan Agarwal,45.0,f,Kochi,Grocery,Instant Noodles Pack,1.0,362.57,0.0,5.0,,2.0,80.0,FEST20,
ORD100758,2023-10-23,Aadhya Iyer,22.0,F,Jaipur,Grocery,Whole Wheat Atta 5kg,2.0,330.69,0.0,6.0,,3.0,,,
ORD102254,2024-12-20,Vivaan Chopra,34.0,Female,Mumbai,Home & Kitchen,Steel Water Bottle,2.0,1525.43,15.0,60.0,Credit Card,,,,
ORD100428,2023-01-23,Kabir Singh,28.0,m,Kochi,Electronics,USB-C Cable,1.0,1610.77,0.0,7.0,UPI,5.0,100.0,,
ORD101610,2024-12-08,Kabir Patel,23.0,Female,Lucknow,Electronics,Power Bank 10000mAh,2.0,1211.96,10.0,3.0,,2.0,60.0,,Size Issue
ORD101317,2024-06-21,Krishna Joshi,27.0,Other,Kochi,Electronics,Bluetooth Earbuds,1.0,1439.52,10.0,4.0,Credit Card,,,,
ORD101136,2024-10-22,Navya Deshmukh,48.0,,Pune,Electronics,Smartphone Cover,2.0,1028.46,0.0,2.0,Debit Card,5.0,0.0,,
ORD100073,2023-04-29,Nikhil Nair,24.0,Other,Kolkata,Home & Kitchen,Non-Stick Pan,3.0,337.48,15.0,6.0,,5.0,0.0,,
ORD100025,2024-08-09,Ishita Shah,29.0,f,Chennai,Home & Kitchen,Wall Clock,1.0,735.29,15.0,7.0,Credit Card,4.0,80.0,,
ORD101344,2023-06-20,Sara Gupta,29.0,M,Hyderabad,Grocery,Spices Combo Pack,5.0,318.69,5.0,7.0,,4.0,,,
ORD101874,2024-01-08,Vihaan Rao,39.0,Male,Nagpur,Beauty & Personal Care,Herbal Shampoo,3.0,135.38,5.0,6.0,,3.0,150.0,,
ORD101126,2025-02-17,Aarav Rao,22.0,Female,Chennai,Grocery,Whole Wheat Atta 5kg,1.0,360.51,40.0,2.0,Net Banking,,40.0,NEWUSER15,
ORD102492,2025-04-26,Amit Kulkarni,32.0,Male,Kochi,Apparel,Women Kurti,4.0,509.81,5.0,5.0,Debit Card,5.0,100.0,SAVE10,
ORD101139,2024-10-08,Vihaan Kapoor,35.0,Female,Surat,Home & Kitchen,Cotton Bedsheet Set,5.0,1489.83,25.0,4.0,UPI,1.0,,,
ORD100505,2024-02-18,Aadhya Mehta,34.0,Other,Jaipur,Electronics,LED Bulb Smart,1.0,637.22,15.0,5.0,UPI,2.0,40.0,NEWUSER15,Size Issue
ORD102695,2023-12-15,Arjun Gupta,15.0,Male,Indore,Apparel,Woolen Sweater,1.0,868.62,10.0,7.0,,4.0,0.0,,
ORD101394,2023-07-16,Reyansh Singh,52.0,F,Delhi,Home & Kitchen,Wall Clock,2.0,1084.14,20.0,2.0,Credit Card,3.0,,,
ORD102479,2023-05-03,Krishna Joshi,30.0,Male,Chennai,Home & Kitchen,Non-Stick Pan,2.0,1325.05,5.0,8.0,,4.0,150.0,,
ORD102919,2023-12-11,Priya Chopra,40.0,Male,Kochi,Beauty & Personal Care,Body Lotion,3.0,497.2,30.0,4.0,UPI,5.0,100.0,,Size Issue
ORD102785,2023-04-18,Neha Patel,35.0,F,Bengaluru,Apparel,Denim Jeans,3.0,1071.68,10.0,6.0,UPI,5.0,0.0,,
ORD102727,2023-02-06,Sai Singh,33.0,Male,Kochi,Grocery,Basmati Rice 5kg,1.0,496.62,0.0,2.0,UPI,4.0,,WELCOME50,
ORD101634,2024-11-15,Karan Bhat,19.0,Male,Bengaluru,Electronics,Portable Speaker,5.0,743.36,25.0,4.0,UPI,,0.0,,
ORD101120,2023-01-13,Ishaan Sharma,32.0,MALE,Chennai,Grocery,Spices Combo Pack,1.0,584.74,10.0,3.0,,,,,
ORD101734,2025-02-23,Sara Rao,30.0,Male,Hyderabad,Footwear,Running Shoes,1.0,2057.04,0.0,4.0,UPI,,40.0,FEST20,
ORD100586,2024-09-20,Kabir Singh,29.0,Female,,Grocery,Honey 500g,2.0,684.56,0.0,7.0,Debit Card,3.0,,,
ORD102346,2023-10-26,Nikhil Gupta,44.0,Other,Delhi,Footwear,Formal Leather Shoes,1.0,1238.84,0.0,9.0,Debit Card,4.0,100.0,SAVE10,
ORD100611,2024-02-26,Aditya Joshi,46.0,F,Bengaluru,Electronics,Power Bank 10000mAh,1.0,2226.12,0.0,3.0,UPI,,,FLAT100,
ORD101138,2024-11-08,Pooja Menon,15.0,Male,Nagpur,Beauty & Personal Care,Beard Trimmer,2.0,227.25,5.0,3.0,Debit Card,4.0,0.0,WELCOME50,Defective Product
ORD100425,2023-07-01,Ishaan Iyer,,Male,Ahmedabad,Home & Kitchen,Kitchen Organizer,3.0,259.24,0.0,6.0,UPI,5.0,60.0,,
ORD100648,2024-12-03,Kabir Joshi,49.0,Female,Lucknow,Electronics,USB-C Cable,1.0,1849.87,0.0,8.0,Debit Card,,,,
ORD101089,2023-05-09,Priya Rao,33.0,Female,Kochi,Grocery,Green Tea Pack,1.0,563.2,20.0,4.0,Net Banking,3.0,100.0,FEST20,
ORD102496,2024-12-30,Ishita Kapoor,21.0,Male,Lucknow,Electronics,Portable Speaker,1.0,2169.32,20.0,9.0,Cash on Delivery,1.0,0.0,FEST20,
ORD102829,2024-11-13,Sai Nair,29.0,Other,Surat,Home & Kitchen,Non-Stick Pan,1.0,1678.06,50.0,9.0,UPI,5.0,150.0,,
ORD101408,2023-01-02,Neha Reddy,32.0,M,Kochi,Apparel,Kids Hoodie,3.0,507.86,40.0,9.0,,5.0,60.0,NEWUSER15,
ORD100565,2023-08-04,Aditya Mehta,50.0,F,Delhi,Beauty & Personal Care,Face Wash 100ml,3.0,774.57,10.0,5.0,,3.0,80.0,,
ORD102269,2025-06-08,Diya Nair,105.0,m,,Grocery,Spices Combo Pack,2.0,517.46,5.0,2.0,UPI,3.0,,SAVE10,
ORD100885,2024-10-31,Ishaan Kapoor,38.0,M,Jaipur,Beauty & Personal Care,Perfume 50ml,3.0,676.3,15.0,2.0,UPI,5.0,,WELCOME50,
ORD102953,2023-11-05,Navya Nair,30.0,Female,Ahmedabad,Electronics,Smartwatch Band,5.0,684.74,5.0,9.0,Debit Card,,,,
ORD102728,2024-12-10,Sneha Nair,45.0,Male,,Home & Kitchen,Non-Stick Pan,2.0,607.1,10.0,5.0,,3.0,,NEWUSER15,
ORD100782,2023-04-22,Neha Sharma,31.0,Male ,Mumbai,Grocery,Assorted Dry Fruits,1.0,307.05,20.0,2.0,Cash on Delivery,,150.0,,
ORD102713,2024-04-19,Krishna Shah,29.0,Female,Pune,Apparel,Kids Hoodie,2.0,1108.07,0.0,8.0,Credit Card,5.0,0.0,NEWUSER15,
ORD101981,2024-07-21,Neha Chopra,28.0,F,Mumbai,Apparel,Sports Track Pant,3.0,487.5,15.0,3.0,Credit Card,4.0,0.0,,
ORD100629,2023-11-30,Krishna Gupta,33.0,Male,Chennai,Electronics,Power Bank 10000mAh,2.0,1574.3,0.0,9.0,UPI,4.0,60.0,NEWUSER15,
ORD102900,2024-04-07,Vivaan Mehta,43.0,Male,Pune,Home & Kitchen,Cotton Bedsheet Set,1.0,816.96,0.0,7.0,UPI,,0.0,,
ORD102267,2024-10-25,Rahul Chopra,35.0,m,Kochi,Footwear,Running Shoes,1.0,4967.355279734002,25.0,6.0,UPI,5.0,0.0,FLAT100,
ORD100500,2023-04-14,Priya Chopra,24.0,M,Ahmedabad,Electronics,LED Bulb Smart,2.0,1455.23,5.0,9.0,Debit Card,,,,
ORD101723,2024-10-28,Ishita Chopra,37.0,,Kochi,Electronics,Bluetooth Earbuds,1.0,2046.26,5.0,3.0,Credit Card,,150.0,,Quality Not as Expected
ORD102924,2024-01-21,Ishaan Joshi,24.0,Female,Nagpur,Apparel,Kids Hoodie,3.0,1387.81,15.0,9.0,Credit Card,,100.0,NEWUSER15,
ORD100408,2025-05-01,Neha Joshi,48.0,Female,Hyderabad,Home & Kitchen,Wall Clock,2.0,1738.6,15.0,5.0,,5.0,,,
ORD101343,2024-06-07,Navya Verma,49.0,Female,Mumbai,Beauty & Personal Care,Sunscreen SPF50,1.0,432.37,15.0,7.0,,,100.0,,Defective Product
ORD100164,2024-01-16,Arjun Reddy,37.0,MALE,Mumbai,Footwear,Formal Leather Shoes,3.0,1964.05,5.0,7.0,Cash on Delivery,4.0,,,
ORD102511,2023-12-05,Vivaan Mehta,41.0,Male,Delhi,Grocery,Honey 500g,2.0,395.96,5.0,9.0,,2.0,,,
ORD100243,2024-08-15,Arjun Bhat,,m,Kolkata,Grocery,Instant Noodles Pack,2.0,487.6,5.0,8.0,Debit Card,5.0,150.0,,
ORD102880,2023-02-07,Neha Kapoor,29.0,Male,Kolkata,Electronics,LED Bulb Smart,4.0,712.71,20.0,4.0,UPI,4.0,,WELCOME50,
ORD102849,2023-11-26,Arjun Kapoor,45.0,m,Jaipur,Grocery,Green Tea Pack,1.0,477.73,0.0,7.0,Net Banking,,,,
ORD101522,2023-12-01,Reyansh Menon,45.0,f,Jaipur,Grocery,Spices Combo Pack,1.0,180.79,25.0,2.0,UPI,3.0,,,
ORD100378,2023-12-13,Pari Patel,,Female,Ahmedabad,Apparel,Kids Hoodie,1.0,1355.69,30.0,5.0,Cash on Delivery,5.0,0.0,,Late Delivery
ORD101087,2025-06-21,Aadhya Mehta,28.0,F,Surat,Grocery,Spices Combo Pack,1.0,424.92,10.0,8.0,Debit Card,,60.0,,
ORD102974,2023-01-16,Myra Pillai,31.0,M,Surat,Beauty & Personal Care,Beard Trimmer,2.0,353.54,0.0,6.0,Net Banking,5.0,,,
ORD102605,2024-11-19,Ishita Agarwal,19.0,Female,,Beauty & Personal Care,Sunscreen SPF50,4.0,171.61,5.0,7.0,Debit Card,4.0,,SAVE10,
ORD100294,2023-12-27,Diya Iyer,28.0,Male,Nagpur,Beauty & Personal Care,Beard Trimmer,1.0,695.3,5.0,3.0,,5.0,,,
ORD102282,2023-10-22,Neha Deshmukh,44.0,F,Kochi,Grocery,Green Tea Pack,3.0,80.88,5.0,4.0,UPI,,150.0,,
ORD101947,2025-04-15,Ishita Shah,50.0,female,,Footwear,Sandals,1.0,694.45,0.0,5.0,UPI,4.0,0.0,,
ORD102201,2023-01-07,Vihaan Iyer,31.0,Female,,Apparel,Sports Track Pant,1.0,1040.92,5.0,2.0,Debit Card,4.0,,SAVE10,
ORD101955,2024-11-10,Ananya Kapoor,30.0,M,Mumbai,Electronics,Smartphone Cover,3.0,1424.81,5.0,8.0,Credit Card,,,FLAT100,
ORD101696,2024-01-01,Ishaan Joshi,40.0,Male ,Delhi,Beauty & Personal Care,Beard Trimmer,3.0,771.1,25.0,2.0,,3.0,0.0,FEST20,Wrong Item Delivered
ORD100315,2024-08-23,Diya Rao,15.0,,Hyderabad,Grocery,Cooking Oil 1L,1.0,117.81,0.0,9.0,UPI,4.0,40.0,,
ORD100528,2024-10-24,Karan Reddy,26.0,Female,Kochi,Beauty & Personal Care,Herbal Shampoo,4.0,844.11,5.0,6.0,,4.0,0.0,,
ORD102983,2025-01-19,Kavya Iyer,50.0,Male,Chennai,Grocery,Assorted Dry Fruits,1.0,502.08,15.0,9.0,Net Banking,,40.0,FEST20,
ORD101177,2023-06-24,Rohan Reddy,33.0,M,Ahmedabad,Apparel,Woolen Sweater,1.0,486.94,30.0,7.0,Cash on Delivery,4.0,40.0,,
ORD100189,2023-01-26,Sai Nair,20.0,Female,Ahmedabad,Grocery,Instant Noodles Pack,3.0,179.85,15.0,8.0,Debit Card,3.0,,,
ORD100027,2025-01-19,Sneha Joshi,34.0,Male,Ahmedabad,Apparel,Ethnic Saree,1.0,368.02,20.0,2.0,UPI,5.0,0.0,,Changed Mind
ORD102715,2024-02-27,Karan Rao,27.0,,Mumbai,Apparel,Formal Shirt,3.0,669.07,10.0,8.0,Credit Card,2.0,100.0,FEST20,Wrong Item Delivered
ORD100274,2024-01-16,Krishna Joshi,26.0,Female,Delhi,Electronics,Portable Speaker,1.0,2176.12,20.0,2.0,UPI,4.0,40.0,,
ORD102718,2023-10-07,Riya Iyer,24.0,Female,Nagpur,Grocery,Honey 500g,1.0,518.4,25.0,7.0,Cash on Delivery,1.0,0.0,,Changed Mind
ORD101074,2023-12-12,Anika Pillai,28.0,Female,Ahmedabad,Grocery,Assorted Dry Fruits,3.0,406.25,10.0,7.0,UPI,5.0,,WELCOME50,
ORD102702,2023-07-21,Riya Rao,40.0,,Surat,Home & Kitchen,Kitchen Organizer,2.0,726.08,10.0,6.0,UPI,4.0,,FLAT100,
ORD102035,2023-10-24,Amit Shah,36.0,Female,Surat,Apparel,Woolen Sweater,1.0,465.97,20.0,8.0,UPI,,0.0,,
ORD102621,2023-12-24,Diya Deshmukh,17.0,Male,Jaipur,Grocery,Whole Wheat Atta 5kg,5.0,625.68,20.0,6.0,Debit Card,1.0,,,Defective Product
ORD102559,2024-06-20,Krishna Verma,19.0,f,Bengaluru,Electronics,Bluetooth Earbuds,3.0,1699.23,5.0,5.0,Credit Card,,80.0,,Wrong Item Delivered
ORD102691,2024-10-27,Pooja Gupta,36.0,,Chandigarh,Beauty & Personal Care,Herbal Shampoo,5.0,484.16,5.0,7.0,UPI,2.0,60.0,FLAT100,
ORD101334,2024-05-01,Sai Verma,42.0,Male,Ahmedabad,Electronics,Portable Speaker,2.0,1857.92,10.0,2.0,UPI,,0.0,,
ORD102209,2023-05-07,Karan Pillai,46.0,Female,Pune,Beauty & Personal Care,Body Lotion,4.0,527.66,120.0,5.0,UPI,5.0,,,
ORD102259,2025-06-22,Aditya Shah,49.0,Female,Kochi,Footwear,Casual Sneakers,1.0,725.42,15.0,2.0,Net Banking,2.0,0.0,,
ORD102757,2023-10-11,Ishita Gupta,21.0,Male,Chennai,Grocery,Honey 500g,3.0,346.86,15.0,8.0,UPI,4.0,,,
ORD100585,2023-01-17,Diya Gupta,49.0,F,Lucknow,Home & Kitchen,LED Table Lamp,2.0,658.08,0.0,7.0,Credit Card,3.0,80.0,,Size Issue
ORD100837,2023-06-30,Ananya Verma,52.0,f,Pune,Beauty & Personal Care,Face Wash 100ml,5.0,796.19,30.0,3.0,Credit Card,,0.0,,Changed Mind
ORD100710,2024-09-10,Anika Shah,34.0,F,Hyderabad,Beauty & Personal Care,Body Lotion,1.0,606.45,10.0,3.0,Credit Card,,80.0,WELCOME50,
ORD102311,2023-03-03,Aarav Deshmukh,31.0,Female,Kochi,Beauty & Personal Care,Face Wash 100ml,1.0,2638.7809870701035,5.0,5.0,,1.0,60.0,,
ORD102506,2024-01-18,Kabir Reddy,19.0,,Mumbai,Footwear,Formal Leather Shoes,1.0,813.46,40.0,2.0,UPI,4.0,100.0,,
ORD101250,2023-08-09,Vihaan Chopra,35.0,,,Grocery,Green Tea Pack,4.0,641.16,20.0,4.0,UPI,4.0,,,
ORD102353,2024-02-28,Kabir Joshi,34.0,,Kolkata,Grocery,Whole Wheat Atta 5kg,2.0,689.83,25.0,7.0,UPI,5.0,0.0,,
ORD102648,2025-05-02,Vihaan Chopra,30.0,Female,Kolkata,Grocery,Green Tea Pack,1.0,563.03,20.0,2.0,Credit Card,,0.0,FEST20,Wrong Item Delivered
ORD101437,2024-08-17,Rohan Shah,19.0,Male,Pune,Home & Kitchen,Non-Stick Pan,2.0,1154.92,0.0,4.0,Credit Card,3.0,,FEST20,
ORD101802,2023-10-21,Sai Chopra,,Male,Hyderabad,Beauty & Personal Care,Herbal Shampoo,1.0,565.23,20.0,4.0,Credit Card,4.0,0.0,SAVE10,
ORD101553,2024-07-18,Myra Gupta,20.0,Female,Mumbai,Electronics,Wireless Mouse,4.0,896.48,10.0,6.0,Credit Card,,,FLAT100,
ORD100816,2023-02-09,Aditya Joshi,32.0,female,Chennai,Grocery,Green Tea Pack,1.0,622.91,15.0,2.0,UPI,3.0,,,
ORD102996,2023-10-02,Pooja Nair,34.0,Male,Surat,Grocery,Instant Noodles Pack,4.0,172.46,15.0,7.0,UPI,2.0,150.0,WELCOME50,Quality Not as Expected
ORD101940,2023-05-30,Ananya Iyer,37.0,Female,Hyderabad,Electronics,Bluetooth Earbuds,3.0,813.37,20.0,2.0,UPI,,150.0,,
ORD100957,2024-08-01,Kavya Gupta,33.0,M,,Electronics,USB-C Cable,2.0,765.35,15.0,9.0,Credit Card,5.0,,,
ORD100302,2023-01-03,Kabir Agarwal,23.0,Male,Ahmedabad,Home & Kitchen,Non-Stick Pan,4.0,1233.65,20.0,4.0,Credit Card,3.0,,,
ORD100571,2024-01-15,Pooja Gupta,23.0,Female,Jaipur,Footwear,Running Shoes,2.0,1898.68,5.0,9.0,UPI,,,,
ORD102663,2024-03-28,Ishaan Pillai,21.0,Female,Lucknow,Electronics,Bluetooth Earbuds,3.0,930.63,10.0,3.0,Debit Card,5.0,,NEWUSER15,
ORD102004,2024-12-27,Reyansh Kapoor,,Female,Delhi,Beauty & Personal Care,Sunscreen SPF50,5.0,100.23,5.0,2.0,Debit Card,,40.0,,
ORD100630,2023-12-10,Anika Kapoor,31.0,MALE,Indore,Apparel,Sports Track Pant,2.0,1347.25,0.0,8.0,Credit Card,3.0,60.0,,
ORD101511,2023-07-27,Sneha Bhat,50.0,Female,Chennai,Electronics,Portable Speaker,3.0,18620.938828723272,15.0,4.0,,1.0,40.0,,Late Delivery
ORD102799,2023-12-28,Aadhya Deshmukh,41.0,Female,Chennai,Electronics,USB-C Cable,3.0,1970.07,40.0,4.0,Debit Card,,,,
ORD102946,2024-06-20,Reyansh Reddy,27.0,female,Chandigarh,Grocery,Cooking Oil 1L,2.0,479.05,5.0,4.0,,,0.0,,
ORD102688,2024-08-04,Arjun Agarwal,20.0,Male,Mumbai,Grocery,Whole Wheat Atta 5kg,1.0,178.09,20.0,5.0,UPI,,0.0,,Size Issue
ORD101063,2024-10-04,Krishna Gupta,31.0,,Kolkata,Grocery,Whole Wheat Atta 5kg,50.0,562.98,25.0,6.0,Debit Card,,100.0,FLAT100,
ORD101853,2023-05-27,Aarav Mehta,23.0,,Surat,Grocery,Basmati Rice 5kg,1.0,535.02,5.0,9.0,Credit Card,,0.0,WELCOME50,
ORD102486,2023-08-11,Riya Kapoor,20.0,Other,Delhi,Home & Kitchen,Non-Stick Pan,1.0,1452.79,0.0,4.0,Debit Card,5.0,150.0,FEST20,
ORD102214,2023-04-16,Myra Agarwal,51.0,Female,Nagpur,Beauty & Personal Care,Lip Balm Pack,3.0,261.08,10.0,7.0,Debit Card,,40.0,,
ORD102011,2023-12-24,Rahul Rao,30.0,F,Nagpur,Electronics,Smartwatch Band,2.0,952.34,10.0,5.0,Credit Card,5.0,100.0,,
ORD100297,2023-11-21,Riya Pillai,27.0,Female,Kochi,Beauty & Personal Care,Hair Oil 200ml,1.0,536.79,0.0,5.0,Cash on Delivery,,150.0,SAVE10,
ORD101868,2023-01-28,Kabir Agarwal,46.0,Male,Bengaluru,Beauty & Personal Care,Lip Balm Pack,2.0,661.52,30.0,3.0,Debit Card,4.0,,WELCOME50,
ORD101901,2024-04-28,Nikhil Agarwal,29.0,M,,Apparel,Women Kurti,5.0,1159.98,40.0,9.0,Credit Card,4.0,,FEST20,
ORD100923,2023-05-13,Navya Menon,28.0,F,Kochi,Footwear,Formal Leather Shoes,1.0,1175.88,5.0,7.0,UPI,5.0,0.0,,
ORD100722,2025-02-08,Navya Iyer,27.0,Male,Delhi,Grocery,Assorted Dry Fruits,2.0,463.26,5.0,5.0,Debit Card,3.0,100.0,,Size Issue
ORD100059,2024-09-14,Krishna Pillai,65.0,Female,Pune,Home & Kitchen,LED Table Lamp,1.0,1110.03,0.0,6.0,Debit Card,5.0,40.0,NEWUSER15,
ORD102247,2023-06-10,Kabir Singh,35.0,m,,Beauty & Personal Care,Perfume 50ml,3.0,312.62,0.0,4.0,Debit Card,,0.0,,
ORD102449,2024-11-01,Sai Kulkarni,40.0,F,Jaipur,Home & Kitchen,Kitchen Organizer,3.0,515.67,15.0,4.0,,4.0,60.0,,
ORD102323,2024-08-17,Neha Rao,54.0,,Mumbai,Apparel,Ethnic Saree,2.0,955.22,15.0,6.0,UPI,5.0,,WELCOME50,
ORD100023,2025-04-24,Vihaan Verma,21.0,Female,Indore,Beauty & Personal Care,Face Wash 100ml,1.0,466.27,30.0,4.0,Credit Card,4.0,80.0,,
ORD100577,2024-04-22,Kavya Chopra,30.0,Female,Mumbai,Electronics,Smartwatch Band,1.0,898.73,10.0,9.0,Debit Card,,0.0,FLAT100,
ORD100683,2025-05-23,Kavya Iyer,22.0,Female,Jaipur,Beauty & Personal Care,Lip Balm Pack,1.0,100.34,10.0,3.0,UPI,3.0,,,
ORD102731,2024-04-20,Priya Reddy,52.0,Female,Kochi,Grocery,Basmati Rice 5kg,2.0,248.83,15.0,5.0,Credit Card,4.0,80.0,,
ORD101015,2023-01-24,Navya Singh,43.0,F,Surat,Footwear,Casual Sneakers,5.0,1700.59,30.0,9.0,Credit Card,,0.0,,
ORD100346,2025-06-22,Ishita Kapoor,34.0,Male,Ahmedabad,Home & Kitchen,LED Table Lamp,1.0,462.86,15.0,9.0,Net Banking,,,,Defective Product
ORD102285,2025-01-28,Nikhil Pillai,42.0,M,Lucknow,Home & Kitchen,Wall Clock,1.0,1075.72,0.0,8.0,Cash on Delivery,3.0,,,
ORD101667,2023-12-15,Arjun Patel,43.0,F,Surat,Grocery,Whole Wheat Atta 5kg,3.0,654.65,15.0,3.0,,,,,
ORD101555,2023-05-29,Ishaan Singh,33.0,MALE,Nagpur,Home & Kitchen,Curtain Set,1.0,993.17,0.0,3.0,Cash on Delivery,,40.0,,Changed Mind
ORD101098,2023-02-07,Ishita Verma,34.0,Female,Delhi,Beauty & Personal Care,Sunscreen SPF50,2.0,287.07,25.0,8.0,Debit Card,,40.0,,
ORD100008,2023-07-03,Neha Rao,34.0,MALE,Nagpur,Grocery,Instant Noodles Pack,1.0,629.23,5.0,2.0,UPI,,,,
ORD102967,2023-07-27,Neha Verma,29.0,F,Bengaluru,Beauty & Personal Care,Herbal Shampoo,1.0,745.18,15.0,6.0,UPI,5.0,,,
ORD100228,2024-05-13,Sara Menon,46.0,Female,Delhi,Grocery,Instant Noodles Pack,3.0,668.11,0.0,4.0,Credit Card,1.0,,,
ORD100489,2023-11-17,Ananya Reddy,50.0,F,Ahmedabad,Apparel,Woolen Sweater,1.0,883.59,0.0,9.0,Credit Card,5.0,100.0,,
ORD102592,2024-04-29,Rahul Iyer,27.0,Female,Hyderabad,Electronics,Wireless Mouse,1.0,1316.73,0.0,5.0,,4.0,0.0,,
ORD101665,2023-12-27,Nikhil Iyer,42.0,Male,Kolkata,Electronics,Smartphone Cover,120.0,559.73,10.0,5.0,UPI,3.0,,,
ORD100829,2023-01-27,Riya Sharma,54.0,F,Kolkata,Home & Kitchen,LED Table Lamp,1.0,388.39,15.0,7.0,UPI,5.0,,,
ORD100385,2023-01-25,Arjun Patel,47.0,Female,Chennai,Home & Kitchen,LED Table Lamp,2.0,543.61,15.0,4.0,Net Banking,2.0,,,Quality Not as Expected
ORD102305,2023-03-29,Diya Bhat,38.0,Female,Kochi,Electronics,Portable Speaker,3.0,1968.17,20.0,7.0,UPI,5.0,,WELCOME50,
ORD100449,2023-09-18,Aarav Singh,33.0,M,Chandigarh,Grocery,Cooking Oil 1L,1.0,230.21,20.0,6.0,UPI,4.0,,,
ORD102512,2025-05-26,Krishna Kulkarni,47.0,f,,Apparel,Women Kurti,3.0,719.87,5.0,4.0,Credit Card,3.0,100.0,,
ORD100015,2024-12-17,Ishaan Shah,33.0,Other,Jaipur,Grocery,Basmati Rice 5kg,2.0,348.0,50.0,9.0,,2.0,40.0,FEST20,
ORD101114,2024-01-17,Ishaan Deshmukh,24.0,Female,Mumbai,Home & Kitchen,Steel Water Bottle,1.0,206.16,0.0,4.0,Cash on Delivery,5.0,0.0,,
ORD102863,2024-10-09,Rohan Verma,29.0,Male,,Apparel,Denim Jeans,3.0,1317.56,30.0,6.0,UPI,,60.0,,
ORD101388,2025-03-22,Neha Bhat,43.0,Male,,Apparel,Denim Jeans,1.0,894.84,0.0,8.0,,,,NEWUSER15,
ORD102909,2023-11-13,Aditya Menon,39.0,Male,Kolkata,Beauty & Personal Care,Sunscreen SPF50,5.0,815.1,5.0,5.0,Cash on Delivery,2.0,60.0,,
ORD101588,2025-02-24,Myra Kapoor,33.0,F,Chennai,Home & Kitchen,Wall Clock,1.0,782.02,0.0,4.0,Debit Card,,80.0,,
ORD100823,2024-08-15,Pooja Rao,26.0,Female,Jaipur,Grocery,Honey 500g,1.0,417.11,-10.0,5.0,Debit Card,,0.0,,
ORD102167,2025-02-07,Anika Sharma,33.0,Female,Chandigarh,Apparel,Kids Hoodie,50.0,,25.0,40.0,Credit Card,5.0,60.0,,Wrong Item Delivered
ORD102787,2024-01-15,Anika Agarwal,23.0,Male,,Beauty & Personal Care,Sunscreen SPF50,2.0,249.78,20.0,6.0,Credit Card,4.0,0.0,,
ORD101226,2024-11-04,Riya Gupta,25.0,Male,,Apparel,Formal Shirt,2.0,300.75,5.0,8.0,UPI,5.0,80.0,,
ORD102927,2023-10-20,Myra Bhat,44.0,Male,Jaipur,Electronics,Portable Speaker,1.0,1933.34,15.0,5.0,Credit Card,,,,
ORD102679,2023-12-08,Reyansh Nair,41.0,Female,Bengaluru,Beauty & Personal Care,Face Wash 100ml,1.0,714.61,15.0,9.0,UPI,2.0,100.0,,
ORD102788,2023-01-05,Ananya Patel,35.0,f,Kolkata,Home & Kitchen,Storage Container Set,1.0,1389.41,0.0,9.0,Cash on Delivery,4.0,,,
ORD101231,2024-10-30,Kabir Agarwal,45.0,f,Kochi,Electronics,Smartwatch Band,1.0,2343.76,15.0,9.0,Debit Card,5.0,,FEST20,
ORD101821,2024-11-27,Priya Rao,18.0,Female,Kochi,Home & Kitchen,Storage Container Set,3.0,1275.14,25.0,7.0,UPI,,80.0,,
ORD101009,2024-04-18,Myra Iyer,32.0,Female,Hyderabad,Apparel,Formal Shirt,0.0,491.92,25.0,6.0,Credit Card,,0.0,,
ORD101774,2024-12-01,Pooja Deshmukh,33.0,Male,Indore,Home & Kitchen,LED Table Lamp,1.0,478.46,15.0,3.0,,5.0,,,Quality Not as Expected
ORD102056,2024-10-31,Ananya Sharma,39.0,Male,,Beauty & Personal Care,Herbal Shampoo,1.0,479.8,0.0,3.0,,,150.0,,
ORD102760,2023-05-02,Kabir Bhat,23.0,Female,Indore,Electronics,USB-C Cable,1.0,975.0,10.0,5.0,,,100.0,WELCOME50,
ORD102805,2025-06-01,Aadhya Sharma,28.0,Male,Surat,Footwear,Formal Leather Shoes,3.0,1834.63,0.0,2.0,UPI,4.0,0.0,,Changed Mind
ORD102444,2024-06-28,Ananya Gupta,40.0,m,Chennai,Grocery,Assorted Dry Fruits,3.0,273.58,20.0,5.0,Credit Card,,,,
ORD101106,2023-08-11,Pari Shah,15.0,Female,Bengaluru,Beauty & Personal Care,Beard Trimmer,2.0,457.5,40.0,4.0,,,,,
ORD100497,2023-12-07,Reyansh Patel,30.0,Male,Surat,Grocery,Green Tea Pack,2.0,373.31,0.0,8.0,Debit Card,3.0,,,Wrong Item Delivered
ORD100352,2023-09-30,Kavya Chopra,46.0,f,Hyderabad,Home & Kitchen,Storage Container Set,3.0,535.52,15.0,9.0,Cash on Delivery,,100.0,,
ORD101930,2023-03-23,Aarav Mehta,21.0,F,Kolkata,Electronics,Power Bank 10000mAh,5.0,1045.32,25.0,5.0,UPI,,60.0,,
ORD100442,2024-11-18,Aadhya Verma,30.0,m,Hyderabad,Beauty & Personal Care,Perfume 50ml,2.0,249.04,25.0,6.0,,,80.0,,
ORD100001,2023-10-09,Aadhya Chopra,31.0,Female,Bengaluru,Apparel,Woolen Sweater,4.0,1356.25,0.0,3.0,UPI,2.0,100.0,,
ORD100285,2023-11-06,Vivaan Reddy,56.0,Female,,Beauty & Personal Care,Lip Balm Pack,4.0,767.45,25.0,9.0,,2.0,60.0,,
ORD101560,2023-01-04,Riya Chopra,33.0,m,Kochi,Grocery,Spices Combo Pack,1.0,663.87,0.0,4.0,UPI,5.0,,,
ORD101646,2024-12-07,Neha Mehta,23.0,Female,Kochi,Electronics,Bluetooth Earbuds,1.0,1454.78,10.0,5.0,,1.0,,SAVE10,
ORD100783,2023-04-22,Aditya Rao,24.0,F,Surat,Electronics,Smartphone Cover,1.0,1087.1,5.0,9.0,UPI,,,,
ORD100860,2024-12-20,Aditya Kapoor,46.0,Male,Hyderabad,Electronics,Bluetooth Earbuds,1.0,764.0,5.0,4.0,,,0.0,,
ORD101987,2023-12-05,Aditya Bhat,17.0,F,Hyderabad,Home & Kitchen,LED Table Lamp,1.0,894.08,20.0,5.0,Credit Card,4.0,100.0,,
ORD102689,2024-01-03,Aadhya Bhat,40.0,m,Nagpur,Apparel,Women Kurti,1.0,1402.35,40.0,2.0,UPI,3.0,60.0,,
ORD100348,2024-10-13,Sneha Iyer,39.0,Male,Jaipur,Electronics,Smartwatch Band,4.0,2405.67,5.0,8.0,Credit Card,3.0,60.0,,
ORD100068,2023-03-11,Vivaan Shah,40.0,Female,Indore,Beauty & Personal Care,Hair Oil 200ml,1.0,168.55,25.0,2.0,UPI,4.0,0.0,,
ORD100403,2024-12-09,Aditya Bhat,34.0,Male,Bengaluru,Beauty & Personal Care,Face Wash 100ml,1.0,207.86,5.0,6.0,Cash on Delivery,4.0,,,Size Issue
ORD102375,2025-06-21,Priya Reddy,15.0,M,,Apparel,Sports Track Pant,1.0,1033.66,25.0,8.0,,5.0,,,
ORD100754,2024-05-20,Rahul Singh,58.0,F,Bengaluru,Apparel,Kids Hoodie,1.0,,25.0,6.0,Debit Card,3.0,0.0,,
ORD100797,2024-02-22,Karan Gupta,28.0,Female,Lucknow,Electronics,Bluetooth Earbuds,1.0,2377.82,20.0,6.0,,,0.0,,
ORD101050,2024-04-08,Navya Nair,40.0,M,Kolkata,Grocery,Honey 500g,1.0,,0.0,7.0,Credit Card,3.0,60.0,,Quality Not as Expected
ORD101436,2023-10-21,Sara Reddy,15.0,Female,,Beauty & Personal Care,Hair Oil 200ml,1.0,,30.0,2.0,Credit Card,4.0,0.0,,
ORD102453,2024-03-04,Krishna Gupta,39.0,F,Jaipur,Footwear,Running Shoes,2.0,1467.03,25.0,8.0,,,,,
ORD100177,2023-05-27,Anika Nair,20.0,f,Chandigarh,Home & Kitchen,LED Table Lamp,2.0,1704.35,15.0,2.0,UPI,5.0,150.0,,
ORD100953,2024-01-25,Nikhil Mehta,36.0,Male,Mumbai,Home & Kitchen,Kitchen Organizer,4.0,430.7,15.0,7.0,Debit Card,1.0,40.0,,
ORD101380,2025-06-12,Neha Reddy,34.0,Male,Kolkata,Home & Kitchen,Storage Container Set,2.0,,10.0,4.0,UPI,,40.0,NEWUSER15,
ORD102100,2025-04-11,Rohan Verma,28.0,F,Chennai,Grocery,Spices Combo Pack,-1.0,217.7,15.0,5.0,Credit Card,4.0,0.0,,
ORD101815,2024-12-02,Navya Pillai,35.0,Female,Chennai,Home & Kitchen,LED Table Lamp,2.0,1794.9,25.0,6.0,UPI,4.0,0.0,FEST20,
ORD102139,2023-12-31,Kabir Mehta,21.0,M,Delhi,Electronics,LED Bulb Smart,2.0,516.45,20.0,7.0,UPI,5.0,,,
ORD102539,2024-03-25,Ishaan Chopra,27.0,Male,Nagpur,Apparel,Formal Shirt,1.0,611.56,10.0,6.0,Cash on Delivery,3.0,0.0,,
ORD100252,2024-01-05,Pooja Reddy,41.0,Male,Indore,Electronics,USB-C Cable,1.0,648.8,20.0,8.0,UPI,4.0,80.0,,Changed Mind
ORD102043,2024-11-13,Kavya Kulkarni,27.0,Male,Mumbai,Apparel,Woolen Sweater,1.0,1047.36,0.0,4.0,UPI,,,,
ORD101438,2023-10-18,Sara Mehta,34.0,Male,Hyderabad,Grocery,Green Tea Pack,5.0,603.9,10.0,3.0,Debit Card,,,SAVE10,Defective Product
ORD100558,2023-12-09,Sara Pillai,34.0,,Mumbai,Beauty & Personal Care,Sunscreen SPF50,2.0,275.05,10.0,6.0,Credit Card,,,,
ORD101577,2023-11-23,Nikhil Chopra,19.0,M,Mumbai,Grocery,Whole Wheat Atta 5kg,1.0,551.55,0.0,6.0,,5.0,0.0,,
ORD101920,2023-12-25,Nikhil Menon,,F,Kochi,Electronics,Power Bank 10000mAh,1.0,643.97,0.0,6.0,,3.0,150.0,,
ORD100193,2024-10-01,Myra Kapoor,32.0,Female,,Home & Kitchen,Curtain Set,2.0,502.9,25.0,9.0,UPI,5.0,60.0,,
ORD102930,2023-06-08,Karan Bhat,45.0,Female,,Footwear,Flip Flops,1.0,814.52,10.0,8.0,Net Banking,5.0,,NEWUSER15,
ORD101507,2024-03-13,Navya Deshmukh,36.0,M,Lucknow,Home & Kitchen,Wall Clock,1.0,1236.11,5.0,3.0,UPI,,100.0,,
ORD101933,2025-05-18,Ishaan Menon,32.0,F,Ahmedabad,Electronics,Bluetooth Earbuds,150.0,775.85,0.0,9.0,Debit Card,5.0,60.0,,Size Issue
ORD102008,2024-12-18,Rahul Menon,25.0,Male,Lucknow,Beauty & Personal Care,Beard Trimmer,3.0,578.03,20.0,8.0,Debit Card,5.0,,,
ORD100244,2024-01-23,Kabir Nair,30.0,Female,Ahmedabad,Home & Kitchen,Storage Container Set,2.0,1658.66,20.0,3.0,Net Banking,,40.0,,Wrong Item Delivered
ORD100445,2024-08-26,Sneha Chopra,16.0,f,Indore,Electronics,LED Bulb Smart,5.0,1674.83,15.0,4.0,UPI,4.0,0.0,,
ORD100476,2025-02-10,Aadhya Singh,32.0,M,Chennai,Electronics,Smartphone Cover,2.0,776.45,0.0,2.0,,4.0,0.0,,
ORD100538,2024-05-07,Sneha Nair,26.0,Male,Kochi,Beauty & Personal Care,Face Wash 100ml,3.0,846.07,10.0,3.0,UPI,,40.0,,Changed Mind
ORD101330,2024-02-14,Arjun Bhat,20.0,Female,Indore,Electronics,Smartwatch Band,1.0,2258.45,15.0,9.0,Cash on Delivery,4.0,0.0,,
ORD100255,2023-05-12,Sai Reddy,49.0,Female,Chandigarh,Grocery,Cooking Oil 1L,3.0,300.58,10.0,6.0,Cash on Delivery,5.0,100.0,,
ORD100451,2023-10-11,Anika Nair,31.0,Male,Bengaluru,Apparel,Sports Track Pant,1.0,573.55,10.0,2.0,UPI,5.0,40.0,,
ORD102798,2024-10-06,Diya Deshmukh,30.0,Male,Mumbai,Footwear,Formal Leather Shoes,1.0,1440.16,15.0,2.0,Net Banking,4.0,40.0,,
ORD101488,2023-04-12,Ishaan Agarwal,15.0,MALE,Nagpur,Footwear,Sandals,5.0,1704.51,30.0,6.0,UPI,2.0,150.0,,
ORD101744,2023-11-16,Vivaan Joshi,41.0,F,Nagpur,Apparel,Formal Shirt,2.0,1162.48,10.0,6.0,UPI,5.0,150.0,,Size Issue
ORD102380,2023-06-13,Aditya Gupta,33.0,Female,Kochi,Grocery,Honey 500g,2.0,194.78,30.0,7.0,Debit Card,5.0,,,
ORD102156,2024-02-08,Ananya Kulkarni,39.0,M,Mumbai,Electronics,Portable Speaker,2.0,1908.38,15.0,8.0,UPI,5.0,60.0,,
ORD102881,2023-08-04,Neha Menon,20.0,Male ,Jaipur,Electronics,Portable Speaker,1.0,579.02,15.0,8.0,Cash on Delivery,,,,
ORD102521,2023-02-10,Rahul Nair,25.0,Male ,Indore,Home & Kitchen,Curtain Set,2.0,1407.3,15.0,2.0,Credit Card,,,,
ORD102369,2024-01-18,Pooja Mehta,22.0,Female,Ahmedabad,Electronics,Portable Speaker,3.0,1215.81,20.0,5.0,,5.0,100.0,,
ORD102911,2023-01-02,Anika Deshmukh,38.0,,Kolkata,Apparel,Denim Jeans,2.0,774.01,15.0,7.0,UPI,2.0,80.0,,
ORD100948,2025-05-13,Riya Rao,30.0,MALE,Nagpur,Apparel,Men Cotton T-Shirt,2.0,1491.45,5.0,60.0,UPI,4.0,0.0,,
ORD100510,2025-06-25,Priya Reddy,39.0,m,Mumbai,Grocery,Whole Wheat Atta 5kg,4.0,117.66,5.0,7.0,Net Banking,4.0,0.0,,
ORD101393,2024-11-07,Navya Pillai,22.0,,Mumbai,Grocery,Honey 500g,1.0,,0.0,7.0,Net Banking,4.0,80.0,,
ORD101508,2025-02-25,Riya Mehta,39.0,Male,Jaipur,Home & Kitchen,Wall Clock,1.0,642.69,10.0,3.0,Debit Card,,60.0,,
ORD102394,2024-03-07,Ananya Bhat,31.0,,Kolkata,Apparel,Ethnic Saree,3.0,576.56,15.0,2.0,Credit Card,2.0,150.0,FLAT100,
ORD102290,2023-12-26,Reyansh Menon,23.0,Female,Ahmedabad,Electronics,Portable Speaker,2.0,546.59,30.0,8.0,UPI,5.0,0.0,,
ORD101331,2024-10-15,Ishaan Bhat,50.0,,Mumbai,Electronics,Wireless Mouse,2.0,1847.84,0.0,3.0,UPI,,0.0,FEST20,
ORD101309,2025-02-15,Nikhil Deshmukh,39.0,f,Kolkata,Electronics,USB-C Cable,1.0,1126.53,20.0,8.0,Credit Card,5.0,60.0,SAVE10,
ORD101877,2023-12-06,Vivaan Mehta,70.0,F,Pune,Footwear,Sandals,4.0,1162.36,15.0,9.0,UPI,4.0,0.0,,
ORD101911,2024-11-11,Vihaan Patel,19.0,,Mumbai,Beauty & Personal Care,Beard Trimmer,2.0,640.56,10.0,6.0,UPI,,60.0,,
ORD102664,2023-07-15,Reyansh Bhat,29.0,Male,Delhi,Electronics,Smartwatch Band,1.0,799.36,5.0,6.0,Credit Card,5.0,60.0,,
ORD102466,2023-10-02,Diya Agarwal,36.0,M,Pune,Footwear,Running Shoes,4.0,646.63,20.0,9.0,Credit Card,,80.0,WELCOME50,
ORD101890,2023-01-07,Diya Nair,34.0,Male ,Bengaluru,Electronics,USB-C Cable,5.0,2274.54,10.0,5.0,Net Banking,2.0,150.0,NEWUSER15,Changed Mind
ORD101929,2024-01-17,Ananya Patel,44.0,m,Surat,Electronics,LED Bulb Smart,1.0,1159.58,15.0,7.0,Cash on Delivery,4.0,80.0,SAVE10,
ORD102463,2024-06-17,Sara Shah,31.0,F,Ahmedabad,Grocery,Spices Combo Pack,3.0,609.07,50.0,9.0,Debit Card,3.0,80.0,,Late Delivery
ORD102421,2023-10-17,Riya Rao,36.0,F,Lucknow,Beauty & Personal Care,Beard Trimmer,1.0,610.54,10.0,3.0,,,40.0,NEWUSER15,
ORD100621,2024-12-09,Aarav Rao,34.0,Male,Chennai,Beauty & Personal Care,Lip Balm Pack,1.0,437.86,0.0,6.0,UPI,4.0,0.0,,
ORD101510,2023-10-31,Sneha Iyer,31.0,Male,Nagpur,Grocery,Basmati Rice 5kg,1.0,373.63,0.0,6.0,UPI,,,,
ORD101827,2025-06-15,Sai Bhat,35.0,Female,Delhi,Apparel,Kids Hoodie,1.0,1222.26,20.0,6.0,Debit Card,4.0,60.0,,
ORD101671,2023-12-07,Priya Kapoor,19.0,Female,Chandigarh,Home & Kitchen,Storage Container Set,2.0,728.85,30.0,9.0,UPI,5.0,,,
ORD101700,2023-08-30,Priya Chopra,23.0,f,Hyderabad,Footwear,Casual Sneakers,1.0,1501.05,10.0,7.0,,,,,
ORD101886,2024-08-15,Ishita Gupta,46.0,Male,Delhi,Home & Kitchen,Kitchen Organizer,1.0,1192.37,25.0,2.0,Debit Card,4.0,,,Wrong Item Delivered
ORD101200,2025-03-11,Sneha Bhat,16.0,Male,Indore,Beauty & Personal Care,Herbal Shampoo,1.0,879.28,15.0,4.0,UPI,1.0,80.0,,
ORD102719,2023-05-29,Riya Patel,31.0,Male,Mumbai,Footwear,Sandals,3.0,444.43,0.0,5.0,Credit Card,2.0,80.0,,
ORD100663,2024-11-18,Sneha Singh,29.0,f,Ahmedabad,Electronics,LED Bulb Smart,1.0,566.35,10.0,9.0,Debit Card,,0.0,,
ORD100774,2025-02-10,Pari Verma,27.0,Male,Bengaluru,Home & Kitchen,LED Table Lamp,3.0,891.25,10.0,3.0,Debit Card,4.0,0.0,,
ORD100573,2023-01-14,Aditya Shah,95.0,Male,Jaipur,Grocery,Honey 500g,2.0,339.73,15.0,5.0,UPI,5.0,0.0,,
ORD102353,2024-02-28,Kabir Joshi,34.0,,Kolkata,Grocery,Whole Wheat Atta 5kg,2.0,689.83,25.0,7.0,UPI,5.0,0.0,,
ORD102359,2023-07-09,Pooja Deshmukh,24.0,Female,Chandigarh,Beauty & Personal Care,Sunscreen SPF50,3.0,517.91,40.0,9.0,UPI,4.0,0.0,,
ORD102896,2024-08-24,Pari Verma,39.0,M,Kochi,Electronics,Bluetooth Earbuds,2.0,675.43,0.0,3.0,Credit Card,5.0,60.0,,
ORD102908,2024-10-15,Diya Kulkarni,28.0,Male,Indore,Electronics,Portable Speaker,2.0,2116.11,0.0,6.0,,3.0,0.0,,
ORD101938,2023-11-20,Ananya Nair,27.0,Female,,Electronics,Power Bank 10000mAh,4.0,1706.3,15.0,6.0,Debit Card,,0.0,,
ORD101121,2023-03-18,Ananya Menon,47.0,Male,Mumbai,Electronics,Smartwatch Band,1.0,1082.43,5.0,9.0,,3.0,60.0,,
ORD100550,2025-01-01,Reyansh Gupta,30.0,F,Delhi,Electronics,Wireless Mouse,1.0,1091.77,0.0,8.0,Debit Card,5.0,,,
ORD102554,2025-06-13,Pooja Reddy,29.0,Female,Nagpur,Electronics,Power Bank 10000mAh,5.0,1995.75,5.0,7.0,UPI,,0.0,,
ORD102020,2023-10-03,Pari Chopra,32.0,f,Kolkata,Home & Kitchen,Storage Container Set,1.0,1635.8,10.0,3.0,Debit Card,5.0,0.0,,
ORD100139,2023-11-07,Priya Joshi,28.0,Female,,Grocery,Cooking Oil 1L,3.0,569.84,0.0,4.0,,4.0,40.0,FEST20,Defective Product
ORD102057,2024-11-03,Pari Bhat,39.0,f,Lucknow,Footwear,Formal Leather Shoes,2.0,524.6,5.0,9.0,Debit Card,,100.0,,
ORD100282,2024-11-18,Arjun Shah,34.0,Male,Chandigarh,Home & Kitchen,Non-Stick Pan,1.0,1786.71,0.0,8.0,UPI,,,SAVE10,
ORD100258,2024-12-26,Navya Deshmukh,36.0,m,,Footwear,Casual Sneakers,3.0,1429.02,0.0,2.0,Credit Card,,40.0,,Wrong Item Delivered
ORD100616,2023-08-16,Priya Singh,,female,Ahmedabad,Beauty & Personal Care,Face Wash 100ml,1.0,333.92,0.0,8.0,,4.0,0.0,,
ORD101811,2024-12-19,Sneha Gupta,40.0,Female,Nagpur,Beauty & Personal Care,Body Lotion,1.0,131.41,0.0,8.0,Net Banking,5.0,40.0,,
ORD101797,2023-06-19,Riya Pillai,17.0,Male,,Apparel,Sports Track Pant,2.0,1461.25,10.0,6.0,,4.0,60.0,FLAT100,
ORD102123,2024-07-09,Kabir Reddy,33.0,Female,Mumbai,Apparel,Woolen Sweater,1.0,619.17,20.0,2.0,Debit Card,3.0,,,
ORD102132,2024-04-18,Sai Kulkarni,18.0,Male,Bengaluru,Footwear,Formal Leather Shoes,2.0,440.3,20.0,4.0,Debit Card,5.0,100.0,,
ORD100725,2023-04-17,Neha Joshi,33.0,Female,Ahmedabad,Beauty & Personal Care,Sunscreen SPF50,1.0,630.48,10.0,4.0,Debit Card,4.0,60.0,FLAT100,
ORD101636,2023-10-15,Krishna Chopra,40.0,M,Kochi,Electronics,Power Bank 10000mAh,4.0,2020.33,10.0,3.0,UPI,5.0,150.0,,
ORD102520,2024-02-08,Aarav Rao,31.0,Male,Kolkata,Footwear,Running Shoes,1.0,1041.12,15.0,3.0,Net Banking,,60.0,,
ORD100677,2023-03-18,Rohan Patel,30.0,Female,Mumbai,Electronics,Smartwatch Band,2.0,952.34,30.0,7.0,Credit Card,3.0,80.0,FLAT100,
ORD102028,2023-01-19,Diya Pillai,38.0,Female,Chennai,Home & Kitchen,Kitchen Organizer,3.0,1366.9,50.0,2.0,UPI,4.0,0.0,,
ORD101152,2024-01-28,Karan Menon,30.0,F,Mumbai,Apparel,Denim Jeans,3.0,821.91,15.0,5.0,,4.0,,,
ORD102147,2025-05-02,Krishna Reddy,31.0,m,Mumbai,Electronics,Portable Speaker,1.0,1447.42,0.0,6.0,UPI,4.0,,NEWUSER15,
ORD100055,2023-02-09,Amit Pillai,32.0,Male,Indore,Beauty & Personal Care,Beard Trimmer,4.0,580.06,0.0,5.0,Debit Card,4.0,,,
ORD102540,2024-12-17,Krishna Kapoor,43.0,f,Ahmedabad,Electronics,USB-C Cable,4.0,2489.34,25.0,5.0,Credit Card,4.0,100.0,SAVE10,
ORD102258,2024-12-14,Aadhya Patel,37.0,Male,Ahmedabad,Home & Kitchen,LED Table Lamp,2.0,1673.01,0.0,6.0,Debit Card,4.0,0.0,,
ORD101411,2024-05-26,Pooja Patel,34.0,Female,Hyderabad,Apparel,Formal Shirt,1.0,1244.39,15.0,6.0,Net Banking,5.0,,,
ORD102244,2024-10-09,Riya Menon,23.0,Male,Lucknow,Home & Kitchen,Steel Water Bottle,1.0,1581.92,30.0,45.0,UPI,5.0,0.0,,
ORD101288,2023-04-03,Pari Patel,28.0,Female,Kolkata,Electronics,Bluetooth Earbuds,2.0,1304.87,5.0,35.0,Debit Card,2.0,,,
ORD100166,2023-10-20,Pooja Pillai,30.0,Female,Chennai,Home & Kitchen,Non-Stick Pan,1.0,362.65,20.0,8.0,Credit Card,3.0,0.0,,
ORD102899,2023-07-03,Aarav Verma,31.0,Male ,Indore,Apparel,Denim Jeans,1.0,1064.27,15.0,7.0,Credit Card,4.0,,,
ORD100872,2023-04-14,Sneha Gupta,,F,Indore,Electronics,Power Bank 10000mAh,3.0,1940.96,15.0,8.0,Credit Card,4.0,,,
ORD101361,2023-03-03,Nikhil Deshmukh,32.0,M,Delhi,Home & Kitchen,Kitchen Organizer,1.0,1646.47,0.0,4.0,UPI,4.0,,,
ORD100887,2023-06-25,Pooja Joshi,21.0,Female,Hyderabad,Grocery,Spices Combo Pack,5.0,436.83,0.0,3.0,Debit Card,5.0,40.0,,
ORD100888,2023-01-15,Ishaan Singh,40.0,F,Ahmedabad,Beauty & Personal Care,Body Lotion,200.0,316.87,15.0,7.0,Net Banking,,,,
ORD102392,2024-07-16,Ananya Bhat,52.0,Female,Chandigarh,Footwear,Sandals,1.0,1999.63,5.0,8.0,UPI,5.0,60.0,FLAT100,
ORD102439,2023-03-02,Karan Kulkarni,22.0,M,Kochi,Apparel,Kids Hoodie,3.0,340.99,20.0,3.0,Credit Card,3.0,0.0,,
ORD101819,2023-09-26,Rohan Iyer,36.0,MALE,Surat,Footwear,Running Shoes,3.0,634.47,30.0,8.0,,1.0,,,
ORD102471,2023-04-01,Pooja Pillai,36.0,Female,Jaipur,Home & Kitchen,Curtain Set,2.0,941.78,5.0,9.0,Debit Card,,0.0,FLAT100,
ORD100498,2023-10-23,Vihaan Bhat,36.0,Male,Bengaluru,Beauty & Personal Care,Hair Oil 200ml,5.0,805.42,30.0,2.0,Credit Card,5.0,0.0,,
ORD100714,2025-04-18,Aditya Rao,26.0,M,Lucknow,Grocery,Basmati Rice 5kg,2.0,251.72,10.0,8.0,UPI,5.0,,FLAT100,
ORD102752,2023-12-07,Krishna Menon,31.0,F,Nagpur,Apparel,Women Kurti,1.0,862.73,20.0,5.0,,4.0,60.0,,
ORD101056,2024-02-14,Kabir Bhat,40.0,Female,Surat,Beauty & Personal Care,Hair Oil 200ml,2.0,290.17,10.0,2.0,UPI,5.0,,,
ORD102765,2024-05-02,Pari Rao,28.0,Male,Hyderabad,Beauty & Personal Care,Herbal Shampoo,1.0,864.14,5.0,4.0,Credit Card,4.0,40.0,WELCOME50,
ORD100364,2023-04-16,Rahul Deshmukh,18.0,Male,Delhi,Beauty & Personal Care,Herbal Shampoo,3.0,822.83,30.0,3.0,UPI,,0.0,,
ORD101100,2024-03-13,Myra Iyer,29.0,m,Nagpur,Grocery,Assorted Dry Fruits,1.0,136.0,0.0,7.0,Credit Card,4.0,80.0,,
ORD102331,2025-02-23,Aadhya Bhat,26.0,Male,Hyderabad,Apparel,Women Kurti,2.0,920.18,10.0,2.0,Credit Card,,80.0,,
ORD101727,2024-06-03,Ishaan Rao,39.0,M,Nagpur,Grocery,Assorted Dry Fruits,2.0,635.9,10.0,4.0,Credit Card,,80.0,,
ORD101172,2023-12-23,Priya Reddy,41.0,Female,Delhi,Apparel,Denim Jeans,2.0,468.38,0.0,9.0,UPI,4.0,80.0,,Size Issue
ORD100560,2024-05-03,Myra Verma,22.0,Male,Surat,Grocery,Basmati Rice 5kg,1.0,153.66,0.0,6.0,UPI,4.0,100.0,WELCOME50,
ORD100800,2023-01-12,Rahul Iyer,0.0,Female,Bengaluru,Home & Kitchen,Kitchen Organizer,1.0,1693.91,20.0,9.0,,5.0,80.0,,
ORD100617,2023-08-31,Aadhya Pillai,36.0,M,Indore,Grocery,Green Tea Pack,3.0,458.6,15.0,7.0,Net Banking,,60.0,,
ORD102657,2023-09-04,Pari Nair,49.0,Other,,Electronics,Smartwatch Band,4.0,907.8,0.0,2.0,,,,,
ORD100600,2024-07-15,Aditya Chopra,36.0,MALE,Mumbai,Electronics,Bluetooth Earbuds,3.0,1962.22,0.0,5.0,UPI,5.0,60.0,,
ORD100123,2024-03-05,Nikhil Gupta,20.0,F,Indore,Home & Kitchen,LED Table Lamp,1.0,679.63,0.0,6.0,Debit Card,,,,
ORD101597,2024-10-22,Aditya Patel,25.0,Male,Mumbai,Home & Kitchen,Steel Water Bottle,2.0,329.68,10.0,9.0,Credit Card,5.0,100.0,,
ORD100334,2024-02-24,Pari Shah,15.0,M,Kolkata,Beauty & Personal Care,Face Wash 100ml,1.0,703.8,0.0,6.0,Debit Card,5.0,,WELCOME50,
ORD101857,2024-06-16,Neha Reddy,41.0,Male,Lucknow,Apparel,Formal Shirt,4.0,1388.28,5.0,9.0,UPI,5.0,0.0,,
ORD102894,2023-08-26,Vivaan Patel,36.0,Female,Mumbai,Grocery,Basmati Rice 5kg,3.0,119.54,40.0,4.0,Credit Card,3.0,,FLAT100,
ORD100304,2024-05-09,Ishaan Shah,38.0,F,,Grocery,Spices Combo Pack,1.0,620.87,50.0,6.0,Credit Card,,0.0,,
ORD102549,2023-04-27,Kabir Gupta,27.0,Other,Lucknow,Beauty & Personal Care,Beard Trimmer,1.0,113.57,20.0,9.0,Debit Card,,0.0,,Size Issue
ORD100980,2024-06-21,Pooja Reddy,,,Bengaluru,Home & Kitchen,Wall Clock,1.0,205.53,0.0,6.0,Net Banking,4.0,100.0,,
ORD101688,2025-05-05,Kabir Joshi,120.0,Male,Jaipur,Beauty & Personal Care,Beard Trimmer,3.0,288.47,50.0,6.0,Cash on Delivery,,40.0,,Wrong Item Delivered
ORD102694,2023-10-21,Ishaan Kapoor,29.0,M,Nagpur,Footwear,Formal Leather Shoes,1.0,2116.15,15.0,3.0,Credit Card,,100.0,,
ORD102800,2024-12-13,Aadhya Reddy,49.0,Male,Lucknow,Beauty & Personal Care,Perfume 50ml,200.0,899.68,10.0,2.0,UPI,,,,
ORD100918,2023-12-08,Aditya Deshmukh,32.0,Female,,Beauty & Personal Care,Perfume 50ml,4.0,769.66,5.0,7.0,Debit Card,5.0,,,
ORD101079,2025-01-31,Ishita Gupta,38.0,M,Ahmedabad,Electronics,LED Bulb Smart,2.0,661.39,5.0,3.0,UPI,5.0,40.0,SAVE10,
ORD100192,2024-07-07,Sneha Sharma,30.0,Female,Indore,Footwear,Sandals,2.0,1336.71,0.0,60.0,UPI,,150.0,,
ORD100581,2025-01-29,Navya Reddy,53.0,MALE,Chandigarh,Electronics,Power Bank 10000mAh,1.0,13252.277639166692,0.0,2.0,Credit Card,,0.0,,
ORD102325,2025-01-19,Vivaan Gupta,,M,Ahmedabad,Apparel,Men Cotton T-Shirt,4.0,,15.0,8.0,Debit Card,3.0,60.0,,
ORD101616,2024-12-24,Aarav Gupta,,F,Lucknow,Electronics,Smartwatch Band,1.0,1330.04,15.0,9.0,Debit Card,4.0,60.0,,
ORD101274,2024-11-07,Kabir Bhat,32.0,F,Nagpur,Grocery,Basmati Rice 5kg,3.0,475.26,25.0,8.0,Debit Card,,,NEWUSER15,
ORD101284,2023-12-14,Navya Kulkarni,29.0,Male,Surat,Electronics,USB-C Cable,3.0,573.62,10.0,8.0,Credit Card,5.0,,,
ORD101194,2024-04-24,Anika Agarwal,15.0,F,Kochi,Apparel,Kids Hoodie,4.0,1405.51,20.0,6.0,,3.0,0.0,FLAT100,
ORD100828,2025-02-25,Vihaan Verma,15.0,M,Mumbai,Beauty & Personal Care,Perfume 50ml,1.0,450.84,5.0,4.0,,5.0,100.0,,
ORD100991,2024-05-15,Vihaan Mehta,26.0,Female,Bengaluru,Grocery,Spices Combo Pack,3.0,134.45,0.0,5.0,Debit Card,3.0,80.0,,
ORD101197,2025-06-13,Pooja Bhat,25.0,Male,Pune,Home & Kitchen,Steel Water Bottle,1.0,313.54,5.0,8.0,UPI,4.0,0.0,WELCOME50,Changed Mind
ORD101195,2024-07-31,Navya Singh,36.0,Other,Kochi,Grocery,Basmati Rice 5kg,2.0,428.48,0.0,8.0,Net Banking,5.0,,,
ORD101824,2024-12-04,Nikhil Reddy,37.0,Female,Indore,Grocery,Cooking Oil 1L,2.0,302.87,20.0,4.0,,5.0,0.0,,
ORD101879,2023-04-02,Amit Joshi,35.0,F,Jaipur,Apparel,Men Cotton T-Shirt,2.0,803.5,25.0,6.0,UPI,3.0,,,
ORD101861,2023-09-27,Riya Pillai,25.0,m,Ahmedabad,Beauty & Personal Care,Herbal Shampoo,3.0,463.18,30.0,35.0,Net Banking,3.0,100.0,,
ORD101350,2023-02-24,Aditya Deshmukh,29.0,F,Pune,Electronics,Portable Speaker,1.0,2398.73,15.0,8.0,UPI,2.0,,NEWUSER15,
ORD101527,2023-05-06,Ishaan Shah,40.0,m,Indore,Apparel,Formal Shirt,4.0,379.41,5.0,4.0,,5.0,,SAVE10,
ORD101558,2025-06-25,Rahul Nair,32.0,F,Chandigarh,Beauty & Personal Care,Body Lotion,1.0,603.83,0.0,7.0,,4.0,80.0,,
ORD102419,2024-01-17,Vihaan Shah,,MALE,Nagpur,Electronics,Bluetooth Earbuds,2.0,2167.98,10.0,3.0,Debit Card,5.0,0.0,NEWUSER15,Late Delivery
ORD102253,2024-04-01,Rahul Verma,22.0,Male,,Apparel,Sports Track Pant,1.0,589.21,20.0,7.0,UPI,5.0,,NEWUSER15,
ORD100409,2024-10-25,Reyansh Mehta,38.0,,Ahmedabad,Apparel,Formal Shirt,1.0,604.47,20.0,8.0,Net Banking,4.0,,FLAT100,
ORD100675,2024-10-23,Karan Joshi,44.0,Female,Jaipur,Beauty & Personal Care,Face Wash 100ml,1.0,326.26,25.0,6.0,UPI,4.0,,,
ORD100297,2023-11-21,Riya Pillai,27.0,Female,Kochi,Beauty & Personal Care,Hair Oil 200ml,1.0,536.79,0.0,5.0,Cash on Delivery,,150.0,SAVE10,
ORD100925,2025-05-11,Rohan Bhat,38.0,M,Lucknow,Electronics,USB-C Cable,2.0,1150.36,0.0,7.0,Debit Card,,,FEST20,
ORD100022,2023-06-16,Aditya Pillai,32.0,f,,Apparel,Woolen Sweater,1.0,685.35,15.0,8.0,UPI,4.0,0.0,,
ORD102074,2024-09-26,Anika Rao,27.0,Male,Bengaluru,Home & Kitchen,Cotton Bedsheet Set,1.0,1104.71,25.0,4.0,Net Banking,,,FLAT100,
ORD102374,2024-09-28,Priya Sharma,41.0,m,Chennai,Beauty & Personal Care,Sunscreen SPF50,1.0,462.28,20.0,5.0,Credit Card,3.0,80.0,,
ORD100728,2024-03-20,Anika Kulkarni,28.0,Male ,Chennai,Beauty & Personal Care,Lip Balm Pack,2.0,192.89,0.0,4.0,Cash on Delivery,5.0,,,
ORD101621,2023-01-04,Reyansh Agarwal,22.0,f,Surat,Electronics,Smartphone Cover,1.0,1885.26,30.0,8.0,Credit Card,4.0,0.0,,
ORD101346,2025-02-18,Pari Patel,38.0,F,Surat,Beauty & Personal Care,Beard Trimmer,1.0,764.44,15.0,3.0,Cash on Delivery,3.0,80.0,,
ORD101307,2023-08-05,Vivaan Gupta,38.0,,Indore,Beauty & Personal Care,Herbal Shampoo,1.0,683.11,0.0,7.0,Debit Card,,,,
ORD100893,2025-06-11,Amit Kapoor,37.0,m,Chandigarh,Apparel,Kids Hoodie,3.0,780.51,30.0,9.0,Credit Card,2.0,60.0,,
ORD100671,2024-10-14,Krishna Rao,36.0,Female,Ahmedabad,Apparel,Men Cotton T-Shirt,1.0,1179.11,15.0,3.0,Cash on Delivery,,,FEST20,
ORD101672,2024-10-11,Reyansh Bhat,28.0,Male,Kochi,Apparel,Formal Shirt,2.0,1329.55,15.0,9.0,Debit Card,,0.0,,
ORD101199,2024-12-25,Ananya Joshi,43.0,Female,Pune,Electronics,Smartwatch Band,4.0,1736.73,5.0,6.0,Net Banking,5.0,0.0,,
ORD100181,2023-05-19,Rahul Agarwal,31.0,Male,Hyderabad,Beauty & Personal Care,Lip Balm Pack,1.0,752.18,0.0,8.0,Credit Card,,,,
ORD101749,2024-10-17,Anika Deshmukh,23.0,f,Hyderabad,Electronics,Bluetooth Earbuds,5.0,,0.0,5.0,UPI,,80.0,,Defective Product
ORD102957,2024-03-19,Kavya Nair,33.0,,Kolkata,Beauty & Personal Care,Face Wash 100ml,1.0,460.27,25.0,9.0,Credit Card,,0.0,FLAT100,
ORD100293,2023-10-30,Vihaan Menon,35.0,f,Indore,Home & Kitchen,Storage Container Set,2.0,546.8,20.0,9.0,UPI,5.0,60.0,,
ORD100201,2025-04-07,Diya Iyer,24.0,Male ,Indore,Home & Kitchen,Cotton Bedsheet Set,2.0,1130.79,0.0,3.0,Debit Card,,80.0,,
ORD102142,2025-05-26,Sai Kulkarni,15.0,Male,,Footwear,Casual Sneakers,4.0,1519.44,10.0,7.0,Debit Card,5.0,150.0,,
ORD100126,2023-03-14,Aadhya Menon,32.0,M,Delhi,Beauty & Personal Care,Beard Trimmer,1.0,693.11,50.0,4.0,Cash on Delivery,2.0,60.0,,
ORD100531,2023-05-31,Rohan Verma,105.0,Female,Chennai,Home & Kitchen,Cotton Bedsheet Set,2.0,672.07,10.0,5.0,Net Banking,,,,
ORD101431,2023-06-18,Karan Verma,46.0,,Pune,Footwear,Sandals,1.0,766.21,40.0,7.0,Credit Card,5.0,80.0,,
ORD100199,2025-05-26,Pari Nair,31.0,MALE,Pune,Home & Kitchen,Cotton Bedsheet Set,1.0,1460.95,0.0,9.0,Debit Card,,80.0,,
ORD101497,2023-01-01,Krishna Singh,44.0,Female,,Grocery,Whole Wheat Atta 5kg,1.0,506.12,25.0,7.0,Credit Card,3.0,100.0,,
ORD102206,2023-05-03,Rohan Singh,37.0,F,Chandigarh,Electronics,LED Bulb Smart,1.0,2294.93,10.0,8.0,UPI,5.0,,FEST20,
ORD101992,2023-09-19,Aadhya Mehta,23.0,Male,Jaipur,Electronics,Power Bank 10000mAh,4.0,1269.8,0.0,9.0,UPI,,60.0,,
ORD100692,2025-04-28,Ishaan Pillai,24.0,F,Pune,Apparel,Women Kurti,2.0,926.73,15.0,5.0,Debit Card,5.0,,,
ORD100934,2024-02-08,Kavya Sharma,44.0,Male,Indore,Apparel,Denim Jeans,4.0,568.74,10.0,5.0,Net Banking,5.0,,,Late Delivery
ORD100686,2024-01-06,Priya Pillai,23.0,Female,Hyderabad,Beauty & Personal Care,Perfume 50ml,2.0,210.75,0.0,8.0,Net Banking,5.0,,SAVE10,
ORD100817,2023-04-07,Karan Menon,51.0,Male,Chennai,Electronics,Wireless Mouse,1.0,1860.71,25.0,7.0,Credit Card,4.0,,,
ORD100216,2023-03-14,Amit Verma,25.0,Female,Lucknow,Apparel,Formal Shirt,2.0,1445.33,5.0,6.0,UPI,4.0,,SAVE10,
ORD102844,2024-02-21,Sai Singh,99.0,Female,Nagpur,Footwear,Sandals,4.0,,30.0,8.0,Credit Card,5.0,60.0,SAVE10,
ORD101277,2024-12-05,Amit Kulkarni,32.0,F,Ahmedabad,Grocery,Assorted Dry Fruits,1.0,528.09,25.0,6.0,Credit Card,3.0,150.0,,
ORD100152,2025-04-15,Vihaan Agarwal,51.0,F,Mumbai,Apparel,Women Kurti,3.0,1025.29,0.0,5.0,Credit Card,3.0,,WELCOME50,
ORD102438,2025-02-08,Rohan Singh,34.0,F,,Apparel,Women Kurti,1.0,1032.04,15.0,4.0,Credit Card,4.0,0.0,,
ORD101841,2023-03-30,Pari Reddy,35.0,Male,Kochi,Electronics,Wireless Mouse,4.0,869.94,5.0,6.0,UPI,5.0,0.0,,
ORD102124,2023-12-03,Aarav Kapoor,18.0,Male,Lucknow,Footwear,Flip Flops,1.0,1783.73,20.0,6.0,UPI,5.0,,,
ORD100965,2024-01-26,Amit Shah,35.0,Female,Kolkata,Grocery,Whole Wheat Atta 5kg,2.0,476.69,5.0,6.0,Credit Card,1.0,0.0,FEST20,
ORD100478,2024-08-27,Diya Bhat,22.0,Male,Surat,Apparel,Ethnic Saree,3.0,392.09,25.0,3.0,Credit Card,,40.0,,
ORD101282,2023-12-25,Pooja Iyer,31.0,Male,Chennai,Electronics,Smartphone Cover,3.0,1439.54,20.0,3.0,Credit Card,,150.0,,
ORD101604,2023-04-24,Amit Gupta,99.0,,Kolkata,Footwear,Formal Leather Shoes,5.0,2104.38,20.0,3.0,Debit Card,5.0,0.0,WELCOME50,
ORD102060,2025-03-25,Karan Nair,45.0,F,Bengaluru,Footwear,Casual Sneakers,1.0,1919.86,0.0,2.0,Credit Card,,60.0,,
ORD101666,2024-11-15,Krishna Reddy,28.0,MALE,Lucknow,Grocery,Instant Noodles Pack,1.0,296.71,0.0,8.0,,4.0,60.0,FEST20,
ORD102865,2023-02-02,Anika Menon,27.0,F,Ahmedabad,Electronics,USB-C Cable,5.0,759.1,-25.0,2.0,,5.0,60.0,,
ORD101150,2023-12-03,Nikhil Sharma,34.0,M,Ahmedabad,Footwear,Running Shoes,1.0,1388.93,5.0,8.0,UPI,5.0,0.0,,Wrong Item Delivered
ORD100812,2024-09-15,Vihaan Agarwal,47.0,,Pune,Electronics,USB-C Cable,2.0,644.69,0.0,6.0,UPI,5.0,80.0,,
ORD102740,2023-06-19,Aadhya Verma,39.0,Female,Surat,Home & Kitchen,Cotton Bedsheet Set,120.0,1376.78,15.0,5.0,UPI,5.0,,,
ORD101554,2024-02-22,Karan Mehta,36.0,Male ,Delhi,Beauty & Personal Care,Perfume 50ml,4.0,594.81,20.0,4.0,,4.0,,,
ORD100250,2024-11-11,Rohan Gupta,35.0,,Chandigarh,Beauty & Personal Care,Perfume 50ml,1.0,849.73,20.0,8.0,Cash on Delivery,,,,
ORD100843,2023-02-02,Aditya Patel,28.0,Male,Kochi,Footwear,Running Shoes,1.0,1970.01,20.0,4.0,UPI,1.0,,FLAT100,
ORD102420,2023-12-06,Rahul Iyer,27.0,Male,Ahmedabad,Apparel,Men Cotton T-Shirt,1.0,934.34,5.0,4.0,Net Banking,5.0,100.0,,
ORD101264,2023-08-06,Sai Menon,15.0,Male,Indore,Grocery,Cooking Oil 1L,1.0,311.36,15.0,9.0,Credit Card,5.0,0.0,,Quality Not as Expected
ORD101008,2024-10-30,Reyansh Reddy,40.0,Male,Pune,Grocery,Spices Combo Pack,4.0,317.17,30.0,5.0,UPI,3.0,,,
ORD100327,2023-02-04,Krishna Joshi,40.0,Male,Nagpur,Home & Kitchen,LED Table Lamp,1.0,1143.84,30.0,3.0,,2.0,0.0,,
ORD100967,2023-10-16,Vihaan Rao,37.0,Female,,Footwear,Casual Sneakers,4.0,1142.47,5.0,5.0,UPI,4.0,60.0,,
ORD100949,2023-01-11,Vivaan Bhat,37.0,Female,Pune,Grocery,Honey 500g,2.0,477.69,-10.0,4.0,UPI,,40.0,,
ORD102352,2023-10-17,Ishita Menon,35.0,Female,Kolkata,Apparel,Sports Track Pant,4.0,1050.84,5.0,4.0,Debit Card,,,WELCOME50,
ORD100972,2024-03-10,Nikhil Kulkarni,28.0,Female,Bengaluru,Electronics,Portable Speaker,1.0,2167.93,5.0,6.0,UPI,4.0,80.0,,
ORD101896,2024-11-13,Kavya Rao,33.0,,Bengaluru,Footwear,Flip Flops,1.0,1098.9,20.0,7.0,Credit Card,3.0,,FEST20,
ORD100187,2024-10-25,Sara Verma,24.0,m,Ahmedabad,Apparel,Ethnic Saree,4.0,1003.51,0.0,8.0,,,,FEST20,
ORD100246,2024-11-21,Riya Reddy,47.0,F,Indore,Apparel,Woolen Sweater,2.0,882.06,10.0,5.0,Credit Card,,0.0,SAVE10,Late Delivery
ORD102423,2023-01-09,Neha Singh,41.0,Female,Bengaluru,Grocery,Instant Noodles Pack,2.0,327.8,25.0,9.0,UPI,3.0,,,
ORD102535,2025-06-10,Arjun Pillai,15.0,Male,Chennai,Electronics,Power Bank 10000mAh,3.0,2447.53,10.0,6.0,Credit Card,5.0,60.0,,Defective Product
ORD102950,2023-10-19,Navya Mehta,51.0,Male,Chennai,Electronics,Smartphone Cover,3.0,593.15,10.0,5.0,,4.0,40.0,FEST20,Defective Product
ORD102146,2024-12-19,Pari Nair,26.0,F,Chandigarh,Footwear,Flip Flops,1.0,1136.21,25.0,5.0,Debit Card,,,,Wrong Item Delivered
ORD102350,2024-05-05,Amit Deshmukh,22.0,Male,Indore,Beauty & Personal Care,Lip Balm Pack,4.0,416.82,10.0,9.0,Net Banking,4.0,60.0,WELCOME50,
ORD101326,2023-12-12,Priya Menon,24.0,MALE,Mumbai,Home & Kitchen,Curtain Set,1.0,441.75,5.0,7.0,Net Banking,4.0,60.0,,
ORD102076,2024-02-28,Aarav Sharma,32.0,m,Mumbai,Apparel,Ethnic Saree,3.0,1016.7,0.0,8.0,UPI,3.0,,,
ORD100283,2024-03-23,Aadhya Rao,43.0,female,Delhi,Beauty & Personal Care,Beard Trimmer,1.0,440.75,5.0,4.0,Net Banking,1.0,0.0,,
ORD101950,2025-04-13,Arjun Singh,56.0,Female,Mumbai,Electronics,Smartphone Cover,4.0,2465.33,20.0,6.0,UPI,5.0,,,
ORD100157,2024-05-22,Aarav Sharma,55.0,F,Kolkata,Beauty & Personal Care,Lip Balm Pack,1.0,263.77,25.0,5.0,Net Banking,,,,
ORD101144,2024-01-16,Nikhil Menon,21.0,Male,Mumbai,Apparel,Kids Hoodie,3.0,1200.98,15.0,2.0,Credit Card,,,,
ORD101505,2023-11-02,Ananya Kapoor,20.0,f,,Beauty & Personal Care,Perfume 50ml,4.0,228.35,5.0,2.0,Cash on Delivery,4.0,0.0,,
ORD100903,2025-03-16,Sneha Shah,23.0,Male,Chandigarh,Home & Kitchen,Steel Water Bottle,2.0,569.88,5.0,5.0,Credit Card,2.0,100.0,,Changed Mind
ORD101345,2023-11-05,Arjun Joshi,38.0,Female,Lucknow,Apparel,Men Cotton T-Shirt,2.0,433.37,0.0,2.0,Debit Card,3.0,,,
ORD101269,2024-12-10,Vivaan Gupta,15.0,Female,Indore,Beauty & Personal Care,Body Lotion,2.0,249.92,5.0,9.0,UPI,,0.0,,
ORD102426,2023-05-24,Aadhya Deshmukh,43.0,F,Pune,Footwear,Sandals,4.0,954.27,15.0,7.0,Debit Card,,100.0,WELCOME50,
ORD100975,2023-07-25,Amit Kapoor,28.0,Other,Bengaluru,Beauty & Personal Care,Hair Oil 200ml,1.0,197.57,15.0,9.0,,,,,Quality Not as Expected
ORD102188,2024-02-25,Vihaan Nair,30.0,M,,Grocery,Honey 500g,2.0,307.07,20.0,2.0,Debit Card,5.0,0.0,,
ORD101645,2024-12-26,Pari Kapoor,44.0,Male,Chandigarh,Home & Kitchen,LED Table Lamp,1.0,227.08,0.0,6.0,Credit Card,4.0,,,
ORD101679,2023-01-19,Vihaan Singh,28.0,Male,Pune,Home & Kitchen,Non-Stick Pan,2.0,850.39,0.0,6.0,,4.0,40.0,,
ORD102196,2023-09-22,Arjun Bhat,42.0,Female,Nagpur,Electronics,USB-C Cable,1.0,829.75,15.0,6.0,Credit Card,2.0,0.0,SAVE10,
ORD100122,2024-08-19,Karan Pillai,38.0,Male,Pune,Electronics,LED Bulb Smart,1.0,1703.79,0.0,4.0,UPI,,,,
ORD102977,2025-03-27,Neha Iyer,15.0,Female,Chennai,Footwear,Sandals,3.0,2141.76,0.0,7.0,Net Banking,,40.0,,Quality Not as Expected
ORD101072,2024-10-23,Diya Kulkarni,30.0,female,Indore,Grocery,Basmati Rice 5kg,2.0,587.89,0.0,4.0,UPI,4.0,60.0,,Changed Mind
ORD101534,2025-01-13,Rohan Kulkarni,21.0,Male,Lucknow,Footwear,Running Shoes,5.0,2031.84,0.0,4.0,UPI,4.0,,FLAT100,Late Delivery
ORD101304,2024-07-10,Aditya Deshmukh,38.0,Female,,Grocery,Spices Combo Pack,1.0,400.65,10.0,5.0,Cash on Delivery,3.0,60.0,,
ORD102472,2024-01-13,Kavya Shah,21.0,F,Mumbai,Apparel,Denim Jeans,1.0,1421.12,5.0,5.0,Debit Card,3.0,,,
ORD102842,2024-11-27,Anika Gupta,54.0,Female,Chandigarh,Apparel,Denim Jeans,1.0,972.01,30.0,2.0,UPI,3.0,,FEST20,Quality Not as Expected
ORD100417,2023-04-21,Kabir Sharma,30.0,Male,Pune,Electronics,USB-C Cable,1.0,1522.04,20.0,4.0,Debit Card,4.0,60.0,,
ORD102530,2023-12-17,Pari Nair,26.0,Female,Kolkata,Grocery,Whole Wheat Atta 5kg,3.0,301.97,0.0,9.0,Debit Card,,60.0,,
ORD100869,2023-02-06,Sara Singh,43.0,M,Pune,Beauty & Personal Care,Sunscreen SPF50,3.0,418.31,15.0,5.0,UPI,,,,
ORD102780,2023-10-11,Aadhya Reddy,34.0,F,Chandigarh,Footwear,Running Shoes,2.0,559.12,15.0,9.0,Credit Card,,,,Defective Product
ORD101030,2024-10-23,Myra Agarwal,23.0,F,Mumbai,Electronics,Bluetooth Earbuds,3.0,2068.4,25.0,4.0,Net Banking,1.0,80.0,,
ORD100028,2024-05-11,Sara Kulkarni,29.0,Male,,Apparel,Ethnic Saree,2.0,347.83,10.0,6.0,,,,NEWUSER15,Quality Not as Expected
ORD102674,2025-04-28,Krishna Joshi,52.0,M,Jaipur,Apparel,Kids Hoodie,4.0,422.91,5.0,2.0,Credit Card,,40.0,,
ORD100756,2024-11-02,Karan Deshmukh,36.0,F,Delhi,Beauty & Personal Care,Face Wash 100ml,2.0,306.69,5.0,2.0,UPI,,,NEWUSER15,
ORD101998,2023-10-11,Aarav Kapoor,40.0,F,,Grocery,Instant Noodles Pack,3.0,,5.0,4.0,UPI,2.0,0.0,,
ORD101701,2023-06-12,Reyansh Mehta,29.0,F,Kochi,Apparel,Denim Jeans,2.0,931.97,10.0,8.0,UPI,2.0,,,
ORD101542,2023-03-22,Nikhil Iyer,39.0,f,Nagpur,Apparel,Woolen Sweater,1.0,9356.57478208188,40.0,6.0,UPI,3.0,,SAVE10,
ORD101156,2023-04-20,Rahul Chopra,41.0,M,Kochi,Grocery,Assorted Dry Fruits,1.0,581.21,5.0,6.0,Credit Card,3.0,40.0,,
ORD101108,2025-05-06,Rahul Pillai,49.0,M,Chandigarh,Beauty & Personal Care,Lip Balm Pack,1.0,580.03,15.0,3.0,UPI,5.0,100.0,NEWUSER15,Size Issue
ORD100067,2023-12-04,Sai Sharma,60.0,f,Chandigarh,Beauty & Personal Care,Face Wash 100ml,1.0,602.13,10.0,8.0,UPI,3.0,80.0,,
ORD102296,2023-06-02,Riya Kapoor,22.0,Male,Chandigarh,Electronics,Smartphone Cover,4.0,1263.99,20.0,7.0,Debit Card,4.0,,NEWUSER15,
ORD100332,2024-11-24,Kabir Reddy,34.0,Female,Kochi,Home & Kitchen,Kitchen Organizer,1.0,1285.52,0.0,9.0,Net Banking,5.0,40.0,,
ORD101592,2023-10-04,Diya Sharma,21.0,Male,Bengaluru,Footwear,Sandals,5.0,1794.5,0.0,5.0,Debit Card,4.0,40.0,,
ORD100336,2025-05-27,Pooja Patel,34.0,F,Mumbai,Apparel,Denim Jeans,1.0,452.97,5.0,9.0,,,0.0,SAVE10,Late Delivery
ORD100912,2023-12-09,Neha Menon,30.0,Male,Delhi,Grocery,Whole Wheat Atta 5kg,3.0,407.55,0.0,3.0,UPI,1.0,60.0,,
ORD101575,2023-10-18,Rohan Kapoor,30.0,F,Kochi,Apparel,Formal Shirt,5.0,1411.44,10.0,5.0,UPI,5.0,,,
ORD101536,2023-05-20,Vihaan Reddy,27.0,,,Footwear,Sandals,1.0,1093.71,5.0,9.0,Cash on Delivery,,0.0,,
ORD102185,2024-11-22,Arjun Nair,42.0,M,Bengaluru,Apparel,Ethnic Saree,4.0,978.77,25.0,7.0,UPI,5.0,0.0,,
ORD100472,2023-01-05,Karan Chopra,42.0,F,Nagpur,Beauty & Personal Care,Body Lotion,5.0,733.8,15.0,3.0,Debit Card,3.0,80.0,FLAT100,
ORD100901,2023-02-08,Vivaan Singh,33.0,Female,Jaipur,Home & Kitchen,LED Table Lamp,4.0,1493.09,10.0,7.0,Credit Card,2.0,150.0,,
ORD101406,2023-11-13,Kabir Rao,41.0,Male,Bengaluru,Apparel,Woolen Sweater,1.0,504.56,30.0,6.0,UPI,,40.0,SAVE10,
ORD100865,2024-09-27,Ishita Chopra,37.0,Female,Kolkata,Grocery,Green Tea Pack,3.0,334.36,40.0,3.0,Credit Card,5.0,,SAVE10,
ORD101535,2024-10-12,Reyansh Deshmukh,22.0,f,Hyderabad,Apparel,Denim Jeans,1.0,537.55,25.0,9.0,Net Banking,5.0,0.0,,
ORD100884,2023-12-20,Kavya Agarwal,32.0,Female,Hyderabad,Grocery,Spices Combo Pack,1.0,177.48,0.0,4.0,Cash on Delivery,4.0,,FEST20,
ORD100477,2023-10-04,Ishaan Agarwal,38.0,Female,Bengaluru,Beauty & Personal Care,Body Lotion,1.0,523.53,5.0,9.0,,5.0,0.0,,
ORD101329,2023-11-08,Diya Nair,28.0,Male,Kolkata,Electronics,Smartwatch Band,3.0,978.49,10.0,8.0,Credit Card,,,,
ORD101566,2025-06-01,Sneha Mehta,37.0,Female,Delhi,Footwear,Flip Flops,-5.0,2123.69,5.0,4.0,UPI,4.0,0.0,,
ORD101342,2023-04-19,Ananya Joshi,32.0,Male ,Bengaluru,Apparel,Women Kurti,2.0,699.01,15.0,4.0,UPI,,,,
ORD100741,2024-11-25,Ishaan Shah,34.0,Male,Lucknow,Home & Kitchen,Cotton Bedsheet Set,1.0,1256.3,15.0,4.0,,4.0,,,
ORD102813,2025-05-28,Krishna Pillai,27.0,Male,Lucknow,Beauty & Personal Care,Body Lotion,2.0,351.61,30.0,6.0,Cash on Delivery,3.0,100.0,,
ORD101340,2024-05-01,Navya Verma,42.0,Female,Mumbai,Grocery,Cooking Oil 1L,2.0,369.45,20.0,5.0,Credit Card,,40.0,,
ORD102665,2024-05-03,Aadhya Joshi,26.0,Female,Hyderabad,Electronics,Bluetooth Earbuds,1.0,847.96,20.0,4.0,Cash on Delivery,,0.0,,
ORD100132,2023-03-24,Myra Joshi,38.0,Female,Chennai,Home & Kitchen,Storage Container Set,1.0,900.86,0.0,6.0,Net Banking,,0.0,,
ORD102818,2023-04-27,Sai Singh,48.0,Male,Hyderabad,Home & Kitchen,Storage Container Set,1.0,1137.58,50.0,4.0,UPI,4.0,,,
ORD102216,2024-02-15,Aadhya Chopra,35.0,MALE,Jaipur,Electronics,Power Bank 10000mAh,3.0,627.21,0.0,4.0,Credit Card,,60.0,,
ORD100981,2024-10-23,Rohan Shah,47.0,Male,Chennai,Grocery,Assorted Dry Fruits,4.0,559.78,0.0,8.0,Cash on Delivery,,100.0,,
ORD101233,2024-11-14,Reyansh Pillai,46.0,F,Indore,Electronics,Bluetooth Earbuds,1.0,2349.47,30.0,9.0,Credit Card,4.0,60.0,FLAT100,Quality Not as Expected
ORD102090,2025-03-19,Vivaan Gupta,20.0,MALE,Chennai,Beauty & Personal Care,Beard Trimmer,3.0,621.94,10.0,8.0,Net Banking,,,FLAT100,
ORD101628,2024-10-14,Rahul Chopra,32.0,m,Hyderabad,Electronics,Smartphone Cover,1.0,,25.0,4.0,Credit Card,2.0,,,
ORD102288,2023-01-02,Sara Iyer,26.0,M,,Electronics,USB-C Cable,1.0,1089.47,40.0,7.0,,3.0,40.0,,
ORD101756,2023-11-14,Ishaan Agarwal,35.0,,Delhi,Grocery,Honey 500g,4.0,414.83,0.0,5.0,Credit Card,5.0,60.0,,
ORD102508,2024-01-07,Rahul Pillai,38.0,Male,Ahmedabad,Grocery,Honey 500g,3.0,242.71,20.0,5.0,UPI,,60.0,WELCOME50,
ORD101149,2023-10-04,Sneha Joshi,46.0,Female,Ahmedabad,Electronics,Bluetooth Earbuds,4.0,1928.06,20.0,5.0,Debit Card,4.0,,,
ORD102630,2025-05-02,Vivaan Iyer,47.0,Male,Kochi,Electronics,LED Bulb Smart,2.0,,15.0,8.0,Credit Card,4.0,,,Size Issue
ORD102595,2023-06-01,Rahul Nair,39.0,F,Hyderabad,Electronics,LED Bulb Smart,2.0,923.71,0.0,5.0,,,150.0,,
ORD102564,2023-01-12,Ishita Menon,37.0,M,Delhi,Electronics,Portable Speaker,3.0,1785.4,15.0,4.0,Credit Card,4.0,,NEWUSER15,
ORD100256,2024-01-15,Vihaan Deshmukh,41.0,Female,Lucknow,Footwear,Sandals,3.0,977.64,0.0,3.0,Net Banking,1.0,,,
ORD100633,2023-01-17,Arjun Joshi,15.0,MALE,Ahmedabad,Beauty & Personal Care,Beard Trimmer,1.0,829.02,15.0,5.0,Credit Card,4.0,,,
ORD102445,2025-03-25,Aadhya Singh,41.0,Male ,Mumbai,Beauty & Personal Care,Herbal Shampoo,2.0,429.06,5.0,6.0,Cash on Delivery,,0.0,FEST20,
ORD100777,2023-04-18,Anika Gupta,37.0,Female,Bengaluru,Footwear,Casual Sneakers,2.0,465.79,40.0,3.0,UPI,5.0,0.0,NEWUSER15,
ORD102405,2023-12-22,Aditya Mehta,34.0,F,Pune,Grocery,Basmati Rice 5kg,2.0,251.23,15.0,5.0,Credit Card,5.0,,,
ORD100557,2025-03-08,Navya Reddy,55.0,Male,Surat,Footwear,Casual Sneakers,3.0,680.54,10.0,2.0,UPI,,80.0,,
ORD102815,2023-03-27,Riya Sharma,41.0,female,Chennai,Electronics,Smartwatch Band,5.0,804.0,0.0,8.0,Credit Card,4.0,100.0,,
ORD101985,2024-12-24,Amit Joshi,35.0,Female,Pune,Home & Kitchen,Steel Water Bottle,1.0,580.08,10.0,7.0,Credit Card,,0.0,,
ORD100261,2023-06-05,Vivaan Kapoor,25.0,M,Surat,Grocery,Whole Wheat Atta 5kg,2.0,336.66,0.0,2.0,,,80.0,SAVE10,
ORD102447,2024-01-15,Sneha Kulkarni,37.0,,Chandigarh,Home & Kitchen,Kitchen Organizer,1.0,1191.07,20.0,6.0,Debit Card,,,,
ORD102468,2023-11-16,Ishaan Chopra,48.0,M,Chandigarh,Beauty & Personal Care,Beard Trimmer,2.0,789.8,0.0,2.0,Debit Card,,,,Quality Not as Expected
ORD101889,2024-02-14,Pooja Bhat,47.0,Female,Hyderabad,Grocery,Cooking Oil 1L,1.0,296.17,20.0,3.0,Net Banking,4.0,,,
ORD102071,2024-01-11,Ishaan Reddy,42.0,F,Lucknow,Home & Kitchen,Storage Container Set,2.0,737.48,20.0,9.0,Net Banking,,80.0,,
ORD102464,2024-02-27,Myra Verma,20.0,M,Bengaluru,Apparel,Ethnic Saree,4.0,436.33,10.0,3.0,UPI,3.0,0.0,,
ORD100208,2024-10-15,Aadhya Kapoor,15.0,Male,Nagpur,Home & Kitchen,Kitchen Organizer,1.0,1008.55,15.0,3.0,Credit Card,,0.0,,
ORD102708,2024-10-27,Navya Rao,43.0,Female,Kochi,Footwear,Sandals,4.0,1548.41,5.0,7.0,UPI,4.0,60.0,FLAT100,
ORD101913,2024-11-23,Anika Shah,47.0,M,Delhi,Electronics,USB-C Cable,2.0,2404.03,5.0,7.0,UPI,2.0,,FLAT100,
ORD101606,2023-05-15,Neha Deshmukh,34.0,Female,Indore,Grocery,Assorted Dry Fruits,1.0,157.02,25.0,8.0,Net Banking,4.0,0.0,,
ORD101020,2023-02-20,Ananya Singh,38.0,,Nagpur,Apparel,Woolen Sweater,2.0,1205.22,25.0,7.0,,4.0,,SAVE10,
ORD102707,2023-10-04,Aarav Iyer,40.0,female,Bengaluru,Home & Kitchen,Non-Stick Pan,1.0,207.72,0.0,3.0,Net Banking,3.0,100.0,,
ORD101403,2023-10-21,Aditya Deshmukh,,Female,Mumbai,Grocery,Whole Wheat Atta 5kg,1.0,534.09,10.0,6.0,Debit Card,4.0,40.0,NEWUSER15,
ORD102086,2024-10-11,Rohan Chopra,45.0,Male,Surat,Beauty & Personal Care,Face Wash 100ml,2.0,458.09,30.0,6.0,Credit Card,1.0,60.0,,
ORD100209,2024-12-10,Karan Mehta,36.0,M,Nagpur,Home & Kitchen,Curtain Set,2.0,1636.1,5.0,3.0,Debit Card,,60.0,,
ORD100153,2023-09-25,Arjun Mehta,24.0,Male,Ahmedabad,Home & Kitchen,Storage Container Set,1.0,480.46,10.0,6.0,Cash on Delivery,2.0,150.0,,
ORD102348,2023-07-03,Aditya Rao,30.0,F,,Footwear,Casual Sneakers,5.0,2184.32,15.0,6.0,Cash on Delivery,4.0,60.0,FEST20,
ORD101590,2024-11-01,Krishna Gupta,20.0,Male,Delhi,Apparel,Kids Hoodie,5.0,1079.29,5.0,6.0,Debit Card,,100.0,,
ORD101147,2024-12-01,Aadhya Menon,30.0,M,Chennai,Electronics,Smartwatch Band,1.0,1540.2,15.0,2.0,Credit Card,4.0,60.0,,
ORD101967,2024-03-03,Vivaan Chopra,18.0,Female,Delhi,Apparel,Kids Hoodie,1.0,648.29,15.0,7.0,Credit Card,4.0,80.0,,
ORD101633,2025-03-13,Ishita Bhat,38.0,m,Hyderabad,Apparel,Women Kurti,1.0,1293.07,0.0,9.0,Debit Card,5.0,0.0,,
ORD100597,2024-12-11,Arjun Menon,29.0,M,Jaipur,Beauty & Personal Care,Beard Trimmer,1.0,738.74,15.0,5.0,Debit Card,,100.0,SAVE10,Late Delivery
ORD101931,2024-03-15,Riya Sharma,99.0,Male,Chandigarh,Electronics,Bluetooth Earbuds,1.0,2462.82,15.0,5.0,,4.0,0.0,,
ORD101656,2025-02-10,Aarav Shah,99.0,,Pune,Grocery,Honey 500g,2.0,505.64,40.0,9.0,Cash on Delivery,5.0,150.0,FEST20,
ORD100680,2023-11-02,Amit Gupta,33.0,Male,Chandigarh,Grocery,Whole Wheat Atta 5kg,4.0,211.35,40.0,2.0,Debit Card,3.0,100.0,,
ORD101565,2024-02-19,Sai Mehta,37.0,Other,Jaipur,Electronics,LED Bulb Smart,3.0,2199.17,5.0,5.0,Debit Card,4.0,,,
ORD101328,2024-09-06,Ananya Shah,30.0,Female,,Electronics,Wireless Mouse,1.0,1561.04,0.0,60.0,Credit Card,,150.0,SAVE10,
ORD101518,2024-03-26,Pari Singh,24.0,Male,Chennai,Grocery,Honey 500g,1.0,254.18,5.0,2.0,,4.0,0.0,,
ORD102160,2024-01-21,Sneha Mehta,32.0,MALE,Kochi,Apparel,Men Cotton T-Shirt,5.0,408.11,10.0,3.0,Credit Card,5.0,,,
ORD100221,2024-02-20,Priya Kapoor,36.0,Male,Delhi,Beauty & Personal Care,Perfume 50ml,2.0,808.27,20.0,6.0,Debit Card,4.0,40.0,,
ORD100225,2023-10-06,Pari Rao,48.0,F,Mumbai,Beauty & Personal Care,Face Wash 100ml,2.0,125.82,15.0,4.0,UPI,,40.0,,
ORD102893,2025-04-11,Amit Kulkarni,20.0,Male,Chennai,Grocery,Basmati Rice 5kg,1.0,284.65,20.0,2.0,UPI,5.0,100.0,,
ORD101957,2024-04-29,Nikhil Nair,27.0,Male,Bengaluru,Beauty & Personal Care,Sunscreen SPF50,3.0,703.15,15.0,6.0,Debit Card,,60.0,NEWUSER15,
ORD101760,2023-12-17,Pooja Menon,50.0,F,Surat,Beauty & Personal Care,Perfume 50ml,3.0,780.24,40.0,5.0,UPI,1.0,,NEWUSER15,
ORD101360,2024-12-09,Neha Mehta,34.0,Female,Kochi,Electronics,Wireless Mouse,1.0,1603.02,0.0,2.0,Credit Card,,60.0,,
ORD102558,2023-01-29,Kabir Kapoor,32.0,M,,Home & Kitchen,Curtain Set,1.0,1379.64,25.0,5.0,Credit Card,1.0,0.0,NEWUSER15,
ORD102286,2023-12-09,Aadhya Singh,34.0,M,Hyderabad,Electronics,Smartwatch Band,2.0,1619.72,0.0,5.0,Debit Card,4.0,150.0,FLAT100,Late Delivery
ORD101492,2023-01-27,Ishaan Mehta,52.0,Other,Ahmedabad,Home & Kitchen,Kitchen Organizer,4.0,390.23,10.0,7.0,Debit Card,4.0,0.0,WELCOME50,
ORD102235,2024-12-21,Karan Chopra,54.0,Male,Nagpur,Apparel,Men Cotton T-Shirt,2.0,698.68,0.0,7.0,,4.0,0.0,,
ORD102248,2023-05-22,Ishita Patel,21.0,f,Pune,Beauty & Personal Care,Beard Trimmer,1.0,742.32,0.0,7.0,UPI,4.0,60.0,,
ORD102009,2024-07-30,Sai Nair,52.0,Male,Surat,Home & Kitchen,LED Table Lamp,5.0,,20.0,5.0,Credit Card,4.0,150.0,,
ORD100205,2023-08-31,Aditya Sharma,33.0,Male ,Kochi,Beauty & Personal Care,Sunscreen SPF50,1.0,277.49,0.0,6.0,Debit Card,,100.0,NEWUSER15,
ORD101027,2023-09-13,Nikhil Singh,25.0,f,Jaipur,Grocery,Assorted Dry Fruits,5.0,557.11,30.0,2.0,,4.0,0.0,,Quality Not as Expected
ORD102759,2024-01-26,Krishna Nair,22.0,Male,Chennai,Footwear,Casual Sneakers,2.0,2139.81,15.0,9.0,,4.0,,,
ORD102119,2024-09-30,Kabir Kulkarni,50.0,F,Lucknow,Apparel,Kids Hoodie,1.0,788.1,20.0,7.0,Debit Card,5.0,0.0,,
ORD101046,2024-12-06,Kabir Chopra,35.0,Female,Bengaluru,Grocery,Honey 500g,4.0,665.26,5.0,2.0,Debit Card,5.0,40.0,WELCOME50,
ORD100693,2025-05-11,Rohan Bhat,34.0,Male,Chandigarh,Beauty & Personal Care,Perfume 50ml,2.0,197.18,30.0,3.0,Net Banking,4.0,,,
ORD102408,2024-02-27,Pari Iyer,32.0,Female,Chandigarh,Grocery,Honey 500g,1.0,387.59,10.0,6.0,Debit Card,,0.0,,
ORD102372,2023-02-25,Sai Agarwal,40.0,Male,Delhi,Electronics,Bluetooth Earbuds,5.0,1371.38,0.0,3.0,Debit Card,5.0,0.0,FLAT100,
ORD101186,2023-05-10,Priya Menon,36.0,Male,Jaipur,Electronics,USB-C Cable,4.0,601.75,0.0,6.0,UPI,5.0,0.0,FLAT100,Wrong Item Delivered
ORD101369,2024-08-01,Ishaan Kapoor,16.0,Female,Chennai,Beauty & Personal Care,Beard Trimmer,4.0,468.49,5.0,7.0,UPI,5.0,,,
ORD101907,2023-05-27,Kabir Menon,43.0,Male,Lucknow,Footwear,Running Shoes,2.0,787.61,20.0,7.0,Net Banking,3.0,,,
ORD100016,2024-04-12,Arjun Mehta,34.0,M,Jaipur,Beauty & Personal Care,Perfume 50ml,2.0,773.94,5.0,6.0,Cash on Delivery,2.0,0.0,,Changed Mind
ORD101607,2024-06-24,Reyansh Rao,44.0,,Nagpur,Home & Kitchen,Curtain Set,1.0,780.45,5.0,6.0,Cash on Delivery,4.0,60.0,,
ORD101676,2023-05-17,Reyansh Shah,34.0,Male,Lucknow,Electronics,Smartphone Cover,3.0,2061.54,5.0,3.0,Debit Card,4.0,,,
ORD101184,2024-01-18,Aarav Mehta,26.0,Female,Kolkata,Footwear,Running Shoes,1.0,1299.43,15.0,2.0,Credit Card,2.0,0.0,,Late Delivery
ORD100656,2024-11-29,Sara Patel,33.0,Male,Delhi,Grocery,Basmati Rice 5kg,1.0,662.15,5.0,4.0,Debit Card,4.0,100.0,FLAT100,
ORD101571,2023-11-26,Amit Sharma,56.0,Female,Ahmedabad,Beauty & Personal Care,Lip Balm Pack,1.0,378.29,0.0,3.0,,4.0,0.0,,
ORD101737,2023-04-01,Riya Deshmukh,50.0,Male,Ahmedabad,Beauty & Personal Care,Perfume 50ml,2.0,390.07,20.0,5.0,Debit Card,2.0,40.0,SAVE10,
ORD101419,2023-12-12,Kavya Singh,29.0,Female,Pune,Apparel,Formal Shirt,1.0,362.11,5.0,2.0,Credit Card,5.0,0.0,,
ORD100399,2023-10-10,Amit Kulkarni,35.0,Male,Bengaluru,Grocery,Assorted Dry Fruits,1.0,478.61,5.0,5.0,UPI,5.0,80.0,,
ORD100618,2023-02-25,Aditya Bhat,43.0,m,Pune,Apparel,Kids Hoodie,1.0,1253.24,30.0,6.0,Cash on Delivery,5.0,,NEWUSER15,
ORD100508,2023-09-02,Karan Shah,28.0,Male,Hyderabad,Grocery,Instant Noodles Pack,1.0,367.51,25.0,9.0,UPI,4.0,,FEST20,Late Delivery
ORD100867,2025-02-02,Amit Iyer,44.0,Male,Pune,Grocery,Cooking Oil 1L,3.0,345.92,5.0,7.0,Debit Card,,0.0,,
ORD100886,2023-02-18,Kavya Pillai,46.0,F,Pune,Apparel,Woolen Sweater,1.0,1269.84,25.0,5.0,UPI,5.0,60.0,,
ORD102110,2023-09-14,Pooja Nair,28.0,Male,,Apparel,Ethnic Saree,2.0,488.89,30.0,5.0,Debit Card,,,,
ORD100599,2024-08-08,Sai Kapoor,23.0,Female,Mumbai,Beauty & Personal Care,Face Wash 100ml,2.0,485.65,5.0,5.0,UPI,2.0,,,
ORD102166,2023-11-07,Kavya Rao,15.0,Male,Hyderabad,Electronics,Wireless Mouse,4.0,822.88,15.0,8.0,Credit Card,3.0,,,
ORD100457,2024-07-31,Riya Deshmukh,39.0,Male,Mumbai,Electronics,LED Bulb Smart,1.0,1356.17,20.0,45.0,Credit Card,3.0,,,
ORD101117,2023-11-13,Sneha Reddy,59.0,,Nagpur,Apparel,Woolen Sweater,1.0,824.5,25.0,6.0,UPI,4.0,,,Quality Not as Expected
ORD100870,2023-10-03,Karan Joshi,43.0,Male ,Nagpur,Apparel,Ethnic Saree,4.0,607.23,0.0,7.0,Debit Card,4.0,40.0,,
ORD100790,2023-10-10,Ishita Sharma,26.0,Female,Chandigarh,Grocery,Basmati Rice 5kg,2.0,135.57,20.0,9.0,Credit Card,5.0,60.0,,
ORD100954,2024-12-16,Sneha Reddy,20.0,Male,Surat,Grocery,Honey 500g,3.0,571.57,0.0,3.0,,3.0,0.0,,
ORD100650,2023-11-06,Rahul Nair,31.0,Female,Delhi,Beauty & Personal Care,Herbal Shampoo,1.0,568.31,10.0,7.0,Credit Card,,,,
ORD100733,2024-12-06,Karan Kapoor,42.0,M,Hyderabad,Footwear,Formal Leather Shoes,3.0,1863.86,0.0,2.0,Net Banking,3.0,60.0,,
ORD102856,2023-01-24,Neha Menon,42.0,Female,Delhi,Footwear,Formal Leather Shoes,1.0,1671.32,0.0,3.0,Cash on Delivery,4.0,,,
ORD100379,2023-08-28,Nikhil Chopra,46.0,m,Delhi,Electronics,LED Bulb Smart,4.0,772.01,0.0,7.0,UPI,5.0,0.0,,
ORD102872,2025-01-15,Kavya Chopra,28.0,M,Lucknow,Grocery,Basmati Rice 5kg,1.0,,0.0,5.0,,5.0,60.0,,
ORD100956,2024-01-01,Vihaan Chopra,33.0,Male,Ahmedabad,Apparel,Ethnic Saree,5.0,2121.4319046239334,30.0,7.0,,5.0,60.0,,Quality Not as Expected
ORD100171,2023-03-24,Myra Joshi,55.0,M,Kochi,Apparel,Ethnic Saree,2.0,883.42,0.0,9.0,,2.0,,,
ORD101944,2023-12-13,Aadhya Deshmukh,34.0,Male,Hyderabad,Beauty & Personal Care,Lip Balm Pack,1.0,352.53,30.0,4.0,Debit Card,4.0,40.0,,
ORD100659,2023-09-20,Anika Bhat,33.0,Male,Nagpur,Grocery,Basmati Rice 5kg,1.0,666.72,0.0,8.0,Debit Card,5.0,0.0,SAVE10,
ORD102120,2024-12-01,Sneha Mehta,47.0,Male,Indore,Electronics,Wireless Mouse,2.0,1935.19,5.0,7.0,Debit Card,5.0,,,
ORD101094,2023-10-27,Priya Shah,,Female,Bengaluru,Footwear,Formal Leather Shoes,3.0,1410.43,50.0,4.0,Credit Card,4.0,0.0,,
ORD102716,2024-01-31,Vivaan Verma,43.0,M,Mumbai,Beauty & Personal Care,Sunscreen SPF50,1.0,439.69,5.0,4.0,Debit Card,3.0,,,
ORD100642,2025-02-17,Krishna Bhat,24.0,Female,Indore,Footwear,Casual Sneakers,1.0,1935.67,5.0,7.0,Credit Card,5.0,40.0,,Quality Not as Expected
ORD100168,2023-11-19,Pooja Joshi,41.0,Male,,Home & Kitchen,Storage Container Set,3.0,988.72,10.0,7.0,Credit Card,5.0,,,
ORD101517,2023-02-14,Ishaan Kulkarni,33.0,F,Pune,Electronics,Wireless Mouse,2.0,,0.0,5.0,Debit Card,5.0,40.0,,
ORD101800,2023-02-21,Sai Shah,26.0,F,Kolkata,Grocery,Whole Wheat Atta 5kg,-5.0,525.48,10.0,8.0,Debit Card,4.0,0.0,,
ORD102696,2023-01-12,Neha Verma,42.0,F,Ahmedabad,Home & Kitchen,Non-Stick Pan,1.0,1458.27,0.0,7.0,Net Banking,,60.0,,
ORD101917,2024-03-22,Pari Singh,32.0,Female,,Beauty & Personal Care,Perfume 50ml,2.0,455.4,15.0,3.0,,5.0,60.0,,
ORD100272,2023-05-19,Ananya Reddy,33.0,M,Chandigarh,Electronics,Smartwatch Band,1.0,2051.21,10.0,3.0,Credit Card,4.0,80.0,,Late Delivery
ORD101215,2023-10-02,Pooja Shah,44.0,m,Bengaluru,Grocery,Instant Noodles Pack,2.0,227.07,15.0,6.0,Credit Card,5.0,0.0,,Quality Not as Expected
ORD101118,2024-11-09,Priya Pillai,30.0,F,Mumbai,Grocery,Green Tea Pack,2.0,203.62,10.0,7.0,UPI,4.0,0.0,,
ORD102513,2023-11-01,Arjun Pillai,27.0,Female,Lucknow,Grocery,Assorted Dry Fruits,5.0,303.99,0.0,8.0,Net Banking,4.0,,,
ORD101066,2025-04-23,Vivaan Nair,25.0,F,Jaipur,Electronics,Smartphone Cover,3.0,2141.14,10.0,2.0,Debit Card,2.0,0.0,,
ORD102104,2023-01-06,Navya Rao,54.0,Other,Kolkata,Home & Kitchen,Wall Clock,1.0,1384.76,20.0,2.0,,2.0,,FLAT100,Wrong Item Delivered
ORD102276,2023-07-11,Pooja Iyer,37.0,Female,Delhi,Electronics,Smartphone Cover,1.0,2431.78,0.0,7.0,Debit Card,3.0,,,
ORD102345,2023-08-23,Vihaan Pillai,29.0,,Ahmedabad,Grocery,Green Tea Pack,1.0,371.65,10.0,3.0,Debit Card,4.0,80.0,,
ORD101912,2024-01-06,Rahul Chopra,47.0,Female,Kochi,Grocery,Spices Combo Pack,2.0,390.5,25.0,9.0,Credit Card,5.0,100.0,,
ORD100038,2023-09-10,Sara Singh,44.0,,Lucknow,Grocery,Green Tea Pack,2.0,410.28,10.0,3.0,UPI,,0.0,,
ORD100306,2023-10-03,Nikhil Sharma,45.0,Female,Kochi,Footwear,Casual Sneakers,2.0,1841.39,0.0,9.0,Net Banking,,100.0,,
ORD100006,2023-03-20,Ishaan Iyer,49.0,Male,Bengaluru,Home & Kitchen,Storage Container Set,2.0,1437.0,5.0,4.0,Credit Card,3.0,,,
ORD100781,2024-08-03,Aarav Joshi,45.0,Male,Bengaluru,Footwear,Casual Sneakers,3.0,759.18,0.0,7.0,UPI,5.0,,FEST20,
ORD101190,2024-01-14,Arjun Kapoor,62.0,,Kochi,Apparel,Ethnic Saree,1.0,772.66,15.0,4.0,Credit Card,5.0,150.0,,
ORD100534,2024-06-10,Anika Rao,34.0,F,Surat,Footwear,Casual Sneakers,5.0,542.62,5.0,8.0,UPI,4.0,0.0,FEST20,
ORD100583,2023-02-17,Kavya Rao,38.0,Male,Ahmedabad,Apparel,Sports Track Pant,1.0,1243.45,5.0,3.0,Debit Card,3.0,,SAVE10,
ORD102424,2023-11-14,Ishita Kapoor,37.0,Male,Jaipur,Footwear,Sandals,1.0,1274.9,0.0,9.0,Cash on Delivery,5.0,,SAVE10,
ORD102976,2024-03-26,Rahul Chopra,29.0,Male,Kochi,Footwear,Sandals,3.0,1410.07,10.0,2.0,,2.0,100.0,,
ORD102566,2024-12-30,Rohan Chopra,33.0,Male,Jaipur,Grocery,Whole Wheat Atta 5kg,3.0,218.42,0.0,2.0,Debit Card,4.0,0.0,,Quality Not as Expected
ORD102782,2024-11-24,Pari Singh,18.0,Female,Hyderabad,Home & Kitchen,LED Table Lamp,3.0,694.56,0.0,3.0,Debit Card,4.0,0.0,,
ORD102241,2024-01-04,Reyansh Patel,37.0,Female,Bengaluru,Beauty & Personal Care,Sunscreen SPF50,4.0,831.64,15.0,6.0,Credit Card,3.0,,,
ORD100316,2024-10-09,Vivaan Reddy,31.0,Male,Kochi,Beauty & Personal Care,Sunscreen SPF50,1.0,106.4,15.0,5.0,,5.0,,,
ORD101794,2024-03-11,Vihaan Shah,32.0,f,Kochi,Footwear,Flip Flops,1.0,1792.81,15.0,7.0,UPI,,,,
ORD100271,2023-01-21,Nikhil Nair,28.0,M,Delhi,Beauty & Personal Care,Face Wash 100ml,1.0,521.44,5.0,5.0,,5.0,,,
ORD100548,2024-04-15,Ananya Nair,31.0,Male,Chandigarh,Beauty & Personal Care,Herbal Shampoo,2.0,719.19,5.0,9.0,,5.0,100.0,,
ORD101692,2024-08-21,Riya Sharma,40.0,Male,Pune,Grocery,Green Tea Pack,4.0,409.4,10.0,8.0,UPI,,0.0,,
ORD101719,2024-04-16,Ananya Iyer,27.0,female,,Footwear,Formal Leather Shoes,1.0,712.55,0.0,4.0,Credit Card,2.0,0.0,NEWUSER15,
ORD102792,2024-10-19,Riya Pillai,39.0,F,Kolkata,Grocery,Basmati Rice 5kg,1.0,97.17,30.0,7.0,,5.0,,,Defective Product
ORD102802,2024-10-10,Karan Kapoor,,Male,Surat,Electronics,Wireless Mouse,1.0,1544.85,15.0,7.0,Credit Card,5.0,,SAVE10,
ORD100598,2024-07-25,Sara Pillai,34.0,Male ,Mumbai,Home & Kitchen,Storage Container Set,2.0,1461.34,5.0,9.0,,5.0,,,
ORD101689,2023-03-27,Arjun Reddy,29.0,f,Ahmedabad,Apparel,Kids Hoodie,1.0,850.65,10.0,9.0,Debit Card,5.0,,,
ORD100894,2024-11-13,Rahul Sharma,40.0,Female,Chandigarh,Beauty & Personal Care,Herbal Shampoo,5.0,706.53,0.0,9.0,Cash on Delivery,,60.0,,Changed Mind
ORD102644,2024-02-16,Nikhil Pillai,30.0,Female,Delhi,Apparel,Men Cotton T-Shirt,2.0,455.55,25.0,9.0,Debit Card,,60.0,SAVE10,
ORD101775,2023-04-30,Ishaan Verma,30.0,Female,Delhi,Grocery,Honey 500g,1.0,107.04,30.0,7.0,Debit Card,4.0,,,
ORD100570,2025-05-14,Sai Reddy,30.0,,Mumbai,Footwear,Sandals,1.0,621.95,5.0,5.0,Cash on Delivery,5.0,,,
ORD101999,2023-09-13,Navya Verma,24.0,Female,,Home & Kitchen,Curtain Set,3.0,1608.25,0.0,7.0,Credit Card,3.0,,,
ORD102122,2024-06-14,Kavya Gupta,46.0,Male,,Apparel,Women Kurti,1.0,542.49,15.0,5.0,Debit Card,5.0,0.0,,
ORD100061,2024-11-09,Anika Menon,33.0,,Chennai,Beauty & Personal Care,Beard Trimmer,2.0,712.87,25.0,7.0,UPI,3.0,100.0,,
ORD101247,2024-02-28,Kavya Deshmukh,32.0,M,Jaipur,Apparel,Kids Hoodie,1.0,934.04,20.0,4.0,Debit Card,4.0,,,
ORD102048,2024-11-15,Rahul Sharma,34.0,Female,Delhi,Electronics,Bluetooth Earbuds,1.0,1135.41,20.0,9.0,,5.0,80.0,WELCOME50,
ORD101259,2024-12-31,Ishaan Pillai,28.0,F,,Apparel,Ethnic Saree,2.0,651.72,15.0,4.0,Debit Card,2.0,40.0,WELCOME50,
ORD100809,2023-12-15,Myra Kulkarni,42.0,F,Delhi,Grocery,Cooking Oil 1L,1.0,586.22,0.0,2.0,UPI,3.0,0.0,NEWUSER15,
ORD101049,2024-01-05,Reyansh Mehta,30.0,Male,Nagpur,Apparel,Sports Track Pant,1.0,1206.34,0.0,2.0,UPI,4.0,0.0,SAVE10,
ORD102685,2023-10-14,Pooja Pillai,25.0,m,,Grocery,Instant Noodles Pack,4.0,630.11,20.0,9.0,Credit Card,4.0,60.0,SAVE10,
ORD100107,2023-01-12,Karan Verma,31.0,Male,Kochi,Home & Kitchen,Cotton Bedsheet Set,2.0,,20.0,7.0,UPI,,,,
ORD102153,2024-05-11,Sai Iyer,29.0,F,Delhi,Apparel,Denim Jeans,1.0,341.34,0.0,3.0,UPI,5.0,,,
ORD100673,2023-03-28,Krishna Gupta,24.0,Male,Lucknow,Beauty & Personal Care,Body Lotion,3.0,831.34,5.0,4.0,,4.0,,,
ORD100665,2024-09-24,Amit Shah,35.0,Female,Bengaluru,Grocery,Instant Noodles Pack,3.0,578.72,20.0,5.0,Credit Card,5.0,0.0,,
ORD100509,2024-12-01,Pari Nair,20.0,F,Bengaluru,Home & Kitchen,Cotton Bedsheet Set,1.0,242.6,10.0,7.0,UPI,,100.0,WELCOME50,
ORD102179,2024-02-20,Sai Reddy,22.0,M,Kolkata,Electronics,LED Bulb Smart,3.0,,0.0,5.0,UPI,4.0,100.0,,
ORD101640,2024-10-19,Sai Verma,30.0,Female,Chandigarh,Home & Kitchen,Steel Water Bottle,2.0,1714.31,15.0,8.0,Debit Card,4.0,100.0,,
ORD102675,2024-11-23,Sara Pillai,28.0,m,Nagpur,Home & Kitchen,Cotton Bedsheet Set,4.0,,15.0,2.0,,3.0,0.0,,
ORD101532,2024-01-21,Pooja Singh,43.0,f,Nagpur,Electronics,Smartwatch Band,1.0,2163.59,5.0,5.0,Credit Card,5.0,,WELCOME50,Wrong Item Delivered
ORD100866,2025-01-16,Rahul Menon,46.0,Male,Chennai,Apparel,Men Cotton T-Shirt,1.0,1313.58,0.0,3.0,UPI,3.0,60.0,FLAT100,
ORD101855,2025-02-15,Krishna Menon,48.0,Female,Mumbai,Home & Kitchen,Curtain Set,3.0,1742.68,15.0,3.0,Credit Card,5.0,150.0,,
ORD101736,2024-04-03,Sai Joshi,20.0,Male,Ahmedabad,Grocery,Honey 500g,4.0,4198.768770042588,15.0,7.0,,1.0,0.0,,
ORD102923,2024-05-07,Ishita Deshmukh,33.0,Female,Delhi,Electronics,Power Bank 10000mAh,1.0,,10.0,9.0,Debit Card,5.0,80.0,,
ORD101060,2024-12-03,Navya Sharma,24.0,M,Chandigarh,Home & Kitchen,Kitchen Organizer,3.0,800.79,0.0,9.0,Debit Card,4.0,0.0,,
ORD102105,2024-12-01,Priya Deshmukh,39.0,Female,Kochi,Home & Kitchen,Curtain Set,2.0,628.35,5.0,3.0,,4.0,0.0,,
ORD102764,2023-12-19,Sai Patel,15.0,Male ,Chandigarh,Home & Kitchen,Non-Stick Pan,1.0,1341.11,25.0,50.0,Credit Card,5.0,0.0,,
ORD101973,2023-11-08,Nikhil Iyer,,Female,Bengaluru,Apparel,Women Kurti,4.0,847.48,5.0,5.0,Net Banking,5.0,100.0,,
ORD100589,2025-02-07,Ishaan Agarwal,40.0,Male,Jaipur,Electronics,Wireless Mouse,2.0,2178.84,25.0,6.0,UPI,5.0,0.0,,Defective Product
ORD102507,2024-07-18,Reyansh Kulkarni,57.0,Male,Lucknow,Home & Kitchen,Kitchen Organizer,5.0,611.73,10.0,9.0,,,,,
ORD102645,2023-01-05,Kavya Kulkarni,22.0,F,Hyderabad,Electronics,Smartwatch Band,1.0,1970.45,5.0,2.0,UPI,,,,
ORD100086,2023-03-30,Pari Kulkarni,50.0,Male,Nagpur,Grocery,Whole Wheat Atta 5kg,2.0,334.84,25.0,9.0,Debit Card,,0.0,,
ORD102928,2023-06-19,Sara Chopra,16.0,Female,,Grocery,Honey 500g,1.0,125.99,15.0,3.0,,4.0,100.0,,
ORD100771,2025-06-17,Krishna Verma,38.0,Female,Kochi,Apparel,Formal Shirt,1.0,931.09,0.0,7.0,Credit Card,5.0,40.0,FEST20,
ORD102406,2023-12-05,Priya Shah,44.0,Male,Nagpur,Beauty & Personal Care,Beard Trimmer,1.0,450.71,25.0,2.0,Debit Card,5.0,100.0,,
ORD101249,2025-06-09,Pooja Singh,26.0,Female,Kolkata,Home & Kitchen,LED Table Lamp,3.0,1399.39,15.0,9.0,Credit Card,4.0,0.0,,
ORD100708,2024-03-09,Karan Iyer,32.0,F,Delhi,Electronics,Bluetooth Earbuds,1.0,1189.06,30.0,3.0,Credit Card,4.0,,,
ORD102795,2024-10-01,Rohan Rao,17.0,,,Apparel,Kids Hoodie,1.0,591.74,15.0,8.0,UPI,5.0,60.0,NEWUSER15,
ORD101860,2024-11-04,Karan Kapoor,55.0,Male,,Grocery,Spices Combo Pack,2.0,384.03,15.0,5.0,UPI,5.0,100.0,,
ORD102128,2023-02-28,Vihaan Kulkarni,110.0,Male,Indore,Apparel,Denim Jeans,2.0,1325.87,5.0,6.0,Debit Card,5.0,0.0,,
ORD102879,2025-06-09,Ananya Nair,16.0,Male,Chandigarh,Apparel,Sports Track Pant,2.0,640.26,15.0,5.0,UPI,,0.0,NEWUSER15,Wrong Item Delivered
ORD100418,2023-09-28,Aarav Bhat,29.0,f,Delhi,Beauty & Personal Care,Sunscreen SPF50,3.0,646.06,0.0,8.0,,,150.0,,
ORD101461,2023-10-12,Amit Shah,21.0,f,Ahmedabad,Electronics,Bluetooth Earbuds,2.0,1794.0,5.0,2.0,Net Banking,,,SAVE10,
ORD101484,2024-01-13,Aarav Kapoor,29.0,Male ,Jaipur,Beauty & Personal Care,Beard Trimmer,2.0,414.7,10.0,3.0,UPI,4.0,0.0,SAVE10,
ORD102803,2024-12-24,Ananya Menon,35.0,f,Nagpur,Footwear,Formal Leather Shoes,1.0,1572.07,20.0,7.0,,5.0,,,
ORD102915,2024-02-03,Pooja Singh,44.0,F,Indore,Beauty & Personal Care,Face Wash 100ml,1.0,247.38,30.0,7.0,Credit Card,,40.0,FEST20,
ORD100851,2024-12-31,Pooja Pillai,38.0,MALE,Delhi,Home & Kitchen,Wall Clock,2.0,593.68,20.0,2.0,Debit Card,5.0,40.0,,
ORD101004,2023-04-27,Pooja Reddy,33.0,M,Pune,Beauty & Personal Care,Beard Trimmer,3.0,288.07,5.0,3.0,Net Banking,4.0,,,
ORD101996,2024-05-18,Arjun Kulkarni,34.0,Female,Nagpur,Footwear,Flip Flops,1.0,948.13,0.0,5.0,Cash on Delivery,,150.0,,
ORD101834,2024-01-09,Aditya Pillai,45.0,Other,Pune,Home & Kitchen,Non-Stick Pan,3.0,1627.65,25.0,6.0,,,40.0,,
ORD102510,2023-12-23,Myra Mehta,44.0,Female,Bengaluru,Home & Kitchen,Curtain Set,2.0,592.66,5.0,4.0,,4.0,60.0,,
ORD100436,2024-05-31,Navya Bhat,42.0,,Mumbai,Beauty & Personal Care,Hair Oil 200ml,4.0,532.5,0.0,-1.0,,1.0,0.0,,
ORD101316,2023-01-03,Myra Pillai,31.0,Male,Kochi,Grocery,Spices Combo Pack,1.0,128.09,5.0,3.0,,4.0,100.0,,
ORD101623,2023-12-04,Myra Menon,47.0,Female,Pune,Home & Kitchen,LED Table Lamp,3.0,1035.01,0.0,5.0,UPI,5.0,60.0,FEST20,
ORD101480,2023-05-19,Aditya Iyer,42.0,,Chennai,Home & Kitchen,Storage Container Set,1.0,626.45,5.0,8.0,Credit Card,,,,
ORD101648,2025-06-08,Pooja Kulkarni,,Female,Indore,Grocery,Instant Noodles Pack,1.0,249.89,30.0,9.0,UPI,5.0,,,Wrong Item Delivered
ORD101003,2025-03-18,Sai Pillai,30.0,,,Grocery,Cooking Oil 1L,1.0,383.55,25.0,5.0,Net Banking,5.0,,SAVE10,
ORD101278,2023-01-08,Vihaan Rao,21.0,Female,Indore,Footwear,Flip Flops,2.0,1483.88,40.0,6.0,Credit Card,4.0,150.0,,
ORD101823,2025-03-09,Ananya Pillai,20.0,m,Delhi,Beauty & Personal Care,Lip Balm Pack,3.0,322.72,10.0,7.0,UPI,4.0,60.0,,
ORD102460,2023-11-06,Anika Reddy,33.0,F,,Electronics,Bluetooth Earbuds,2.0,1190.68,20.0,5.0,,5.0,,WELCOME50,
ORD102917,2025-05-11,Neha Shah,26.0,M,Pune,Home & Kitchen,LED Table Lamp,1.0,1672.38,15.0,3.0,Debit Card,4.0,80.0,,
ORD101836,2025-05-07,Pari Shah,38.0,m,Lucknow,Footwear,Formal Leather Shoes,5.0,2129.41,10.0,4.0,Credit Card,4.0,0.0,SAVE10,
ORD102873,2023-07-19,Kavya Mehta,28.0,Female,Jaipur,Apparel,Sports Track Pant,3.0,1102.1,50.0,5.0,Credit Card,,100.0,,
ORD101546,2024-09-18,Diya Rao,35.0,Female,Mumbai,Apparel,Kids Hoodie,2.0,840.35,20.0,4.0,UPI,5.0,60.0,,
ORD100335,2025-01-06,Nikhil Pillai,24.0,F,Bengaluru,Beauty & Personal Care,Beard Trimmer,1.0,119.54,25.0,45.0,Debit Card,3.0,0.0,,
ORD100088,2024-11-30,Aarav Mehta,32.0,Male,Pune,Electronics,Bluetooth Earbuds,3.0,2270.08,5.0,6.0,UPI,,,,
ORD100874,2024-09-27,Sai Chopra,42.0,MALE,Kochi,Apparel,Women Kurti,2.0,350.6,10.0,5.0,UPI,5.0,60.0,,
ORD102659,2023-05-27,Aarav Agarwal,39.0,Female,Bengaluru,Apparel,Denim Jeans,3.0,769.73,0.0,4.0,Debit Card,5.0,150.0,,
ORD100543,2023-01-22,Anika Mehta,22.0,F,Kolkata,Footwear,Flip Flops,1.0,2063.16,15.0,6.0,,3.0,60.0,,
ORD101241,2024-12-09,Ishaan Kapoor,37.0,M,Pune,Apparel,Ethnic Saree,1.0,690.79,0.0,5.0,Net Banking,3.0,40.0,,
ORD101880,2023-12-17,Nikhil Kapoor,21.0,Male,Delhi,Electronics,USB-C Cable,5.0,788.74,10.0,9.0,UPI,,0.0,,
ORD102925,2023-06-16,Kavya Bhat,15.0,F,Hyderabad,Apparel,Denim Jeans,1.0,889.72,5.0,8.0,UPI,,40.0,,Late Delivery
ORD102906,2024-07-23,Rahul Rao,38.0,Male,Kochi,Footwear,Running Shoes,1.0,922.06,0.0,3.0,,5.0,,,Defective Product
ORD100319,2024-12-01,Anika Reddy,50.0,Male,Kolkata,Home & Kitchen,Curtain Set,2.0,272.95,0.0,5.0,,5.0,60.0,WELCOME50,
ORD100519,2024-06-25,Sara Bhat,20.0,m,Kolkata,Electronics,Power Bank 10000mAh,1.0,2059.31,5.0,8.0,Credit Card,4.0,60.0,,
ORD102364,2024-11-23,Neha Patel,,Male,Mumbai,Beauty & Personal Care,Beard Trimmer,1.0,793.47,0.0,4.0,UPI,,150.0,SAVE10,
ORD100878,2024-05-14,Sai Kulkarni,,m,,Electronics,Wireless Mouse,1.0,2158.34,5.0,9.0,UPI,,,,
ORD100825,2023-03-24,Vihaan Rao,21.0,m,Nagpur,Grocery,Basmati Rice 5kg,2.0,298.74,10.0,9.0,Debit Card,,60.0,,
ORD101290,2023-08-01,Navya Iyer,36.0,Female,Mumbai,Electronics,Wireless Mouse,1.0,1869.71,0.0,8.0,UPI,,100.0,,
ORD102599,2023-12-21,Priya Patel,39.0,Male,Pune,Electronics,Smartwatch Band,1.0,1184.33,10.0,6.0,Credit Card,5.0,,WELCOME50,
ORD102578,2025-06-02,Pari Bhat,44.0,F,Surat,Home & Kitchen,Cotton Bedsheet Set,3.0,428.81,50.0,4.0,UPI,3.0,80.0,SAVE10,
ORD100138,2024-11-02,Priya Reddy,55.0,female,Kochi,Apparel,Ethnic Saree,1.0,1347.92,10.0,8.0,UPI,5.0,,,
ORD100163,2024-01-06,Navya Bhat,41.0,F,Kolkata,Grocery,Basmati Rice 5kg,1.0,278.71,15.0,7.0,Credit Card,4.0,0.0,FLAT100,
ORD101618,2023-04-21,Karan Kulkarni,37.0,Other,Kochi,Beauty & Personal Care,Sunscreen SPF50,2.0,331.11,5.0,9.0,Net Banking,,40.0,,
ORD102862,2025-01-30,Aadhya Bhat,23.0,M,Chennai,Beauty & Personal Care,Lip Balm Pack,1.0,200.29,10.0,6.0,Cash on Delivery,5.0,150.0,,
ORD101791,2025-03-13,Nikhil Singh,15.0,Female,Pune,Beauty & Personal Care,Herbal Shampoo,1.0,302.54,10.0,7.0,UPI,5.0,100.0,,
ORD101045,2023-05-20,Sara Nair,24.0,Male,Indore,Grocery,Honey 500g,1.0,469.03,50.0,4.0,Credit Card,2.0,100.0,,
ORD100960,2023-11-09,Sneha Rao,49.0,F,Hyderabad,Grocery,Whole Wheat Atta 5kg,2.0,255.07,0.0,4.0,UPI,,40.0,,
ORD101750,2025-04-28,Anika Kapoor,48.0,Female,Mumbai,Grocery,Green Tea Pack,3.0,502.3,50.0,5.0,Debit Card,4.0,0.0,,
ORD102601,2023-07-15,Reyansh Rao,,Male,Mumbai,Footwear,Casual Sneakers,1.0,1877.56,0.0,2.0,Credit Card,,40.0,,
ORD102307,2023-05-20,Diya Shah,25.0,Male,Hyderabad,Apparel,Woolen Sweater,3.0,949.4,5.0,2.0,Debit Card,4.0,150.0,,Size Issue
ORD101504,2024-06-28,Diya Shah,33.0,f,Lucknow,Apparel,Women Kurti,3.0,887.58,25.0,4.0,Net Banking,,40.0,NEWUSER15,
ORD102729,2024-02-25,Sneha Pillai,50.0,Male,Chandigarh,Electronics,Portable Speaker,1.0,2194.53,20.0,8.0,,,150.0,FEST20,
ORD102994,2024-12-02,Anika Iyer,15.0,Female,Ahmedabad,Beauty & Personal Care,Lip Balm Pack,3.0,829.6,10.0,8.0,UPI,4.0,0.0,SAVE10,
ORD101059,2023-10-11,Diya Pillai,39.0,MALE,Surat,Apparel,Denim Jeans,1.0,887.1,15.0,5.0,UPI,4.0,150.0,SAVE10,
ORD102756,2025-03-16,Ishaan Gupta,37.0,F,,Electronics,USB-C Cable,5.0,1682.23,0.0,9.0,Debit Card,,,FEST20,
ORD100655,2024-04-30,Neha Mehta,45.0,Male,,Footwear,Casual Sneakers,5.0,1552.69,50.0,2.0,UPI,5.0,80.0,,
ORD102064,2024-06-21,Kavya Deshmukh,41.0,Male,,Grocery,Instant Noodles Pack,1.0,598.26,0.0,5.0,Credit Card,4.0,0.0,SAVE10,
ORD102358,2024-07-23,Rohan Deshmukh,15.0,Female,Indore,Home & Kitchen,Cotton Bedsheet Set,1.0,1134.1,30.0,9.0,UPI,,100.0,,
ORD100137,2023-01-29,Karan Iyer,26.0,Male,Jaipur,Grocery,Green Tea Pack,2.0,375.81,10.0,8.0,Debit Card,5.0,0.0,,
ORD102399,2024-10-31,Sara Gupta,30.0,Female,Indore,Apparel,Kids Hoodie,1.0,1486.38,10.0,8.0,,1.0,,,
ORD101976,2025-04-28,Neha Joshi,40.0,Male,Bengaluru,Beauty & Personal Care,Perfume 50ml,2.0,685.26,5.0,9.0,Credit Card,,,,
ORD101581,2023-07-17,Krishna Joshi,22.0,Female,Kolkata,Grocery,Green Tea Pack,1.0,116.82,0.0,6.0,,,80.0,WELCOME50,
ORD100697,2024-06-21,Ishita Chopra,,Male,Jaipur,Electronics,Power Bank 10000mAh,2.0,560.63,20.0,8.0,Net Banking,4.0,,NEWUSER15,
ORD101097,2024-12-11,Ishaan Sharma,50.0,M,Indore,Home & Kitchen,Wall Clock,1.0,1015.31,20.0,3.0,UPI,,0.0,FLAT100,
ORD102669,2023-01-18,Priya Deshmukh,50.0,Female,Nagpur,Footwear,Casual Sneakers,1.0,2172.5,5.0,5.0,Credit Card,1.0,0.0,,
ORD102650,2025-03-13,Sneha Iyer,54.0,F,Surat,Grocery,Whole Wheat Atta 5kg,1.0,256.47,0.0,8.0,Debit Card,5.0,,,
ORD101392,2025-06-15,Ishita Verma,32.0,,Surat,Apparel,Women Kurti,1.0,1262.98,30.0,4.0,,,,,
ORD102960,2025-04-19,Nikhil Shah,58.0,f,Surat,Apparel,Formal Shirt,3.0,1317.11,15.0,3.0,Credit Card,2.0,,,Defective Product
ORD101266,2023-02-20,Reyansh Iyer,44.0,Other,Chennai,Home & Kitchen,Steel Water Bottle,5.0,1184.5,10.0,3.0,Net Banking,1.0,0.0,WELCOME50,
ORD100135,2023-10-04,Ishaan Singh,34.0,F,Nagpur,Footwear,Formal Leather Shoes,1.0,1924.22,-10.0,7.0,Debit Card,4.0,0.0,WELCOME50,Wrong Item Delivered
ORD101169,2025-04-15,Myra Iyer,30.0,,Hyderabad,Electronics,Power Bank 10000mAh,3.0,1851.38,0.0,7.0,Debit Card,4.0,80.0,,
ORD102135,2024-09-16,Navya Kulkarni,20.0,Male,,Apparel,Formal Shirt,1.0,605.0,50.0,8.0,UPI,4.0,100.0,SAVE10,
ORD101503,2023-10-21,Rohan Gupta,45.0,Female,Chennai,Apparel,Ethnic Saree,4.0,492.31,15.0,7.0,Credit Card,4.0,,WELCOME50,
ORD101362,2023-11-16,Rohan Patel,33.0,Female,Delhi,Apparel,Denim Jeans,4.0,1277.78,10.0,9.0,Credit Card,5.0,,FEST20,Changed Mind
ORD102437,2024-09-08,Aditya Chopra,49.0,Male,Kochi,Home & Kitchen,Steel Water Bottle,1.0,241.32,10.0,3.0,,3.0,,SAVE10,
ORD100148,2025-01-18,Vihaan Kapoor,31.0,Female,Hyderabad,Electronics,Power Bank 10000mAh,1.0,2154.24,10.0,8.0,UPI,5.0,0.0,,
ORD100303,2025-03-27,Navya Nair,25.0,,Chennai,Footwear,Casual Sneakers,2.0,1312.99,10.0,8.0,,1.0,60.0,,
ORD101017,2024-03-26,Nikhil Nair,45.0,Male,Surat,Grocery,Honey 500g,1.0,117.49,25.0,6.0,,3.0,,,
ORD101924,2023-01-26,Krishna Bhat,39.0,Female,,Beauty & Personal Care,Body Lotion,3.0,204.73,40.0,5.0,,2.0,150.0,,
ORD101052,2024-04-02,Sai Kapoor,29.0,female,Chennai,Apparel,Ethnic Saree,1.0,455.33,0.0,3.0,Net Banking,,80.0,NEWUSER15,
ORD102767,2025-06-24,Arjun Deshmukh,36.0,f,Surat,Apparel,Men Cotton T-Shirt,2.0,1484.61,15.0,7.0,,4.0,0.0,FLAT100,
ORD102393,2023-12-25,Riya Chopra,,,Delhi,Electronics,USB-C Cable,1.0,2349.68,15.0,5.0,Credit Card,5.0,80.0,,
ORD101904,2024-12-15,Sai Kapoor,20.0,Female,Bengaluru,Footwear,Flip Flops,1.0,706.33,15.0,9.0,Credit Card,,,SAVE10,
ORD102639,2025-02-15,Riya Singh,29.0,,Indore,Footwear,Flip Flops,5.0,1015.84,10.0,2.0,Net Banking,,0.0,,
ORD100198,2024-01-25,Kabir Shah,24.0,F,Delhi,Apparel,Denim Jeans,2.0,1274.81,10.0,7.0,Credit Card,1.0,0.0,,Changed Mind
ORD101768,2023-03-03,Kabir Pillai,34.0,M,,Grocery,Green Tea Pack,2.0,226.19,10.0,9.0,Debit Card,,,,
ORD102240,2023-10-20,Riya Shah,31.0,Male,,Apparel,Women Kurti,1.0,528.11,20.0,2.0,Net Banking,5.0,100.0,,
ORD100404,2024-03-30,Nikhil Iyer,45.0,m,Kolkata,Apparel,Woolen Sweater,1.0,361.57,5.0,4.0,,,40.0,WELCOME50,
ORD102693,2024-01-23,Reyansh Sharma,15.0,Male,Chennai,Electronics,Smartphone Cover,1.0,550.1,0.0,3.0,UPI,,,SAVE10,
ORD101508,2025-02-25,Riya Mehta,39.0,Male,Jaipur,Home & Kitchen,Wall Clock,1.0,642.69,10.0,3.0,Debit Card,,60.0,,
ORD100483,2024-12-26,Pari Rao,29.0,Male,Chandigarh,Grocery,Whole Wheat Atta 5kg,4.0,681.17,0.0,7.0,,,,FLAT100,
ORD101182,2024-09-21,Rahul Singh,40.0,Male,Jaipur,Footwear,Sandals,1.0,440.15,15.0,5.0,Credit Card,,80.0,,
ORD101339,2024-01-07,Neha Joshi,41.0,Female,Pune,Apparel,Woolen Sweater,1.0,720.83,40.0,9.0,,,100.0,SAVE10,
ORD101280,2023-11-01,Aadhya Deshmukh,23.0,m,Surat,Apparel,Ethnic Saree,1.0,1363.58,0.0,3.0,Net Banking,4.0,,FLAT100,
ORD101031,2023-06-07,Navya Kapoor,39.0,M,Bengaluru,Apparel,Ethnic Saree,1.0,1025.94,0.0,4.0,UPI,3.0,100.0,,
ORD100791,2024-02-18,Krishna Pillai,41.0,Female,Surat,Electronics,Power Bank 10000mAh,4.0,733.79,10.0,7.0,UPI,3.0,,,
ORD100799,2024-02-07,Ishaan Pillai,30.0,Female,Mumbai,Electronics,Wireless Mouse,5.0,1863.75,40.0,8.0,Credit Card,5.0,,NEWUSER15,
ORD101201,2023-01-12,Sai Gupta,21.0,Male,Indore,Electronics,Bluetooth Earbuds,3.0,658.4,25.0,7.0,Debit Card,1.0,60.0,,
ORD100422,2024-11-28,Ishita Kulkarni,31.0,f,Lucknow,Electronics,USB-C Cable,3.0,992.29,5.0,6.0,Credit Card,3.0,0.0,,
ORD102757,2023-10-11,Ishita Gupta,21.0,Male,Chennai,Grocery,Honey 500g,3.0,346.86,15.0,8.0,UPI,4.0,,,
ORD101883,2024-12-05,Aadhya Bhat,29.0,Male,Ahmedabad,Apparel,Formal Shirt,3.0,629.68,0.0,7.0,Credit Card,2.0,,,
ORD101785,2023-08-10,Kabir Menon,36.0,Male,Kolkata,Home & Kitchen,Kitchen Organizer,1.0,825.89,5.0,4.0,UPI,,0.0,FEST20,
ORD101479,2024-01-15,Vihaan Shah,41.0,MALE,Kochi,Home & Kitchen,Storage Container Set,2.0,1040.92,10.0,3.0,,2.0,150.0,,
ORD101928,2023-06-16,Karan Singh,39.0,M,Kochi,Grocery,Green Tea Pack,5.0,436.81,20.0,9.0,,5.0,,,
ORD102552,2023-07-17,Amit Pillai,38.0,Male,Lucknow,Beauty & Personal Care,Lip Balm Pack,1.0,275.25,20.0,5.0,Credit Card,2.0,100.0,,
ORD101529,2025-04-17,Pooja Iyer,38.0,Female,Nagpur,Beauty & Personal Care,Lip Balm Pack,2.0,277.57,0.0,2.0,Net Banking,,60.0,,
ORD100902,2023-07-19,Aadhya Agarwal,36.0,,Surat,Apparel,Ethnic Saree,2.0,1339.3,0.0,8.0,Credit Card,5.0,0.0,,
ORD100685,2024-12-30,Amit Kulkarni,19.0,Male,Surat,Home & Kitchen,Wall Clock,1.0,1194.67,0.0,8.0,Debit Card,5.0,150.0,,
ORD101551,2025-02-16,Ananya Bhat,34.0,Male,Kochi,Apparel,Woolen Sweater,3.0,1328.49,5.0,9.0,,5.0,40.0,,
ORD100159,2024-12-15,Arjun Chopra,35.0,Male,Kolkata,Apparel,Sports Track Pant,1.0,727.44,5.0,8.0,Credit Card,1.0,80.0,,
ORD100999,2024-04-12,Arjun Agarwal,30.0,Female,Chandigarh,Grocery,Assorted Dry Fruits,1.0,346.19,0.0,6.0,Debit Card,4.0,,,
ORD102952,2023-12-06,Sneha Pillai,25.0,Male,Nagpur,Electronics,Bluetooth Earbuds,5.0,567.69,0.0,2.0,,,,NEWUSER15,
ORD102858,2024-10-22,Amit Bhat,39.0,Male,Indore,Home & Kitchen,Curtain Set,3.0,1214.56,20.0,3.0,,3.0,150.0,SAVE10,Defective Product
ORD102250,2024-04-06,Aarav Shah,41.0,F,Lucknow,Home & Kitchen,Wall Clock,3.0,726.52,0.0,7.0,UPI,1.0,60.0,,
ORD100112,2024-05-21,Rohan Gupta,33.0,Male,Kochi,Home & Kitchen,Non-Stick Pan,1.0,1695.75,10.0,6.0,Net Banking,4.0,0.0,,
ORD102884,2023-11-20,Myra Pillai,30.0,Female,Kolkata,Home & Kitchen,Non-Stick Pan,2.0,1053.89,20.0,2.0,Credit Card,,0.0,SAVE10,
ORD101446,2025-05-04,Karan Joshi,26.0,M,,Grocery,Whole Wheat Atta 5kg,3.0,203.38,5.0,5.0,Debit Card,4.0,0.0,,
ORD101952,2023-03-07,Riya Nair,34.0,female,Chennai,Grocery,Basmati Rice 5kg,4.0,529.9,20.0,8.0,,4.0,0.0,,
ORD100922,2024-02-11,Pari Patel,26.0,Male,Pune,Home & Kitchen,Non-Stick Pan,1.0,,50.0,40.0,Debit Card,4.0,,,
ORD101624,2024-05-19,Ananya Kapoor,37.0,Male,Hyderabad,Electronics,Bluetooth Earbuds,3.0,1201.84,20.0,4.0,Credit Card,5.0,60.0,WELCOME50,
ORD102615,2024-09-01,Myra Chopra,41.0,Female,Indore,Electronics,Portable Speaker,1.0,912.23,25.0,7.0,Debit Card,4.0,,FEST20,
ORD101319,2024-01-13,Sneha Joshi,50.0,F,Surat,Footwear,Casual Sneakers,1.0,1821.7,25.0,8.0,UPI,,150.0,FEST20,
ORD101663,2024-01-08,Sai Kapoor,39.0,Male,Surat,Beauty & Personal Care,Perfume 50ml,1.0,617.72,40.0,6.0,Debit Card,3.0,100.0,FLAT100,Quality Not as Expected
ORD100815,2025-02-01,Myra Reddy,39.0,,,Home & Kitchen,Curtain Set,3.0,1586.2,10.0,4.0,,,,,
ORD102266,2024-09-14,Diya Iyer,32.0,Male,Lucknow,Home & Kitchen,Steel Water Bottle,3.0,1224.62,5.0,3.0,Credit Card,4.0,80.0,,
ORD101473,2023-07-08,Ishita Joshi,39.0,M,Indore,Apparel,Woolen Sweater,5.0,1388.12,30.0,9.0,Credit Card,5.0,150.0,,
ORD101773,2023-12-26,Myra Kapoor,33.0,F,Indore,Home & Kitchen,Wall Clock,3.0,477.94,15.0,8.0,Cash on Delivery,4.0,100.0,,Late Delivery
ORD100679,2025-05-02,Pari Rao,43.0,Male,Hyderabad,Apparel,Sports Track Pant,2.0,1114.55,40.0,3.0,Credit Card,4.0,,,
ORD102591,2023-12-11,Krishna Verma,51.0,Female,Kochi,Apparel,Woolen Sweater,3.0,954.97,0.0,2.0,Credit Card,4.0,60.0,FLAT100,
ORD101093,2023-10-16,Ishita Menon,16.0,Female,Hyderabad,Apparel,Woolen Sweater,1.0,603.02,25.0,5.0,Cash on Delivery,3.0,,FLAT100,
ORD100080,2025-05-06,Priya Chopra,23.0,F,Nagpur,Footwear,Casual Sneakers,3.0,1114.93,50.0,3.0,Cash on Delivery,5.0,60.0,SAVE10,
ORD101950,2025-04-13,Arjun Singh,56.0,Female,Mumbai,Electronics,Smartphone Cover,4.0,2465.33,20.0,6.0,UPI,5.0,,,
ORD102494,2024-01-17,Vihaan Reddy,29.0,Male,Chennai,Grocery,Cooking Oil 1L,1.0,267.87,25.0,8.0,UPI,,40.0,FLAT100,
ORD101239,2023-02-07,Myra Bhat,18.0,Other,Kolkata,Beauty & Personal Care,Beard Trimmer,3.0,769.33,10.0,2.0,Credit Card,,40.0,,
ORD100329,2024-05-20,Rohan Singh,45.0,Male,Lucknow,Electronics,Smartphone Cover,1.0,1953.62,20.0,40.0,Cash on Delivery,5.0,60.0,,
ORD100242,2023-03-28,Ananya Mehta,,M,Ahmedabad,Apparel,Denim Jeans,3.0,343.29,30.0,2.0,Debit Card,2.0,,,
ORD100641,2024-01-04,Anika Chopra,34.0,f,Surat,Beauty & Personal Care,Body Lotion,3.0,339.09,40.0,8.0,,5.0,,,Changed Mind
ORD100696,2024-10-19,Diya Joshi,40.0,Female,,Home & Kitchen,Storage Container Set,1.0,1313.32,40.0,7.0,UPI,4.0,0.0,,
ORD102257,2024-08-17,Sai Menon,99.0,Male,Surat,Home & Kitchen,Storage Container Set,0.0,854.68,30.0,5.0,UPI,5.0,100.0,,
ORD100753,2023-12-17,Myra Kapoor,22.0,m,Nagpur,Grocery,Cooking Oil 1L,1.0,491.55,0.0,4.0,Debit Card,4.0,100.0,,Size Issue
ORD100435,2023-04-23,Rahul Agarwal,17.0,F,Mumbai,Grocery,Assorted Dry Fruits,1.0,688.08,10.0,5.0,Cash on Delivery,3.0,0.0,,
ORD101563,2025-04-17,Karan Menon,23.0,Female,Ahmedabad,Footwear,Flip Flops,1.0,693.41,20.0,6.0,Credit Card,5.0,,NEWUSER15,
ORD101934,2023-05-14,Sai Menon,38.0,M,,Apparel,Sports Track Pant,2.0,731.35,15.0,5.0,Debit Card,4.0,150.0,,Quality Not as Expected
ORD102797,2024-05-31,Aadhya Kapoor,24.0,F,Lucknow,Footwear,Formal Leather Shoes,2.0,2008.82,25.0,5.0,Cash on Delivery,4.0,100.0,,
ORD101712,2025-03-12,Rahul Menon,34.0,M,Indore,Beauty & Personal Care,Lip Balm Pack,3.0,717.17,25.0,7.0,Debit Card,3.0,0.0,,
ORD100551,2023-12-25,Anika Reddy,28.0,Male,Delhi,Electronics,Power Bank 10000mAh,1.0,1262.84,25.0,9.0,Credit Card,3.0,0.0,,
ORD102846,2025-02-24,Pari Agarwal,43.0,Female,Delhi,Home & Kitchen,Curtain Set,1.0,1102.64,10.0,9.0,Debit Card,3.0,40.0,WELCOME50,
ORD100601,2024-12-10,Reyansh Agarwal,34.0,Male,Lucknow,Apparel,Women Kurti,4.0,348.18,10.0,6.0,,3.0,60.0,WELCOME50,
ORD101964,2025-01-14,Amit Reddy,32.0,Male,Chandigarh,Home & Kitchen,LED Table Lamp,4.0,526.5,20.0,2.0,,5.0,0.0,,Wrong Item Delivered
ORD101013,2023-10-14,Arjun Bhat,39.0,MALE,Jaipur,Electronics,Wireless Mouse,3.0,2029.18,0.0,8.0,Credit Card,2.0,40.0,FLAT100,
ORD102497,2025-03-20,Ishaan Kapoor,28.0,Male,Hyderabad,Apparel,Women Kurti,3.0,639.15,25.0,9.0,UPI,,,,Defective Product
ORD101427,2025-04-02,Reyansh Joshi,43.0,F,Lucknow,Electronics,Smartphone Cover,3.0,1873.43,0.0,6.0,UPI,3.0,40.0,,Late Delivery
ORD102012,2023-05-20,Aditya Patel,40.0,m,Pune,Footwear,Formal Leather Shoes,2.0,1334.54,0.0,3.0,Credit Card,3.0,,,Size Issue
ORD101386,2023-11-15,Sara Shah,37.0,F,Pune,Beauty & Personal Care,Face Wash 100ml,3.0,187.51,15.0,8.0,Net Banking,4.0,0.0,,
ORD101295,2024-04-13,Ishaan Rao,26.0,Male,Ahmedabad,Home & Kitchen,Cotton Bedsheet Set,2.0,1690.9,30.0,6.0,Cash on Delivery,5.0,0.0,WELCOME50,
ORD100466,2023-06-01,Rohan Shah,40.0,Male,Jaipur,Grocery,Spices Combo Pack,3.0,131.4,10.0,2.0,Credit Card,5.0,0.0,WELCOME50,Defective Product
ORD101499,2025-02-05,Navya Pillai,27.0,Female,Chandigarh,Grocery,Instant Noodles Pack,2.0,216.9,25.0,8.0,Cash on Delivery,,,,
ORD102606,2024-04-30,Sara Iyer,41.0,Male,Chennai,Electronics,USB-C Cable,3.0,1868.53,0.0,4.0,,4.0,,FLAT100,
ORD102975,2024-03-03,Rohan Agarwal,43.0,Female,Surat,Apparel,Ethnic Saree,1.0,1312.5,50.0,8.0,UPI,2.0,,WELCOME50,
ORD100277,2024-12-14,Reyansh Agarwal,30.0,m,Chandigarh,Apparel,Woolen Sweater,1.0,1297.21,0.0,8.0,Credit Card,,,,
ORD101069,2023-01-10,Neha Kapoor,34.0,,Pune,Grocery,Honey 500g,3.0,116.91,10.0,8.0,UPI,,,,
ORD101548,2024-03-26,Ishaan Kapoor,28.0,M,,Apparel,Women Kurti,1.0,1310.56,20.0,9.0,Cash on Delivery,5.0,0.0,,
ORD101024,2023-11-06,Arjun Bhat,52.0,Female,,Electronics,Wireless Mouse,3.0,1378.26,0.0,4.0,Debit Card,,,,
ORD101465,2023-04-12,Arjun Sharma,27.0,F,Hyderabad,Footwear,Casual Sneakers,1.0,791.68,0.0,7.0,UPI,5.0,,,
ORD100940,2024-09-21,Aarav Joshi,52.0,M,Hyderabad,Electronics,Power Bank 10000mAh,1.0,1206.34,25.0,2.0,Credit Card,3.0,0.0,,
ORD101466,2024-08-01,Pooja Joshi,31.0,Female,Kolkata,Grocery,Green Tea Pack,1.0,324.33,5.0,5.0,UPI,4.0,0.0,WELCOME50,
ORD101323,2023-10-10,Myra Reddy,37.0,Male ,Mumbai,Beauty & Personal Care,Face Wash 100ml,1.0,869.23,25.0,3.0,Debit Card,1.0,0.0,NEWUSER15,
ORD101399,2023-12-12,Pari Agarwal,29.0,Male,Indore,Grocery,Cooking Oil 1L,4.0,411.59,40.0,2.0,,5.0,40.0,,
ORD102514,2023-04-05,Sneha Menon,37.0,Male,Indore,Grocery,Spices Combo Pack,3.0,333.1,5.0,9.0,Credit Card,3.0,0.0,,
ORD101449,2024-10-25,Karan Menon,25.0,,Bengaluru,Home & Kitchen,Cotton Bedsheet Set,1.0,1036.42,0.0,6.0,,1.0,,FEST20,
ORD100906,2024-01-10,Aarav Menon,40.0,Male,Lucknow,Home & Kitchen,Storage Container Set,2.0,466.39,5.0,8.0,Cash on Delivery,5.0,,,
ORD102710,2023-03-02,Aditya Rao,22.0,f,Chandigarh,Apparel,Kids Hoodie,3.0,1163.95,0.0,6.0,,4.0,,,Late Delivery
ORD101895,2025-02-14,Myra Kulkarni,26.0,f,Lucknow,Apparel,Men Cotton T-Shirt,4.0,1171.07,25.0,3.0,Credit Card,4.0,0.0,,
ORD100388,2025-03-23,Aditya Gupta,40.0,Male,Kochi,Grocery,Instant Noodles Pack,2.0,576.29,15.0,7.0,UPI,3.0,80.0,,
ORD102070,2023-06-22,Kavya Kulkarni,41.0,Male,Hyderabad,Apparel,Ethnic Saree,2.0,602.9,15.0,4.0,UPI,1.0,150.0,,
ORD102398,2023-08-18,Krishna Menon,29.0,,,Electronics,Bluetooth Earbuds,1.0,2243.19,0.0,9.0,Credit Card,1.0,0.0,NEWUSER15,
ORD102172,2023-11-21,Priya Pillai,36.0,MALE,Pune,Footwear,Sandals,2.0,1078.92,0.0,2.0,,,80.0,,
ORD100880,2023-03-20,Sneha Rao,37.0,M,Indore,Home & Kitchen,LED Table Lamp,1.0,1599.86,0.0,6.0,Credit Card,2.0,60.0,,
ORD102769,2025-05-23,Ishita Nair,36.0,F,Jaipur,Beauty & Personal Care,Lip Balm Pack,1.0,267.11,0.0,8.0,,,150.0,,
ORD100050,2024-11-23,Arjun Mehta,35.0,Female,Bengaluru,Apparel,Denim Jeans,5.0,1287.81,10.0,3.0,Credit Card,5.0,60.0,,
ORD101887,2024-10-20,Navya Joshi,32.0,,Chandigarh,Footwear,Formal Leather Shoes,1.0,1086.43,10.0,5.0,Credit Card,,,,Quality Not as Expected
ORD101702,2024-12-27,Myra Kulkarni,27.0,F,Hyderabad,Apparel,Women Kurti,1.0,663.97,5.0,4.0,Credit Card,4.0,60.0,FEST20,
ORD100133,2024-05-24,Amit Chopra,32.0,Female,Pune,Electronics,Smartphone Cover,4.0,675.39,25.0,8.0,Credit Card,,60.0,SAVE10,
ORD101105,2023-06-14,Priya Joshi,31.0,Female,Chennai,Electronics,Smartwatch Band,4.0,1441.21,10.0,2.0,Debit Card,4.0,,,
ORD100703,2023-06-06,Navya Verma,30.0,Female,Indore,Home & Kitchen,Kitchen Organizer,3.0,414.57,10.0,3.0,Debit Card,3.0,,,
ORD100482,2023-08-17,Amit Iyer,31.0,Female,Delhi,Beauty & Personal Care,Face Wash 100ml,3.0,115.49,10.0,2.0,UPI,3.0,100.0,,
ORD101145,2024-03-15,Krishna Pillai,41.0,f,Lucknow,Footwear,Running Shoes,2.0,514.75,0.0,6.0,,,,,
ORD102038,2025-06-19,Kabir Kapoor,29.0,Female,Chandigarh,Footwear,Formal Leather Shoes,3.0,1000.61,10.0,4.0,Credit Card,5.0,0.0,,
ORD102978,2023-09-15,Nikhil Mehta,21.0,Male,Lucknow,Grocery,Spices Combo Pack,4.0,132.05,10.0,8.0,,2.0,80.0,FLAT100,
ORD100066,2025-04-04,Krishna Deshmukh,40.0,Female,Bengaluru,Home & Kitchen,Storage Container Set,4.0,1382.71,5.0,5.0,,,,NEWUSER15,Quality Not as Expected
ORD102313,2023-02-18,Sai Menon,,Male,Bengaluru,Footwear,Running Shoes,2.0,2043.44,20.0,8.0,UPI,,80.0,,
ORD102671,2024-01-25,Diya Bhat,52.0,m,Chennai,Electronics,LED Bulb Smart,1.0,,0.0,7.0,,3.0,60.0,,
ORD100907,2024-12-15,Ananya Iyer,36.0,F,Kochi,Apparel,Women Kurti,1.0,347.92,0.0,7.0,Credit Card,4.0,0.0,,
ORD100031,2023-07-27,Amit Joshi,47.0,MALE,Surat,Apparel,Women Kurti,4.0,325.46,0.0,4.0,Debit Card,,150.0,NEWUSER15,
ORD102870,2023-09-15,Sai Singh,30.0,Female,Nagpur,Apparel,Formal Shirt,2.0,396.28,15.0,2.0,Debit Card,3.0,0.0,,Wrong Item Delivered
ORD100010,2023-01-10,Reyansh Kapoor,,F,Bengaluru,Footwear,Sandals,2.0,2106.83,15.0,9.0,UPI,4.0,0.0,,
ORD100064,2024-01-10,Aarav Kapoor,44.0,M,Bengaluru,Beauty & Personal Care,Herbal Shampoo,4.0,323.99,5.0,5.0,Credit Card,,,,
ORD100776,2024-01-22,Krishna Kulkarni,29.0,Female,Chandigarh,Home & Kitchen,Storage Container Set,3.0,,0.0,9.0,Credit Card,3.0,80.0,,
ORD100077,2023-07-26,Anika Chopra,49.0,M,Chennai,Grocery,Whole Wheat Atta 5kg,3.0,615.84,20.0,4.0,UPI,5.0,0.0,,
ORD100491,2025-03-01,Kabir Nair,34.0,Female,Chandigarh,Home & Kitchen,Storage Container Set,2.0,715.21,50.0,7.0,UPI,,,,
ORD102653,2023-12-06,Vihaan Kapoor,43.0,Female,Hyderabad,Beauty & Personal Care,Face Wash 100ml,1.0,577.96,15.0,8.0,UPI,3.0,,,
ORD102113,2025-04-09,Arjun Chopra,36.0,Female,Jaipur,Electronics,Portable Speaker,1.0,1333.25,10.0,5.0,UPI,2.0,,,
ORD102794,2023-03-05,Ananya Sharma,15.0,Female,Kolkata,Grocery,Assorted Dry Fruits,1.0,255.95,10.0,3.0,UPI,5.0,60.0,FEST20,
ORD102344,2024-06-19,Aditya Menon,,Female,Surat,Grocery,Green Tea Pack,4.0,329.1,40.0,5.0,UPI,2.0,40.0,NEWUSER15,
ORD100591,2023-10-06,Aditya Joshi,,,Surat,Electronics,LED Bulb Smart,1.0,2357.64,20.0,2.0,Debit Card,4.0,40.0,,
ORD101285,2023-12-23,Arjun Nair,16.0,F,Lucknow,Grocery,Assorted Dry Fruits,1.0,687.0,0.0,8.0,Net Banking,3.0,40.0,,
ORD102226,2025-03-10,Sara Joshi,24.0,Male,Hyderabad,Grocery,Spices Combo Pack,4.0,266.96,0.0,5.0,Credit Card,2.0,0.0,,
ORD100724,2024-12-17,Rohan Singh,32.0,Male,Indore,Electronics,Bluetooth Earbuds,2.0,1126.04,20.0,9.0,UPI,5.0,,,
ORD102548,2024-03-04,Nikhil Bhat,45.0,Male,Jaipur,Beauty & Personal Care,Lip Balm Pack,1.0,834.67,15.0,2.0,UPI,4.0,150.0,NEWUSER15,Wrong Item Delivered
ORD101212,2024-10-13,Sara Joshi,39.0,Female,Jaipur,Apparel,Kids Hoodie,1.0,895.38,0.0,8.0,Debit Card,4.0,,,
ORD102299,2025-03-24,Anika Reddy,28.0,M,Surat,Beauty & Personal Care,Hair Oil 200ml,3.0,204.3,15.0,2.0,UPI,4.0,60.0,,
ORD102610,2025-06-03,Rohan Rao,42.0,Other,Chennai,Electronics,Portable Speaker,1.0,668.83,0.0,5.0,Credit Card,5.0,80.0,,
ORD101637,2024-07-20,Sara Verma,46.0,f,Lucknow,Home & Kitchen,Wall Clock,2.0,1252.54,15.0,7.0,UPI,,80.0,,
ORD102890,2023-05-16,Pari Mehta,26.0,,Pune,Grocery,Assorted Dry Fruits,2.0,93.08,15.0,35.0,UPI,,80.0,,
ORD102970,2023-10-14,Ishaan Shah,26.0,Male,Indore,Home & Kitchen,Kitchen Organizer,1.0,766.23,25.0,9.0,Cash on Delivery,4.0,60.0,,Size Issue
ORD100982,2023-10-25,Kavya Singh,28.0,Male,Kolkata,Home & Kitchen,Storage Container Set,5.0,1167.4,15.0,2.0,Net Banking,,0.0,,
ORD100706,2023-01-08,Diya Gupta,48.0,,Ahmedabad,Home & Kitchen,Kitchen Organizer,1.0,817.97,25.0,3.0,,2.0,0.0,,
ORD101687,2024-01-07,Arjun Agarwal,42.0,Male,Indore,Electronics,USB-C Cable,3.0,2130.77,0.0,6.0,Credit Card,5.0,150.0,,Defective Product
ORD102651,2023-10-01,Pooja Deshmukh,34.0,Male,Nagpur,Beauty & Personal Care,Herbal Shampoo,1.0,,15.0,4.0,,5.0,40.0,FLAT100,
ORD100273,2025-05-23,Diya Nair,34.0,Female,Indore,Electronics,Smartwatch Band,3.0,2107.57,15.0,8.0,UPI,5.0,0.0,,Defective Product
ORD101709,2023-07-13,Vivaan Shah,17.0,Female,Chandigarh,Grocery,Spices Combo Pack,2.0,156.1,0.0,2.0,UPI,5.0,,,
ORD102772,2024-01-18,Rahul Pillai,27.0,F,Hyderabad,Grocery,Assorted Dry Fruits,5.0,195.64,10.0,5.0,,5.0,80.0,,
ORD100963,2023-07-18,Aarav Deshmukh,33.0,Male,Bengaluru,Apparel,Denim Jeans,1.0,1144.98,20.0,3.0,,3.0,0.0,,
ORD102543,2023-12-06,Rahul Deshmukh,46.0,female,Chennai,Apparel,Ethnic Saree,2.0,1478.74,20.0,9.0,Debit Card,,60.0,,Changed Mind
ORD102889,2023-06-27,Karan Pillai,36.0,Male ,Chennai,Apparel,Denim Jeans,4.0,1467.05,10.0,8.0,Credit Card,2.0,150.0,,
ORD100351,2023-02-10,Rahul Shah,40.0,Female,Jaipur,Beauty & Personal Care,Face Wash 100ml,2.0,386.15,0.0,6.0,UPI,5.0,,,
ORD102692,2025-04-09,Myra Deshmukh,44.0,Other,Nagpur,Home & Kitchen,Storage Container Set,1.0,304.41,10.0,6.0,,2.0,0.0,,
ORD102586,2024-11-04,Aarav Verma,42.0,Female,Kolkata,Footwear,Casual Sneakers,2.0,1118.92,20.0,5.0,UPI,3.0,,,
ORD101452,2023-02-16,Sai Menon,33.0,Male,Delhi,Electronics,Portable Speaker,4.0,821.58,0.0,7.0,Credit Card,4.0,40.0,,
ORD100149,2024-01-02,Diya Deshmukh,34.0,Male,Delhi,Grocery,Spices Combo Pack,1.0,366.03,5.0,7.0,Debit Card,2.0,,,
ORD101757,2024-07-08,Sai Rao,39.0,Male,Chandigarh,Footwear,Casual Sneakers,4.0,1199.23,10.0,4.0,Net Banking,2.0,100.0,WELCOME50,
ORD100218,2024-01-05,Amit Kulkarni,32.0,Male,Kolkata,Electronics,Wireless Mouse,1.0,1315.3,5.0,9.0,Net Banking,,0.0,,
ORD100239,2024-07-25,Pooja Agarwal,37.0,F,Kolkata,Grocery,Spices Combo Pack,2.0,667.91,0.0,4.0,UPI,,40.0,FLAT100,
ORD101131,2024-09-02,Diya Deshmukh,15.0,Male,Nagpur,Grocery,Cooking Oil 1L,2.0,357.63,0.0,9.0,Debit Card,3.0,150.0,FEST20,
ORD102737,2023-06-21,Diya Kulkarni,44.0,Female,Chennai,Apparel,Woolen Sweater,4.0,980.99,0.0,4.0,,4.0,80.0,,
ORD102239,2023-11-12,Ishita Joshi,,Female,Kolkata,Footwear,Formal Leather Shoes,2.0,2161.06,15.0,3.0,Credit Card,2.0,,,
ORD102381,2024-02-13,Riya Reddy,32.0,Male,Hyderabad,Footwear,Formal Leather Shoes,1.0,1243.47,5.0,7.0,Net Banking,3.0,0.0,,
ORD101253,2024-12-24,Kabir Kulkarni,42.0,Male,Chennai,Electronics,Wireless Mouse,2.0,1212.89,30.0,5.0,Credit Card,1.0,0.0,,
ORD101053,2025-05-23,Arjun Iyer,40.0,f,Delhi,Grocery,Cooking Oil 1L,1.0,461.42,0.0,3.0,Credit Card,,,,Wrong Item Delivered
ORD101668,2024-04-30,Kabir Kapoor,35.0,Male ,Lucknow,Footwear,Flip Flops,1.0,1907.37,5.0,5.0,,2.0,150.0,,
ORD102575,2023-10-27,Ishita Agarwal,31.0,Male ,Ahmedabad,Apparel,Ethnic Saree,4.0,699.77,5.0,7.0,UPI,,0.0,FEST20,
ORD101225,2025-06-02,Diya Kulkarni,46.0,Male,,Apparel,Women Kurti,3.0,616.8,20.0,4.0,,,,WELCOME50,
ORD101357,2023-05-03,Neha Iyer,40.0,Female,Lucknow,Footwear,Casual Sneakers,1.0,1621.08,0.0,7.0,UPI,5.0,40.0,,
ORD100775,2025-05-16,Aadhya Menon,22.0,Male,Kochi,Grocery,Spices Combo Pack,3.0,545.46,0.0,9.0,UPI,5.0,,,
ORD102654,2024-01-08,Neha Reddy,29.0,F,Lucknow,Home & Kitchen,Cotton Bedsheet Set,1.0,449.27,5.0,4.0,Net Banking,4.0,,,
ORD100839,2025-04-09,Vihaan Kapoor,54.0,Female,,Home & Kitchen,LED Table Lamp,1.0,442.69,30.0,6.0,Debit Card,,60.0,,
ORD100627,2023-12-01,Ananya Agarwal,26.0,f,Ahmedabad,Electronics,Smartphone Cover,1.0,2013.28,25.0,2.0,Credit Card,5.0,0.0,NEWUSER15,
ORD100323,2025-04-14,Vivaan Kulkarni,23.0,Male,Surat,Grocery,Green Tea Pack,2.0,351.99,30.0,3.0,UPI,5.0,0.0,,
ORD102749,2025-06-06,Ananya Menon,18.0,Female,Chandigarh,Home & Kitchen,Non-Stick Pan,100.0,,5.0,3.0,Debit Card,2.0,0.0,,
ORD102979,2024-03-09,Aadhya Deshmukh,34.0,M,Surat,Footwear,Sandals,1.0,1505.16,15.0,5.0,Credit Card,4.0,100.0,FEST20,
ORD101867,2024-11-23,Ishaan Iyer,24.0,Male,Pune,Electronics,Smartwatch Band,1.0,1132.48,15.0,8.0,Net Banking,4.0,,,
ORD101160,2024-06-15,Sara Iyer,,Male,Lucknow,Electronics,Smartphone Cover,4.0,1319.15,5.0,9.0,UPI,,60.0,,
ORD101076,2024-10-10,Sneha Kapoor,52.0,F,Kolkata,Home & Kitchen,Cotton Bedsheet Set,2.0,1072.03,15.0,4.0,Credit Card,4.0,60.0,,
ORD100437,2025-04-25,Arjun Shah,29.0,M,Mumbai,Footwear,Running Shoes,1.0,1073.84,25.0,7.0,Credit Card,3.0,0.0,WELCOME50,
ORD100119,2023-04-15,Riya Mehta,16.0,Female,Mumbai,Electronics,Bluetooth Earbuds,1.0,729.75,20.0,9.0,Credit Card,4.0,0.0,FEST20,
ORD102678,2024-06-12,Sneha Deshmukh,22.0,Male,Pune,Apparel,Woolen Sweater,1.0,459.46,0.0,6.0,Debit Card,4.0,,FEST20,
ORD102505,2023-04-16,Ishaan Reddy,35.0,female,Delhi,Electronics,Wireless Mouse,2.0,2116.74,0.0,3.0,Debit Card,,60.0,,
ORD102683,2023-10-27,Navya Reddy,47.0,Male,Mumbai,Apparel,Sports Track Pant,2.0,793.51,50.0,7.0,UPI,,80.0,WELCOME50,
ORD101814,2025-03-15,Pooja Gupta,36.0,M,Nagpur,Beauty & Personal Care,Hair Oil 200ml,2.0,,15.0,2.0,Debit Card,5.0,60.0,,
ORD101839,2024-05-18,Neha Gupta,40.0,Male,Lucknow,Grocery,Green Tea Pack,1.0,507.95,15.0,3.0,Credit Card,,0.0,,
ORD101026,2023-03-12,Rahul Deshmukh,45.0,Female,Surat,Apparel,Kids Hoodie,1.0,626.5,15.0,9.0,,4.0,40.0,,
ORD100076,2023-10-28,Rohan Bhat,29.0,Female,Jaipur,Grocery,Assorted Dry Fruits,2.0,125.53,0.0,5.0,Credit Card,4.0,,,
ORD100900,2023-01-04,Reyansh Shah,19.0,Female,Ahmedabad,Electronics,Bluetooth Earbuds,4.0,2133.58,30.0,9.0,UPI,4.0,,,
ORD100371,2024-08-25,Karan Reddy,,m,Chennai,Apparel,Kids Hoodie,1.0,,10.0,3.0,Debit Card,3.0,0.0,FEST20,
ORD101204,2024-12-20,Myra Kapoor,31.0,F,Pune,Beauty & Personal Care,Herbal Shampoo,1.0,559.66,15.0,5.0,Debit Card,,0.0,,
ORD102581,2023-12-11,Ishita Bhat,48.0,Female,Chennai,Electronics,LED Bulb Smart,1.0,1861.87,25.0,4.0,Cash on Delivery,4.0,40.0,,
ORD100941,2023-12-05,Riya Joshi,43.0,M,Chennai,Home & Kitchen,Cotton Bedsheet Set,2.0,204.87,10.0,2.0,,5.0,60.0,,
ORD100552,2024-01-24,Anika Pillai,53.0,F,Bengaluru,Beauty & Personal Care,Face Wash 100ml,1.0,,30.0,3.0,Credit Card,,,SAVE10,
ORD100406,2024-01-31,Aditya Kulkarni,33.0,Male,Chandigarh,Electronics,Smartphone Cover,2.0,1566.07,15.0,5.0,,5.0,,FEST20,
ORD102117,2024-05-08,Ishita Shah,56.0,f,Surat,Grocery,Basmati Rice 5kg,2.0,281.75,50.0,9.0,,,,,
ORD101613,2024-09-23,Sai Reddy,32.0,M,Nagpur,Electronics,Smartwatch Band,3.0,1923.44,0.0,7.0,,5.0,,,
ORD100968,2025-04-18,Navya Verma,30.0,Other,Chennai,Electronics,LED Bulb Smart,3.0,1484.78,10.0,2.0,Cash on Delivery,1.0,100.0,,
ORD102349,2024-04-04,Pooja Menon,36.0,M,Hyderabad,Beauty & Personal Care,Perfume 50ml,3.0,122.29,50.0,2.0,UPI,3.0,,,
ORD101746,2025-06-19,Riya Kapoor,150.0,Male,Pune,Beauty & Personal Care,Body Lotion,4.0,796.51,20.0,9.0,Credit Card,4.0,0.0,,
ORD100689,2024-12-13,Navya Reddy,39.0,Female,,Footwear,Sandals,2.0,,5.0,3.0,Credit Card,4.0,100.0,,
ORD101738,2023-01-10,Nikhil Gupta,34.0,Male,Chennai,Electronics,Smartwatch Band,3.0,2182.51,5.0,7.0,,4.0,,,Changed Mind
ORD100236,2024-08-27,Ishita Mehta,42.0,Male,Lucknow,Beauty & Personal Care,Perfume 50ml,1.0,731.04,15.0,7.0,UPI,4.0,40.0,FEST20,
ORD102907,2024-10-22,Ishaan Deshmukh,15.0,Male,Lucknow,Beauty & Personal Care,Herbal Shampoo,1.0,583.35,10.0,9.0,Credit Card,5.0,0.0,FLAT100,
ORD101986,2025-01-23,Ishita Sharma,38.0,Male,,Apparel,Kids Hoodie,1.0,683.12,10.0,3.0,Cash on Delivery,4.0,,FLAT100,
ORD101983,2024-11-15,Aadhya Rao,21.0,m,Kochi,Home & Kitchen,Wall Clock,3.0,364.65,10.0,5.0,,,,WELCOME50,
ORD100499,2024-01-23,Vihaan Kapoor,26.0,Female,Pune,Electronics,USB-C Cable,3.0,1387.89,0.0,8.0,Debit Card,1.0,,,
ORD100822,2023-05-05,Vihaan Verma,40.0,Male,Delhi,Home & Kitchen,Curtain Set,1.0,1063.49,0.0,4.0,Credit Card,5.0,80.0,,
ORD100794,2024-12-24,Anika Chopra,31.0,MALE,Delhi,Home & Kitchen,Non-Stick Pan,2.0,737.56,10.0,9.0,,,80.0,NEWUSER15,
ORD100990,2023-11-09,Nikhil Kapoor,29.0,Male,Lucknow,Apparel,Denim Jeans,4.0,545.26,5.0,2.0,Debit Card,5.0,,,Defective Product
ORD100567,2023-08-16,Sai Bhat,34.0,Other,Bengaluru,Footwear,Casual Sneakers,5.0,2188.5,20.0,7.0,Debit Card,5.0,0.0,,
ORD102435,2024-05-28,Nikhil Bhat,31.0,Female,Delhi,Grocery,Basmati Rice 5kg,1.0,207.47,0.0,3.0,UPI,,100.0,,
ORD100390,2024-11-11,Vivaan Joshi,41.0,M,Hyderabad,Footwear,Casual Sneakers,5.0,735.49,0.0,7.0,Credit Card,,,FLAT100,
ORD100743,2023-12-24,Sneha Menon,40.0,Male,Indore,Electronics,Power Bank 10000mAh,3.0,1814.31,0.0,4.0,Debit Card,,80.0,,
ORD102400,2023-01-06,Reyansh Mehta,35.0,F,Jaipur,Home & Kitchen,Kitchen Organizer,1.0,1748.47,25.0,4.0,,4.0,100.0,,
ORD101217,2024-10-29,Myra Menon,48.0,F,Nagpur,Footwear,Running Shoes,1.0,839.48,0.0,5.0,Credit Card,4.0,80.0,,
ORD100235,2024-10-17,Reyansh Mehta,49.0,MALE,Kolkata,Grocery,Whole Wheat Atta 5kg,4.0,402.96,30.0,8.0,,,,,
ORD102804,2023-06-06,Diya Menon,28.0,Male,,Footwear,Running Shoes,4.0,,50.0,9.0,Debit Card,5.0,60.0,NEWUSER15,
ORD100480,2023-09-20,Riya Nair,29.0,Male,Bengaluru,Beauty & Personal Care,Perfume 50ml,1.0,194.53,5.0,4.0,Credit Card,,150.0,,
ORD102042,2024-11-10,Aarav Iyer,40.0,Female,,Beauty & Personal Care,Sunscreen SPF50,1.0,437.76,0.0,4.0,Cash on Delivery,5.0,0.0,NEWUSER15,
ORD101677,2024-01-17,Aadhya Kulkarni,29.0,Male,Lucknow,Grocery,Green Tea Pack,1.0,437.26,10.0,3.0,Debit Card,4.0,60.0,,
ORD102784,2025-04-10,Aarav Gupta,48.0,Male,Ahmedabad,Home & Kitchen,Non-Stick Pan,2.0,1087.81,20.0,5.0,Credit Card,2.0,0.0,,
ORD102937,2024-10-19,Sneha Sharma,32.0,Male ,Kolkata,Apparel,Sports Track Pant,1.0,1268.62,20.0,9.0,UPI,,,,
ORD100678,2024-10-08,Anika Kulkarni,20.0,Male ,Bengaluru,Footwear,Sandals,4.0,1594.77,0.0,7.0,,3.0,,NEWUSER15,
ORD102833,2024-05-12,Ishaan Agarwal,68.0,Male,Nagpur,Home & Kitchen,Non-Stick Pan,1.0,449.51,20.0,6.0,Credit Card,4.0,,,Changed Mind
ORD100120,2024-02-05,Vihaan Kapoor,18.0,Female,Nagpur,Electronics,Portable Speaker,1.0,762.26,20.0,6.0,UPI,,100.0,,
ORD101272,2025-04-28,Neha Patel,39.0,Female,Kolkata,Apparel,Women Kurti,1.0,332.38,25.0,8.0,Credit Card,,,,Late Delivery
ORD100926,2024-05-08,Myra Nair,20.0,M,,Grocery,Whole Wheat Atta 5kg,2.0,162.06,0.0,4.0,,3.0,,,Defective Product
ORD101594,2024-10-01,Aarav Chopra,,M,Chennai,Footwear,Flip Flops,1.0,1322.64,15.0,7.0,UPI,,60.0,FEST20,
ORD100223,2023-07-04,Pooja Gupta,45.0,Female,Chennai,Electronics,USB-C Cable,1.0,2235.99,25.0,5.0,UPI,4.0,,FEST20,
ORD100766,2024-07-12,Diya Sharma,50.0,Male,Lucknow,Grocery,Basmati Rice 5kg,4.0,593.06,0.0,7.0,Credit Card,4.0,100.0,,
ORD100613,2024-10-07,Myra Verma,15.0,Female,Bengaluru,Grocery,Spices Combo Pack,2.0,368.66,5.0,6.0,Debit Card,3.0,100.0,,
ORD101245,2025-06-16,Sara Nair,33.0,Female,Hyderabad,Beauty & Personal Care,Face Wash 100ml,200.0,386.69,0.0,7.0,Cash on Delivery,4.0,40.0,,
ORD101540,2023-01-22,Kabir Verma,37.0,M,Mumbai,Beauty & Personal Care,Face Wash 100ml,2.0,888.83,5.0,4.0,Credit Card,1.0,80.0,,
ORD100052,2023-11-28,Aditya Shah,38.0,Male,Ahmedabad,Grocery,Honey 500g,1.0,286.2,0.0,6.0,,2.0,0.0,,
ORD100529,2025-04-19,Sara Iyer,,Female,Jaipur,Footwear,Formal Leather Shoes,2.0,1108.6,25.0,6.0,UPI,5.0,0.0,,
ORD101899,2023-11-06,Sneha Joshi,26.0,Male,Mumbai,Home & Kitchen,Curtain Set,1.0,1553.92,15.0,2.0,Debit Card,1.0,,,
ORD102981,2023-10-17,Myra Gupta,31.0,m,Bengaluru,Apparel,Formal Shirt,3.0,850.62,5.0,2.0,Net Banking,5.0,,,
ORD100818,2024-08-29,Anika Chopra,95.0,Male,Chennai,Apparel,Woolen Sweater,4.0,853.42,15.0,7.0,Net Banking,5.0,80.0,,
ORD100155,2024-08-26,Myra Kulkarni,,female,Hyderabad,Apparel,Denim Jeans,1.0,991.95,0.0,3.0,,4.0,100.0,,
ORD102926,2024-07-15,Reyansh Agarwal,39.0,Male,Jaipur,Electronics,Wireless Mouse,1.0,678.78,0.0,4.0,UPI,,80.0,,
ORD100248,2024-11-16,Pari Iyer,31.0,Female,Lucknow,Apparel,Men Cotton T-Shirt,4.0,1272.62,5.0,4.0,Credit Card,,60.0,,Defective Product
ORD100761,2024-05-18,Aarav Iyer,15.0,Male,Kolkata,Footwear,Flip Flops,3.0,913.28,10.0,9.0,,,0.0,,
ORD101894,2023-05-03,Neha Iyer,15.0,,Hyderabad,Grocery,Spices Combo Pack,1.0,306.23,15.0,4.0,Credit Card,5.0,0.0,FLAT100,
ORD102029,2023-11-09,Arjun Iyer,49.0,Male,Jaipur,Footwear,Flip Flops,4.0,2124.64,20.0,6.0,UPI,4.0,80.0,,
ORD101130,2024-01-06,Vihaan Kulkarni,40.0,Female,Chennai,Beauty & Personal Care,Beard Trimmer,1.0,422.3,15.0,4.0,Net Banking,,60.0,,
ORD100542,2023-06-27,Sara Agarwal,29.0,Female,Kochi,Footwear,Flip Flops,2.0,844.67,10.0,3.0,,,0.0,,
ORD100793,2023-01-16,Aadhya Mehta,18.0,m,Delhi,Apparel,Sports Track Pant,2.0,1248.17,10.0,8.0,,5.0,80.0,,
ORD101725,2024-12-14,Sneha Reddy,42.0,M,Indore,Home & Kitchen,LED Table Lamp,2.0,1518.5,20.0,3.0,Debit Card,3.0,,,
ORD100628,2024-04-05,Sneha Joshi,41.0,M,Mumbai,Beauty & Personal Care,Face Wash 100ml,2.0,354.21,0.0,2.0,Debit Card,3.0,,SAVE10,
ORD102198,2023-01-05,Sara Gupta,26.0,M,Indore,Electronics,USB-C Cable,3.0,1904.26,5.0,4.0,UPI,2.0,,,
ORD102748,2023-11-25,Rohan Patel,33.0,Male,Mumbai,Electronics,LED Bulb Smart,3.0,565.66,15.0,5.0,Net Banking,5.0,80.0,,
ORD102339,2023-03-26,Rohan Chopra,43.0,M,Pune,Home & Kitchen,Cotton Bedsheet Set,2.0,202.39,25.0,6.0,,4.0,0.0,,
ORD102429,2024-11-01,Anika Chopra,16.0,Female,Bengaluru,Apparel,Sports Track Pant,2.0,1002.59,30.0,2.0,UPI,,0.0,,
ORD102918,2025-02-12,Neha Agarwal,29.0,Female,Ahmedabad,Apparel,Men Cotton T-Shirt,1.0,1273.09,0.0,3.0,Debit Card,,,,
ORD101367,2024-02-17,Reyansh Kulkarni,43.0,Female,Delhi,Apparel,Men Cotton T-Shirt,3.0,1490.85,20.0,5.0,UPI,5.0,40.0,,Size Issue
ORD101620,2023-01-25,Navya Gupta,46.0,M,Ahmedabad,Apparel,Kids Hoodie,1.0,1202.22,10.0,7.0,UPI,5.0,0.0,,
ORD102832,2023-10-01,Diya Verma,43.0,Male,Ahmedabad,Home & Kitchen,Cotton Bedsheet Set,1.0,1763.55,15.0,5.0,Credit Card,4.0,0.0,,Late Delivery
ORD101071,2023-07-10,Pari Rao,39.0,Female,Chandigarh,Apparel,Men Cotton T-Shirt,1.0,1437.09,15.0,5.0,UPI,5.0,,,
ORD100554,2025-06-15,Arjun Verma,52.0,Female,,Apparel,Woolen Sweater,2.0,870.05,25.0,2.0,UPI,4.0,150.0,,
ORD101828,2023-01-21,Sai Nair,42.0,m,Bengaluru,Beauty & Personal Care,Lip Balm Pack,1.0,762.26,20.0,8.0,Debit Card,5.0,40.0,FLAT100,
ORD100826,2024-09-12,Reyansh Verma,35.0,Female,Hyderabad,Grocery,Green Tea Pack,1.0,284.82,5.0,5.0,UPI,4.0,0.0,,
ORD102038,2025-06-19,Kabir Kapoor,29.0,Female,Chandigarh,Footwear,Formal Leather Shoes,3.0,1000.61,10.0,4.0,Credit Card,5.0,0.0,,
ORD101984,2024-08-03,Ananya Nair,24.0,MALE,Jaipur,Electronics,Smartwatch Band,2.0,619.39,0.0,4.0,Debit Card,,,SAVE10,
ORD101837,2023-10-05,Krishna Iyer,43.0,F,Bengaluru,Beauty & Personal Care,Herbal Shampoo,3.0,156.62,15.0,6.0,Debit Card,,0.0,,
ORD100535,2023-05-20,Amit Patel,30.0,Male,Pune,Home & Kitchen,Curtain Set,4.0,734.93,15.0,3.0,UPI,,40.0,,
ORD102717,2024-01-03,Vihaan Verma,20.0,,Indore,Apparel,Kids Hoodie,2.0,404.47,10.0,7.0,UPI,,100.0,FLAT100,Wrong Item Delivered
ORD100154,2024-01-31,Sneha Menon,25.0,F,Jaipur,Apparel,Men Cotton T-Shirt,3.0,528.14,5.0,6.0,Credit Card,2.0,0.0,FEST20,
ORD102625,2024-06-11,Amit Singh,39.0,Female,Hyderabad,Apparel,Formal Shirt,2.0,392.65,30.0,7.0,UPI,4.0,100.0,,
ORD102861,2025-04-27,Aditya Chopra,30.0,Male,Ahmedabad,Grocery,Spices Combo Pack,2.0,314.9,15.0,7.0,Debit Card,4.0,0.0,,Late Delivery
ORD100322,2024-07-13,Ishaan Kapoor,22.0,f,Hyderabad,Apparel,Woolen Sweater,4.0,617.13,15.0,4.0,,,80.0,,
ORD101710,2023-11-09,Neha Verma,30.0,F,Pune,Electronics,Smartphone Cover,3.0,2414.35,25.0,8.0,Debit Card,4.0,80.0,FLAT100,
ORD100014,2024-10-15,Pari Iyer,27.0,Female,Pune,Apparel,Men Cotton T-Shirt,1.0,1083.82,10.0,7.0,Debit Card,4.0,80.0,FLAT100,
ORD101798,2024-03-12,Sneha Agarwal,35.0,Male,Bengaluru,Apparel,Kids Hoodie,4.0,905.8,0.0,5.0,Credit Card,5.0,40.0,,
ORD102864,2023-03-21,Sneha Kulkarni,29.0,M,Chennai,Beauty & Personal Care,Perfume 50ml,1.0,255.6,5.0,4.0,Credit Card,,80.0,,
ORD100082,2023-05-27,Kavya Patel,21.0,Male,Ahmedabad,Electronics,Power Bank 10000mAh,3.0,1537.75,0.0,8.0,Net Banking,5.0,,,
ORD102560,2024-06-10,Ishaan Reddy,,Female,Surat,Electronics,USB-C Cable,2.0,1345.09,25.0,7.0,,5.0,40.0,,
ORD101943,2023-01-28,Neha Sharma,17.0,Male,Hyderabad,Footwear,Casual Sneakers,1.0,790.87,5.0,2.0,Debit Card,,60.0,,
ORD101988,2023-01-07,Arjun Deshmukh,39.0,Male,Pune,Grocery,Assorted Dry Fruits,2.0,504.81,25.0,9.0,UPI,4.0,,,
ORD101383,2025-03-28,Priya Joshi,23.0,Female,Ahmedabad,Electronics,Bluetooth Earbuds,2.0,1399.73,5.0,3.0,Credit Card,2.0,80.0,,
ORD101574,2023-05-16,Ishita Rao,31.0,Female,Bengaluru,Home & Kitchen,Cotton Bedsheet Set,1.0,806.08,0.0,2.0,,5.0,60.0,,
ORD102058,2023-12-26,Ishita Gupta,62.0,F,Kolkata,Footwear,Running Shoes,3.0,718.78,0.0,8.0,UPI,2.0,100.0,,
ORD102929,2024-08-18,Arjun Gupta,38.0,Male,Kochi,Grocery,Basmati Rice 5kg,1.0,325.62,10.0,9.0,,5.0,60.0,,
ORD101494,2024-01-09,Pari Agarwal,28.0,Male,Chennai,Home & Kitchen,Storage Container Set,1.0,1713.03,5.0,9.0,Debit Card,5.0,,,
ORD100831,2023-08-08,Nikhil Reddy,35.0,M,Hyderabad,Grocery,Instant Noodles Pack,1.0,123.2,30.0,5.0,Credit Card,1.0,,,Size Issue
ORD102080,2025-01-23,Neha Chopra,40.0,Female,Delhi,Apparel,Sports Track Pant,2.0,1087.89,5.0,8.0,Net Banking,4.0,40.0,,
ORD101174,2023-01-08,Karan Kulkarni,20.0,m,Chennai,Footwear,Flip Flops,1.0,1978.7,5.0,7.0,Cash on Delivery,,80.0,,
ORD100413,2024-01-24,Vihaan Agarwal,31.0,Male,Hyderabad,Home & Kitchen,LED Table Lamp,1.0,1057.82,10.0,6.0,Net Banking,3.0,150.0,SAVE10,
ORD101817,2023-11-26,Rohan Pillai,37.0,f,Lucknow,Home & Kitchen,Wall Clock,2.0,446.68,40.0,3.0,UPI,4.0,0.0,,
ORD100165,2024-10-26,Kabir Gupta,33.0,Male,Nagpur,Grocery,Spices Combo Pack,3.0,,10.0,3.0,UPI,5.0,0.0,,
ORD102623,2025-04-21,Amit Verma,30.0,Female,Hyderabad,Grocery,Instant Noodles Pack,4.0,592.64,0.0,5.0,Net Banking,,0.0,,
ORD102972,2024-06-28,Kavya Joshi,40.0,Female,Chandigarh,Electronics,USB-C Cable,2.0,1122.86,15.0,4.0,Credit Card,4.0,100.0,FEST20,
ORD100614,2024-01-03,Priya Kulkarni,110.0,Male,Pune,Apparel,Woolen Sweater,1.0,529.02,25.0,6.0,UPI,,100.0,,
ORD101014,2024-04-18,Karan Iyer,25.0,Male,Surat,Beauty & Personal Care,Hair Oil 200ml,1.0,581.5,10.0,3.0,,3.0,,WELCOME50,
ORD102137,2023-01-22,Anika Verma,31.0,Male,Pune,Beauty & Personal Care,Beard Trimmer,2.0,239.68,10.0,9.0,UPI,4.0,80.0,,
ORD101352,2024-12-06,Amit Nair,27.0,Female,Delhi,Electronics,Wireless Mouse,4.0,558.75,20.0,5.0,Cash on Delivery,,60.0,,
ORD101237,2023-04-23,Kabir Verma,23.0,Male,Delhi,Electronics,USB-C Cable,1.0,1244.29,10.0,4.0,Credit Card,,60.0,FLAT100,
ORD102181,2023-08-07,Pooja Shah,30.0,,Delhi,Apparel,Ethnic Saree,2.0,963.68,25.0,2.0,Debit Card,4.0,60.0,FEST20,
ORD100555,2024-10-19,Neha Rao,20.0,Female,Surat,Electronics,Portable Speaker,2.0,16067.50400044564,0.0,5.0,Credit Card,5.0,0.0,,
ORD102368,2023-05-28,Rahul Gupta,24.0,f,Indore,Apparel,Woolen Sweater,3.0,1491.83,15.0,4.0,Debit Card,,,,
ORD102854,2024-10-21,Pari Kulkarni,17.0,Female,Ahmedabad,Footwear,Sandals,1.0,,5.0,7.0,,4.0,60.0,NEWUSER15,
ORD101211,2024-12-13,Rahul Verma,20.0,Male,Indore,Home & Kitchen,Storage Container Set,2.0,474.6,0.0,9.0,UPI,,60.0,FEST20,
ORD102831,2024-10-18,Rohan Mehta,32.0,Male,Kolkata,Home & Kitchen,LED Table Lamp,3.0,1670.74,0.0,9.0,,4.0,,,
ORD100634,2023-06-16,Arjun Reddy,,F,Ahmedabad,Grocery,Basmati Rice 5kg,1.0,236.27,20.0,7.0,Debit Card,,80.0,,
ORD102600,2025-02-25,Priya Rao,52.0,MALE,Lucknow,Home & Kitchen,Steel Water Bottle,1.0,225.75,20.0,2.0,,4.0,,,
ORD101055,2025-06-25,Aarav Menon,39.0,Male,Delhi,Grocery,Green Tea Pack,1.0,346.03,0.0,7.0,UPI,4.0,,,
ORD102340,2024-11-03,Vihaan Joshi,48.0,,Pune,Home & Kitchen,Cotton Bedsheet Set,5.0,988.71,15.0,4.0,,4.0,,,
ORD101708,2023-08-11,Aadhya Mehta,26.0,Female,,Electronics,USB-C Cable,4.0,1113.53,20.0,4.0,UPI,,,,
ORD100796,2025-06-01,Kavya Reddy,19.0,Male,Lucknow,Apparel,Ethnic Saree,1.0,1461.44,30.0,3.0,UPI,4.0,60.0,,
ORD102807,2023-10-11,Sara Mehta,36.0,F,Bengaluru,Home & Kitchen,LED Table Lamp,1.0,1340.72,15.0,6.0,UPI,2.0,,SAVE10,
ORD100174,2024-09-26,Vihaan Reddy,29.0,Male,Ahmedabad,Electronics,LED Bulb Smart,1.0,2440.15,0.0,2.0,Credit Card,5.0,0.0,,
ORD100245,2023-03-18,Kavya Singh,43.0,m,Indore,Electronics,Wireless Mouse,1.0,2298.55,0.0,4.0,,,40.0,,
ORD101080,2023-12-20,Sara Reddy,25.0,Female,Jaipur,Apparel,Woolen Sweater,2.0,895.58,20.0,6.0,,5.0,0.0,FEST20,
ORD101654,2023-05-23,Navya Singh,43.0,Female,Delhi,Apparel,Women Kurti,1.0,627.33,15.0,2.0,UPI,5.0,150.0,FLAT100,
ORD102855,2023-03-12,Pari Kulkarni,25.0,Male,Bengaluru,Beauty & Personal Care,Beard Trimmer,2.0,222.26,10.0,4.0,Cash on Delivery,5.0,0.0,NEWUSER15,
ORD100144,2024-12-20,Anika Bhat,45.0,F,Surat,Home & Kitchen,LED Table Lamp,2.0,642.91,15.0,8.0,UPI,2.0,,SAVE10,
ORD100145,2025-02-16,Nikhil Singh,26.0,M,Hyderabad,Home & Kitchen,Curtain Set,1.0,398.84,15.0,4.0,UPI,3.0,0.0,,
ORD100090,2023-11-09,Nikhil Verma,44.0,M,Bengaluru,Apparel,Women Kurti,1.0,777.51,5.0,8.0,UPI,3.0,,,
ORD100682,2023-10-11,Ishaan Gupta,35.0,M,Chandigarh,Beauty & Personal Care,Perfume 50ml,1.0,159.45,30.0,8.0,UPI,4.0,0.0,NEWUSER15,Wrong Item Delivered
ORD100310,2023-12-01,Sai Deshmukh,36.0,M,Indore,Electronics,LED Bulb Smart,1.0,1606.39,5.0,6.0,UPI,,80.0,,Late Delivery
ORD100093,2023-12-19,Kabir Kulkarni,31.0,M,Delhi,Electronics,Bluetooth Earbuds,1.0,1378.73,0.0,6.0,Credit Card,4.0,0.0,,
ORD102690,2024-10-26,Kabir Menon,50.0,F,Nagpur,Electronics,LED Bulb Smart,4.0,1624.83,20.0,3.0,Net Banking,3.0,,,Late Delivery
ORD101956,2024-04-26,Nikhil Nair,27.0,Male,,Beauty & Personal Care,Body Lotion,1.0,796.43,0.0,5.0,Net Banking,5.0,,,
ORD100924,2023-08-15,Sara Nair,67.0,Male ,,Apparel,Kids Hoodie,1.0,638.01,0.0,4.0,Credit Card,,,,
ORD102790,2023-10-16,Pooja Bhat,46.0,Male,Surat,Home & Kitchen,Storage Container Set,5.0,327.54,20.0,9.0,Debit Card,,,,
ORD101909,2025-05-06,Diya Agarwal,26.0,f,Indore,Grocery,Basmati Rice 5kg,4.0,142.82,30.0,8.0,Credit Card,,60.0,,
ORD101035,2024-11-07,Arjun Kulkarni,29.0,,Kochi,Apparel,Woolen Sweater,2.0,,10.0,5.0,Net Banking,5.0,,,
ORD101400,2025-02-17,Aarav Deshmukh,19.0,Male,Delhi,Home & Kitchen,Cotton Bedsheet Set,1.0,773.72,5.0,7.0,Debit Card,3.0,80.0,FEST20,
ORD102291,2023-10-20,Rohan Agarwal,34.0,Female,Bengaluru,Grocery,Green Tea Pack,1.0,449.08,25.0,6.0,,4.0,0.0,FLAT100,
ORD101500,2024-04-27,Sara Nair,27.0,female,Kochi,Electronics,Power Bank 10000mAh,1.0,528.3,25.0,3.0,Credit Card,4.0,80.0,,
ORD102262,2023-01-29,Krishna Iyer,36.0,Male,Surat,Footwear,Flip Flops,2.0,508.79,0.0,9.0,Credit Card,5.0,0.0,SAVE10,
ORD101468,2024-12-09,Ishaan Rao,33.0,Male,Surat,Apparel,Ethnic Saree,5.0,326.48,5.0,3.0,Credit Card,1.0,,,
ORD100998,2025-05-26,Sara Verma,36.0,f,Nagpur,Beauty & Personal Care,Hair Oil 200ml,5.0,711.3,5.0,8.0,UPI,4.0,,SAVE10,
ORD100853,2023-01-05,Sai Menon,15.0,m,Pune,Electronics,Smartwatch Band,1.0,1879.02,5.0,2.0,Cash on Delivery,,0.0,FEST20,
ORD102473,2024-12-18,Reyansh Pillai,28.0,Female,Lucknow,Apparel,Sports Track Pant,3.0,1238.5,10.0,5.0,Credit Card,4.0,,,
ORD102204,2024-02-19,Sneha Pillai,44.0,M,Chennai,Electronics,Portable Speaker,1.0,637.92,10.0,5.0,Credit Card,4.0,,,Quality Not as Expected
ORD101142,2025-04-28,Aadhya Shah,35.0,F,Lucknow,Grocery,Cooking Oil 1L,1.0,414.88,5.0,6.0,Credit Card,,,,
ORD101143,2025-02-08,Ishaan Chopra,30.0,,Surat,Electronics,Wireless Mouse,1.0,2151.99,20.0,9.0,Credit Card,5.0,40.0,NEWUSER15,
ORD102274,2023-06-12,Pari Nair,27.0,Female,Bengaluru,Grocery,Green Tea Pack,5.0,489.19,10.0,8.0,Credit Card,5.0,,,Late Delivery
ORD102048,2024-11-15,Rahul Sharma,34.0,Female,Delhi,Electronics,Bluetooth Earbuds,1.0,1135.41,20.0,9.0,,5.0,80.0,WELCOME50,
ORD100401,2024-12-09,Myra Kulkarni,40.0,Male,Jaipur,Footwear,Casual Sneakers,1.0,1219.02,5.0,3.0,UPI,3.0,60.0,,
ORD101103,2024-11-26,Krishna Chopra,32.0,M,Lucknow,Electronics,LED Bulb Smart,5.0,2035.72,40.0,2.0,,4.0,40.0,,
ORD100084,2024-07-27,Aarav Verma,44.0,Male,Surat,Grocery,Honey 500g,1.0,294.45,25.0,9.0,Cash on Delivery,1.0,80.0,,Changed Mind
ORD102210,2024-09-29,Karan Joshi,33.0,female,Pune,Beauty & Personal Care,Perfume 50ml,2.0,868.01,5.0,7.0,,,100.0,,
ORD102932,2024-12-08,Rohan Joshi,30.0,M,Jaipur,Home & Kitchen,Storage Container Set,1.0,1053.68,10.0,9.0,Credit Card,,150.0,,
ORD100114,2024-04-05,Reyansh Chopra,44.0,Male,Bengaluru,Electronics,Smartwatch Band,3.0,1313.09,10.0,7.0,UPI,,60.0,,
ORD102655,2024-05-29,Sai Joshi,29.0,Male,Hyderabad,Beauty & Personal Care,Lip Balm Pack,2.0,862.47,0.0,6.0,Credit Card,4.0,150.0,WELCOME50,
ORD101585,2024-01-15,Karan Reddy,25.0,f,Nagpur,Beauty & Personal Care,Face Wash 100ml,3.0,772.24,15.0,4.0,Credit Card,5.0,80.0,FLAT100,
ORD101567,2024-07-03,Vivaan Reddy,32.0,f,Bengaluru,Grocery,Whole Wheat Atta 5kg,3.0,387.12,0.0,4.0,Cash on Delivery,2.0,,,
ORD101501,2023-08-26,Anika Deshmukh,22.0,M,Lucknow,Electronics,Bluetooth Earbuds,2.0,2148.22,15.0,5.0,Cash on Delivery,,0.0,,
ORD101660,2024-07-18,Riya Reddy,120.0,Male,Kolkata,Beauty & Personal Care,Perfume 50ml,2.0,560.99,0.0,2.0,UPI,3.0,0.0,,Wrong Item Delivered
ORD101556,2025-03-27,Nikhil Shah,46.0,F,Hyderabad,Electronics,Power Bank 10000mAh,1.0,1020.3,10.0,6.0,UPI,5.0,40.0,WELCOME50,
ORD102007,2023-05-19,Rohan Agarwal,28.0,Male,Nagpur,Home & Kitchen,LED Table Lamp,3.0,896.03,20.0,7.0,Debit Card,3.0,150.0,FLAT100,
ORD100625,2024-01-16,Sai Chopra,33.0,,,Grocery,Assorted Dry Fruits,1.0,685.06,10.0,4.0,Debit Card,,40.0,,
ORD101885,2023-06-13,Sai Menon,52.0,Male,Chennai,Grocery,Assorted Dry Fruits,1.0,351.41,0.0,8.0,Net Banking,,80.0,,
ORD101866,2023-04-12,Arjun Menon,27.0,Female,Bengaluru,Beauty & Personal Care,Lip Balm Pack,1.0,376.73,0.0,2.0,UPI,,60.0,,
ORD100952,2024-07-13,Vivaan Sharma,41.0,F,Lucknow,Home & Kitchen,Storage Container Set,4.0,1588.89,10.0,4.0,,5.0,,,
ORD102306,2023-10-24,Pooja Singh,29.0,M,,Beauty & Personal Care,Body Lotion,4.0,308.47,20.0,6.0,Credit Card,4.0,60.0,FEST20,
ORD100624,2023-10-14,Ananya Iyer,48.0,Male,Ahmedabad,Footwear,Formal Leather Shoes,2.0,584.49,25.0,3.0,UPI,,0.0,,
ORD100234,2024-03-24,Sai Nair,,Male,,Footwear,Sandals,2.0,2062.48,0.0,3.0,Debit Card,,60.0,FLAT100,
ORD102183,2024-08-10,Kabir Gupta,39.0,Female,Lucknow,Apparel,Kids Hoodie,1.0,1145.39,10.0,3.0,Credit Card,,,,Late Delivery
ORD102034,2025-06-17,Reyansh Singh,47.0,Female,Delhi,Apparel,Ethnic Saree,1.0,1130.43,0.0,7.0,Debit Card,4.0,,,
ORD101826,2023-04-06,Krishna Rao,29.0,Female,Surat,Electronics,Power Bank 10000mAh,1.0,,20.0,6.0,Credit Card,,40.0,,
ORD102887,2023-02-27,Arjun Rao,39.0,Male,Chennai,Grocery,Honey 500g,1.0,545.45,25.0,5.0,Credit Card,,60.0,,
ORD102640,2023-12-10,Vihaan Pillai,53.0,Male,Jaipur,Apparel,Formal Shirt,1.0,366.21,5.0,6.0,UPI,5.0,0.0,,
ORD101314,2023-01-20,Sneha Deshmukh,40.0,,Chandigarh,Electronics,USB-C Cable,3.0,1934.97,25.0,8.0,Credit Card,,60.0,,
ORD101525,2023-02-13,Rahul Pillai,40.0,M,Mumbai,Grocery,Basmati Rice 5kg,2.0,677.89,15.0,3.0,Credit Card,,40.0,,
ORD101562,2023-08-15,Ananya Shah,60.0,Male ,Bengaluru,Apparel,Woolen Sweater,1.0,779.06,25.0,2.0,Debit Card,5.0,,,
ORD101752,2024-07-26,Pari Iyer,32.0,F,,Beauty & Personal Care,Beard Trimmer,4.0,374.59,10.0,4.0,Credit Card,5.0,,WELCOME50,
ORD101605,2023-12-02,Neha Iyer,48.0,f,Kochi,Apparel,Woolen Sweater,1.0,1350.57,0.0,7.0,Debit Card,5.0,,SAVE10,
ORD100343,2024-12-17,Amit Bhat,32.0,,Nagpur,Electronics,Portable Speaker,3.0,986.24,15.0,8.0,Net Banking,4.0,60.0,,
ORD102747,2025-01-06,Ananya Iyer,38.0,Female,Chandigarh,Electronics,Bluetooth Earbuds,2.0,915.37,30.0,9.0,UPI,,150.0,,Defective Product
ORD102341,2023-12-26,Sai Singh,24.0,Male,Delhi,Footwear,Formal Leather Shoes,1.0,960.02,40.0,7.0,Cash on Delivery,,40.0,,
ORD102412,2023-11-19,Pooja Menon,28.0,M,Bengaluru,Apparel,Sports Track Pant,1.0,803.4,0.0,3.0,Net Banking,,150.0,,
ORD102226,2025-03-10,Sara Joshi,24.0,Male,Hyderabad,Grocery,Spices Combo Pack,4.0,266.96,0.0,5.0,Credit Card,2.0,0.0,,
ORD100996,2024-04-24,Ishaan Shah,31.0,F,Ahmedabad,Footwear,Casual Sneakers,1.0,1857.62,0.0,2.0,Debit Card,4.0,,FLAT100,
ORD102062,2023-05-17,Amit Kulkarni,,M,Kolkata,Home & Kitchen,Storage Container Set,5.0,1273.27,30.0,6.0,UPI,5.0,40.0,FLAT100,
ORD101110,2024-07-29,Sneha Chopra,47.0,Female,Kolkata,Beauty & Personal Care,Lip Balm Pack,2.0,104.22,5.0,2.0,Debit Card,4.0,40.0,,
ORD102213,2023-01-06,Ishaan Kapoor,35.0,Female,Delhi,Footwear,Running Shoes,2.0,2124.62,20.0,2.0,Cash on Delivery,5.0,80.0,,
ORD101359,2023-11-29,Krishna Shah,39.0,F,Kolkata,Apparel,Formal Shirt,5.0,1438.12,15.0,7.0,,4.0,40.0,,
ORD102107,2023-05-07,Aarav Mehta,33.0,m,Jaipur,Beauty & Personal Care,Sunscreen SPF50,1.0,579.64,20.0,4.0,UPI,4.0,,,
ORD100709,2024-02-29,Kabir Kulkarni,44.0,Male,Nagpur,Home & Kitchen,LED Table Lamp,2.0,674.55,20.0,7.0,Credit Card,,60.0,FEST20,Changed Mind
ORD101878,2024-10-24,Krishna Sharma,41.0,Female,,Apparel,Men Cotton T-Shirt,4.0,1305.64,10.0,9.0,Credit Card,,0.0,,
ORD101378,2024-04-03,Ananya Patel,35.0,f,Surat,Footwear,Casual Sneakers,1.0,991.47,0.0,5.0,UPI,4.0,,,
ORD100424,2024-12-05,Aadhya Sharma,41.0,Female,Bengaluru,Home & Kitchen,Curtain Set,2.0,1489.02,0.0,5.0,,1.0,0.0,,
ORD100292,2025-05-18,Reyansh Gupta,28.0,Male,Mumbai,Grocery,Basmati Rice 5kg,1.0,,25.0,9.0,Debit Card,,,,
ORD101065,2024-12-01,Kabir Kulkarni,46.0,Female,Nagpur,Electronics,Bluetooth Earbuds,2.0,1374.83,25.0,2.0,,4.0,80.0,,
ORD102377,2023-05-05,Diya Nair,26.0,Female,Jaipur,Beauty & Personal Care,Beard Trimmer,1.0,,15.0,5.0,UPI,,,,
ORD101638,2023-06-16,Reyansh Menon,55.0,Male,Lucknow,Home & Kitchen,LED Table Lamp,2.0,896.23,10.0,5.0,Credit Card,,40.0,SAVE10,Changed Mind
ORD102477,2023-01-01,Sneha Iyer,31.0,Male,Pune,Electronics,Portable Speaker,4.0,1731.14,20.0,9.0,,,,FLAT100,
ORD101012,2023-12-07,Kabir Singh,21.0,f,Surat,Beauty & Personal Care,Body Lotion,2.0,238.84,10.0,2.0,UPI,5.0,0.0,,
ORD102127,2023-11-03,Sara Chopra,34.0,Female,Mumbai,Footwear,Casual Sneakers,1.0,1450.28,10.0,2.0,,2.0,100.0,FLAT100,
ORD101717,2023-12-12,Nikhil Bhat,18.0,Male,Delhi,Electronics,Power Bank 10000mAh,1.0,2338.61,5.0,4.0,,3.0,,,Wrong Item Delivered
ORD100937,2023-10-01,Rahul Reddy,,Male,Mumbai,Apparel,Sports Track Pant,2.0,446.27,30.0,5.0,UPI,4.0,,WELCOME50,
ORD100834,2025-02-17,Pari Pillai,37.0,M,Surat,Beauty & Personal Care,Beard Trimmer,4.0,782.58,15.0,5.0,,4.0,,FLAT100,
ORD100254,2024-08-24,Ishita Iyer,60.0,Other,Chennai,Apparel,Men Cotton T-Shirt,3.0,6601.747778925631,30.0,8.0,UPI,4.0,,SAVE10,
ORD101482,2023-09-22,Pari Rao,28.0,Male,Chandigarh,Apparel,Women Kurti,4.0,308.99,20.0,9.0,Debit Card,,150.0,,
ORD100681,2023-05-06,Sneha Patel,25.0,Female,Bengaluru,Grocery,Green Tea Pack,1.0,85.33,15.0,3.0,UPI,4.0,60.0,,
ORD101407,2025-03-07,Priya Agarwal,31.0,Other,Indore,Beauty & Personal Care,Lip Balm Pack,1.0,178.18,10.0,8.0,UPI,,80.0,,
ORD102954,2024-10-23,Aadhya Verma,45.0,Female,Bengaluru,Beauty & Personal Care,Hair Oil 200ml,2.0,532.8,50.0,5.0,Credit Card,2.0,0.0,,
ORD102184,2024-07-31,Rohan Nair,23.0,Female,Surat,Electronics,Smartwatch Band,1.0,1658.99,0.0,6.0,Net Banking,5.0,0.0,,
ORD100723,2024-10-26,Riya Gupta,29.0,,Chennai,Footwear,Sandals,4.0,1426.41,15.0,7.0,Net Banking,5.0,0.0,WELCOME50,Defective Product
ORD100969,2023-02-02,Krishna Singh,37.0,Male,Chennai,Home & Kitchen,Non-Stick Pan,2.0,1639.22,25.0,7.0,Debit Card,5.0,0.0,,
ORD100496,2023-04-19,Diya Bhat,46.0,MALE,Delhi,Apparel,Women Kurti,1.0,1429.27,10.0,9.0,Debit Card,4.0,,,
ORD100950,2023-03-27,Reyansh Shah,34.0,Male,Kolkata,Apparel,Women Kurti,1.0,1072.29,0.0,5.0,UPI,1.0,,,
ORD100805,2024-12-12,Pooja Patel,35.0,M,,Home & Kitchen,Wall Clock,3.0,1532.05,10.0,8.0,UPI,5.0,0.0,,
ORD101829,2024-01-02,Pari Mehta,15.0,F,Chennai,Electronics,Wireless Mouse,1.0,1911.93,10.0,3.0,UPI,4.0,,,
ORD102177,2024-03-13,Vivaan Gupta,27.0,M,Surat,Beauty & Personal Care,Face Wash 100ml,3.0,840.74,20.0,8.0,Debit Card,4.0,,,
ORD101739,2023-01-26,Kavya Verma,37.0,Female,Kochi,Beauty & Personal Care,Hair Oil 200ml,5.0,351.98,20.0,3.0,Debit Card,4.0,,,
ORD100337,2023-10-16,Nikhil Menon,23.0,Male,Jaipur,Footwear,Running Shoes,1.0,809.9,10.0,2.0,,2.0,,WELCOME50,
ORD100730,2024-10-25,Neha Rao,35.0,F,Ahmedabad,Grocery,Whole Wheat Atta 5kg,2.0,462.09,15.0,6.0,UPI,4.0,80.0,,
ORD100608,2024-12-15,Navya Reddy,57.0,F,Jaipur,Apparel,Men Cotton T-Shirt,1.0,969.6,5.0,6.0,Cash on Delivery,5.0,,,
ORD101148,2024-09-19,Rahul Agarwal,29.0,Female,Kochi,Home & Kitchen,Kitchen Organizer,1.0,1485.82,0.0,6.0,Credit Card,3.0,80.0,,
ORD102243,2023-04-12,Sneha Menon,28.0,M,Chandigarh,Beauty & Personal Care,Lip Balm Pack,4.0,630.57,0.0,6.0,Credit Card,,40.0,NEWUSER15,
ORD101713,2024-10-30,Aadhya Pillai,26.0,Male,Lucknow,Beauty & Personal Care,Lip Balm Pack,1.0,131.29,20.0,6.0,,5.0,0.0,,
ORD102156,2024-02-08,Ananya Kulkarni,39.0,M,Mumbai,Electronics,Portable Speaker,2.0,1908.38,15.0,8.0,UPI,5.0,60.0,,
ORD100909,2023-03-25,Vihaan Sharma,38.0,M,Mumbai,Footwear,Formal Leather Shoes,1.0,1491.16,10.0,9.0,UPI,,,,
ORD102632,2025-04-12,Ishita Menon,32.0,M,Nagpur,Beauty & Personal Care,Perfume 50ml,2.0,292.77,5.0,4.0,,5.0,0.0,,
ORD102151,2023-11-24,Neha Agarwal,34.0,Female,Ahmedabad,Footwear,Casual Sneakers,4.0,1631.07,0.0,6.0,Debit Card,4.0,60.0,NEWUSER15,
ORD102010,2024-03-28,Krishna Verma,43.0,,,Grocery,Assorted Dry Fruits,2.0,424.28,30.0,8.0,Credit Card,3.0,,FEST20,
ORD102491,2023-08-30,Kabir Mehta,29.0,F,,Grocery,Assorted Dry Fruits,1.0,196.32,20.0,2.0,Credit Card,5.0,,SAVE10,Defective Product
ORD101810,2024-10-09,Vivaan Iyer,25.0,Male,Ahmedabad,Footwear,Sandals,1.0,857.47,10.0,3.0,Net Banking,4.0,,FEST20,
ORD101994,2024-11-17,Amit Sharma,25.0,Female,Bengaluru,Home & Kitchen,Kitchen Organizer,2.0,1439.75,15.0,9.0,,4.0,,,
ORD100719,2023-10-06,Sai Patel,36.0,M,Kolkata,Apparel,Women Kurti,5.0,1208.98,25.0,4.0,Credit Card,5.0,0.0,,
ORD101569,2025-06-16,Priya Agarwal,32.0,Female,,Home & Kitchen,Kitchen Organizer,1.0,1117.1,25.0,7.0,Credit Card,2.0,0.0,,Wrong Item Delivered
ORD102275,2024-01-22,Sai Menon,16.0,Other,Mumbai,Grocery,Assorted Dry Fruits,1.0,399.95,5.0,6.0,Cash on Delivery,3.0,40.0,FEST20,
ORD100434,2024-01-31,Kavya Nair,24.0,Male,,Apparel,Men Cotton T-Shirt,1.0,1291.49,10.0,4.0,Cash on Delivery,5.0,0.0,,
ORD101299,2023-01-27,Ishaan Sharma,36.0,Male,Jaipur,Apparel,Men Cotton T-Shirt,1.0,1360.45,15.0,2.0,UPI,,,,Size Issue
ORD102174,2024-11-10,Rohan Iyer,38.0,Male,Kochi,Apparel,Men Cotton T-Shirt,5.0,564.59,15.0,9.0,,1.0,,,
ORD100405,2024-04-01,Kavya Rao,28.0,M,Chennai,Footwear,Flip Flops,3.0,1292.5,30.0,3.0,UPI,3.0,80.0,,
ORD100821,2024-08-29,Sara Agarwal,22.0,,Bengaluru,Home & Kitchen,Non-Stick Pan,1.0,1084.43,15.0,7.0,Debit Card,4.0,0.0,WELCOME50,
ORD101789,2024-11-06,Aadhya Chopra,29.0,Male,Surat,Apparel,Woolen Sweater,3.0,747.17,25.0,4.0,Debit Card,5.0,,,Quality Not as Expected
ORD102956,2023-04-01,Pari Verma,23.0,,Pune,Beauty & Personal Care,Beard Trimmer,3.0,830.58,10.0,5.0,Credit Card,5.0,100.0,,
ORD102351,2024-11-14,Pooja Deshmukh,25.0,Male,Pune,Apparel,Women Kurti,2.0,1328.06,15.0,3.0,Cash on Delivery,5.0,40.0,FEST20,
ORD102315,2023-01-01,Pooja Nair,40.0,M,Kochi,Apparel,Ethnic Saree,5.0,1057.84,25.0,3.0,,4.0,,,
ORD101858,2023-12-05,Aadhya Gupta,20.0,Female,Chandigarh,Beauty & Personal Care,Perfume 50ml,3.0,134.46,5.0,8.0,UPI,2.0,,SAVE10,
ORD101557,2024-12-05,Riya Rao,29.0,Male,Lucknow,Beauty & Personal Care,Face Wash 100ml,4.0,132.69,5.0,7.0,Debit Card,3.0,,NEWUSER15,
ORD100545,2023-02-18,Aadhya Kulkarni,49.0,,Indore,Beauty & Personal Care,Face Wash 100ml,2.0,861.56,5.0,3.0,Credit Card,,,,
ORD100212,2023-01-25,Diya Iyer,44.0,Female,Lucknow,Electronics,Bluetooth Earbuds,2.0,2424.7,10.0,8.0,Net Banking,5.0,,,
ORD100896,2024-04-08,Priya Kulkarni,24.0,M,Delhi,Electronics,USB-C Cable,1.0,1892.66,40.0,3.0,Debit Card,3.0,150.0,WELCOME50,
ORD101941,2023-08-19,Diya Singh,24.0,Female,Chandigarh,Apparel,Formal Shirt,2.0,355.13,10.0,7.0,UPI,,,SAVE10,
ORD101891,2023-08-12,Vivaan Pillai,17.0,Male,Delhi,Beauty & Personal Care,Body Lotion,1.0,113.84,10.0,9.0,Net Banking,4.0,,,
ORD100916,2024-05-09,Aditya Nair,34.0,,,Electronics,Portable Speaker,3.0,2271.02,20.0,3.0,UPI,4.0,0.0,,
ORD102723,2023-12-10,Anika Sharma,48.0,M,Chennai,Electronics,Wireless Mouse,4.0,1186.4,10.0,3.0,Credit Card,,,,
ORD101289,2024-07-20,Aditya Joshi,33.0,,Chennai,Beauty & Personal Care,Face Wash 100ml,1.0,280.82,15.0,8.0,UPI,,,,
ORD100814,2024-12-09,Aditya Agarwal,31.0,m,Indore,Beauty & Personal Care,Lip Balm Pack,2.0,899.15,15.0,4.0,UPI,,,,
ORD101265,2023-02-03,Reyansh Singh,28.0,F,Bengaluru,Apparel,Woolen Sweater,1.0,10373.905917076863,15.0,2.0,Credit Card,5.0,,,
ORD100342,2024-07-20,Karan Joshi,40.0,F,Indore,Apparel,Women Kurti,2.0,811.63,10.0,6.0,Net Banking,,80.0,,
ORD102597,2024-10-20,Vivaan Pillai,53.0,Female,Chennai,Footwear,Casual Sneakers,1.0,1608.23,25.0,7.0,Cash on Delivery,4.0,,,
ORD101410,2023-02-25,Priya Menon,26.0,Female,Delhi,Electronics,Power Bank 10000mAh,2.0,942.59,20.0,9.0,UPI,4.0,,,
ORD101214,2024-12-03,Ishita Patel,32.0,m,Bengaluru,Grocery,Instant Noodles Pack,4.0,409.71,20.0,7.0,,5.0,,,
ORD100966,2024-07-02,Vihaan Sharma,32.0,Female,Surat,Electronics,LED Bulb Smart,1.0,1448.6,10.0,3.0,Cash on Delivery,4.0,,,
ORD101230,2025-01-18,Rohan Pillai,33.0,M,Kolkata,Electronics,Portable Speaker,1.0,1469.78,40.0,8.0,Credit Card,,100.0,,
ORD102343,2024-11-03,Priya Iyer,43.0,MALE,Hyderabad,Beauty & Personal Care,Body Lotion,2.0,109.38,0.0,8.0,,3.0,,,Quality Not as Expected
ORD100695,2023-08-19,Sai Deshmukh,57.0,Female,Chandigarh,Grocery,Basmati Rice 5kg,1.0,335.74,20.0,4.0,UPI,,80.0,,
ORD102121,2025-05-18,Krishna Agarwal,33.0,Male,Ahmedabad,Beauty & Personal Care,Face Wash 100ml,1.0,894.73,5.0,3.0,Debit Card,4.0,0.0,,
ORD100605,2023-10-08,Ishita Mehta,28.0,Female,Chennai,Apparel,Denim Jeans,4.0,840.49,15.0,7.0,Cash on Delivery,,,,Quality Not as Expected
ORD100104,2024-12-17,Neha Nair,25.0,M,,Beauty & Personal Care,Body Lotion,2.0,326.65,5.0,3.0,Credit Card,5.0,0.0,,
ORD100645,2024-01-12,Karan Shah,39.0,Female,Pune,Apparel,Women Kurti,2.0,301.77,0.0,6.0,UPI,4.0,80.0,,
ORD101404,2023-06-11,Ishaan Deshmukh,31.0,Male,Ahmedabad,Electronics,Wireless Mouse,2.0,632.54,0.0,60.0,,,,FEST20,
ORD100494,2023-09-22,Riya Rao,42.0,Female,Ahmedabad,Beauty & Personal Care,Perfume 50ml,1.0,593.82,20.0,2.0,,4.0,80.0,,
ORD102487,2023-02-20,Aarav Nair,22.0,m,Indore,Electronics,Bluetooth Earbuds,1.0,1116.11,0.0,4.0,,,150.0,NEWUSER15,
ORD101019,2024-12-14,Ishita Sharma,27.0,Male,Chandigarh,Grocery,Instant Noodles Pack,2.0,,0.0,7.0,Debit Card,4.0,,,
ORD100091,2025-01-03,Rahul Verma,55.0,Female,Ahmedabad,Electronics,Smartwatch Band,1.0,2231.81,15.0,2.0,UPI,,,NEWUSER15,
ORD101112,2023-06-25,Rahul Patel,41.0,Male,Lucknow,Electronics,Wireless Mouse,1.0,524.87,15.0,7.0,UPI,3.0,0.0,,
ORD100908,2023-12-05,Riya Deshmukh,18.0,F,Jaipur,Beauty & Personal Care,Hair Oil 200ml,2.0,184.41,0.0,9.0,Net Banking,5.0,60.0,,
ORD101474,2025-06-09,Arjun Pillai,37.0,Male ,Bengaluru,Footwear,Running Shoes,2.0,2012.65,10.0,7.0,Credit Card,5.0,80.0,,
ORD101741,2024-11-08,Neha Patel,17.0,m,Chandigarh,Apparel,Kids Hoodie,1.0,328.74,0.0,2.0,Credit Card,,0.0,,
ORD102150,2023-10-26,Ishaan Shah,36.0,Male,Kochi,Footwear,Sandals,4.0,1746.73,40.0,7.0,,1.0,80.0,,
ORD100238,2023-11-23,Riya Sharma,31.0,Male,Hyderabad,Electronics,Power Bank 10000mAh,1.0,1541.08,5.0,9.0,Debit Card,2.0,,,
ORD100942,2025-04-12,Kavya Bhat,36.0,Male,Hyderabad,Beauty & Personal Care,Lip Balm Pack,4.0,483.27,15.0,2.0,UPI,4.0,80.0,,
ORD101270,2023-12-03,Ishaan Kapoor,30.0,Female,Delhi,Beauty & Personal Care,Herbal Shampoo,5.0,104.76,15.0,6.0,Debit Card,3.0,150.0,,
ORD100938,2024-02-25,Krishna Deshmukh,46.0,Male,Hyderabad,Beauty & Personal Care,Beard Trimmer,3.0,658.61,20.0,7.0,,3.0,60.0,,
ORD101424,2023-08-21,Sneha Kapoor,30.0,Male,Bengaluru,Apparel,Woolen Sweater,3.0,704.44,10.0,9.0,Debit Card,,40.0,,
ORD101862,2023-12-04,Sai Mehta,33.0,MALE,,Electronics,Smartphone Cover,3.0,1376.43,5.0,9.0,UPI,,,WELCOME50,
ORD101669,2024-10-23,Diya Joshi,49.0,f,Ahmedabad,Beauty & Personal Care,Hair Oil 200ml,1.0,593.46,15.0,6.0,UPI,,60.0,,Defective Product
ORD100005,2025-02-21,Kavya Sharma,27.0,Male,Indore,Electronics,Smartphone Cover,3.0,2037.39,0.0,9.0,Debit Card,,0.0,,
ORD100247,2023-11-02,Ishaan Pillai,44.0,Male,Pune,Apparel,Women Kurti,2.0,866.52,5.0,7.0,UPI,4.0,,NEWUSER15,
ORD100018,2025-02-04,Priya Chopra,33.0,,Nagpur,Apparel,Women Kurti,1.0,1002.67,0.0,4.0,Cash on Delivery,3.0,,FLAT100,
ORD102169,2025-06-10,Navya Sharma,26.0,,Hyderabad,Grocery,Instant Noodles Pack,1.0,658.36,0.0,9.0,UPI,4.0,0.0,,
ORD101970,2025-01-24,Ishaan Mehta,33.0,Male,Lucknow,Home & Kitchen,Curtain Set,3.0,1611.39,20.0,9.0,Credit Card,4.0,0.0,,
ORD102709,2025-03-07,Aditya Agarwal,37.0,Female,Pune,Grocery,Honey 500g,1.0,111.6,15.0,2.0,Credit Card,2.0,,,
ORD102232,2023-01-22,Vivaan Kulkarni,48.0,m,Lucknow,Apparel,Sports Track Pant,2.0,477.17,0.0,7.0,Credit Card,5.0,100.0,,
ORD102322,2023-11-04,Vihaan Kapoor,37.0,Male,Hyderabad,Home & Kitchen,Cotton Bedsheet Set,1.0,271.11,5.0,7.0,Credit Card,5.0,,NEWUSER15,
ORD102481,2025-02-22,Amit Bhat,40.0,Female,Jaipur,Electronics,Portable Speaker,1.0,2159.94,20.0,2.0,Debit Card,4.0,60.0,FLAT100,
ORD100811,2024-11-01,Amit Rao,49.0,Male,Indore,Footwear,Sandals,2.0,1782.67,10.0,4.0,Credit Card,,,,
ORD101300,2024-11-23,Ishita Rao,44.0,Female,Jaipur,Electronics,Portable Speaker,1.0,1841.27,40.0,8.0,Debit Card,5.0,,,
ORD101335,2025-06-28,Ananya Kulkarni,39.0,M,,Grocery,Cooking Oil 1L,2.0,543.21,15.0,3.0,Debit Card,3.0,,FEST20,
ORD102942,2024-11-26,Sara Mehta,35.0,M,Hyderabad,Beauty & Personal Care,Perfume 50ml,2.0,239.47,30.0,8.0,Net Banking,4.0,100.0,FEST20,Size Issue
ORD100260,2024-11-19,Navya Gupta,17.0,Male,Kochi,Apparel,Denim Jeans,1.0,712.3,5.0,6.0,Credit Card,,40.0,,
ORD101804,2023-04-27,Sara Menon,50.0,,Nagpur,Electronics,USB-C Cable,3.0,1454.16,20.0,5.0,,5.0,60.0,,
ORD101570,2023-03-14,Sara Kapoor,23.0,Female,Pune,Electronics,LED Bulb Smart,1.0,1244.18,0.0,5.0,Debit Card,5.0,0.0,FLAT100,
ORD102229,2025-06-12,Neha Singh,37.0,,Chennai,Home & Kitchen,Wall Clock,1.0,1571.54,50.0,8.0,Debit Card,,40.0,SAVE10,Changed Mind
ORD100184,2024-03-27,Riya Joshi,,m,Lucknow,Home & Kitchen,Steel Water Bottle,3.0,1371.68,0.0,6.0,Debit Card,5.0,40.0,,
ORD102454,2025-01-26,Sara Singh,30.0,F,Bengaluru,Beauty & Personal Care,Lip Balm Pack,1.0,653.95,30.0,3.0,Net Banking,,,SAVE10,
ORD101743,2023-01-22,Rahul Agarwal,37.0,M,Pune,Footwear,Flip Flops,4.0,602.03,0.0,7.0,,4.0,100.0,,
ORD101630,2024-06-05,Vivaan Rao,43.0,M,Pune,Apparel,Sports Track Pant,1.0,1009.85,25.0,6.0,Net Banking,5.0,,WELCOME50,
ORD101716,2024-08-11,Aadhya Sharma,29.0,f,Lucknow,Grocery,Assorted Dry Fruits,4.0,264.29,10.0,8.0,UPI,4.0,80.0,WELCOME50,
ORD100520,2024-10-13,Neha Agarwal,40.0,m,Chandigarh,Grocery,Green Tea Pack,1.0,303.52,10.0,5.0,UPI,,100.0,,
ORD102428,2024-11-18,Nikhil Pillai,28.0,Male,Delhi,Apparel,Formal Shirt,2.0,724.92,0.0,8.0,Cash on Delivery,,0.0,,
ORD102016,2024-10-08,Anika Joshi,39.0,F,Kolkata,Electronics,Portable Speaker,1.0,1262.81,15.0,3.0,Debit Card,,60.0,,
ORD101658,2025-02-03,Vivaan Deshmukh,34.0,Female,Bengaluru,Home & Kitchen,Storage Container Set,4.0,1395.08,0.0,6.0,Net Banking,,150.0,,
ORD101612,2024-09-02,Riya Kapoor,41.0,F,Chandigarh,Home & Kitchen,Wall Clock,1.0,1362.95,15.0,3.0,Debit Card,5.0,60.0,,
ORD102475,2024-01-21,Rahul Rao,40.0,Male,Indore,Apparel,Woolen Sweater,4.0,1276.13,5.0,3.0,Credit Card,2.0,0.0,,Quality Not as Expected
ORD102126,2023-10-08,Sai Chopra,45.0,M,Jaipur,Electronics,USB-C Cable,5.0,1907.5,0.0,7.0,Cash on Delivery,5.0,,,
ORD101270,2023-12-03,Ishaan Kapoor,30.0,Female,Delhi,Beauty & Personal Care,Herbal Shampoo,5.0,104.76,15.0,6.0,Debit Card,3.0,150.0,,
ORD100607,2024-01-19,Pari Verma,24.0,Male,Jaipur,Home & Kitchen,LED Table Lamp,1.0,1522.8,0.0,6.0,Cash on Delivery,5.0,,,
ORD100230,2024-02-26,Kavya Deshmukh,34.0,Female,Delhi,Apparel,Denim Jeans,2.0,1158.74,5.0,7.0,Debit Card,4.0,,,
ORD100331,2023-12-04,Arjun Rao,34.0,Male,Indore,Electronics,Smartwatch Band,4.0,1601.5,0.0,9.0,Credit Card,5.0,,WELCOME50,
ORD101440,2024-12-11,Aadhya Sharma,40.0,Male,Delhi,Electronics,LED Bulb Smart,1.0,2147.05,20.0,8.0,UPI,,,,
ORD101927,2023-04-25,Riya Deshmukh,45.0,,Ahmedabad,Grocery,Cooking Oil 1L,4.0,402.67,50.0,4.0,Credit Card,4.0,100.0,,
ORD101091,2024-02-13,Arjun Kapoor,30.0,m,Chandigarh,Grocery,Green Tea Pack,3.0,336.12,20.0,4.0,Credit Card,5.0,,,
ORD101101,2024-03-03,Ishita Mehta,34.0,Female,Ahmedabad,Electronics,Wireless Mouse,5.0,1368.04,40.0,7.0,Debit Card,,0.0,SAVE10,Quality Not as Expected
ORD101129,2024-08-14,Pari Sharma,35.0,Male,Hyderabad,Beauty & Personal Care,Face Wash 100ml,2.0,779.19,20.0,3.0,Credit Card,,100.0,,
ORD100461,2023-05-08,Pari Pillai,28.0,F,Chennai,Apparel,Kids Hoodie,3.0,705.57,0.0,8.0,Credit Card,5.0,,,Late Delivery
ORD100958,2025-06-04,Aditya Shah,31.0,Female,Ahmedabad,Beauty & Personal Care,Lip Balm Pack,1.0,537.72,0.0,4.0,UPI,2.0,,,
ORD101662,2023-06-18,Pooja Deshmukh,30.0,F,Bengaluru,Apparel,Denim Jeans,1.0,913.0,10.0,4.0,Debit Card,4.0,60.0,NEWUSER15,
ORD100559,2025-02-14,Vivaan Chopra,31.0,Male ,Nagpur,Footwear,Casual Sneakers,1.0,1139.15,20.0,6.0,Net Banking,4.0,60.0,,
ORD102738,2024-03-24,Krishna Reddy,20.0,M,Indore,Home & Kitchen,Steel Water Bottle,2.0,572.27,0.0,6.0,UPI,5.0,,,
ORD102020,2023-10-03,Pari Chopra,32.0,f,Kolkata,Home & Kitchen,Storage Container Set,1.0,1635.8,10.0,3.0,Debit Card,5.0,0.0,,
ORD101519,2024-02-24,Ishaan Rao,24.0,,Kochi,Electronics,LED Bulb Smart,3.0,2434.2,10.0,5.0,UPI,5.0,0.0,FEST20,
ORD102140,2024-09-30,Vihaan Reddy,26.0,Female,Indore,Beauty & Personal Care,Hair Oil 200ml,1.0,564.18,0.0,5.0,UPI,4.0,,FEST20,
ORD102941,2025-05-03,Sara Verma,36.0,M,Ahmedabad,Home & Kitchen,Curtain Set,1.0,668.21,15.0,2.0,Credit Card,4.0,100.0,,
ORD102032,2023-03-24,Ananya Patel,36.0,Female,Bengaluru,Home & Kitchen,Kitchen Organizer,1.0,1482.44,50.0,4.0,Credit Card,2.0,80.0,,
ORD102484,2023-11-18,Anika Agarwal,46.0,Female,Kochi,Beauty & Personal Care,Face Wash 100ml,4.0,215.85,5.0,5.0,UPI,,40.0,,
ORD102538,2024-04-28,Sara Kapoor,54.0,Male,Surat,Grocery,Honey 500g,1.0,235.43,25.0,4.0,,4.0,,,
ORD101559,2025-02-18,Krishna Kulkarni,45.0,Male,Delhi,Home & Kitchen,Storage Container Set,1.0,,10.0,7.0,UPI,5.0,,,
ORD102097,2025-02-23,Vivaan Chopra,35.0,Male,Mumbai,Apparel,Sports Track Pant,3.0,1104.33,20.0,7.0,UPI,4.0,,,
ORD102882,2024-05-27,Ishita Bhat,31.0,Male,Kolkata,Apparel,Formal Shirt,1.0,,10.0,2.0,UPI,,,NEWUSER15,
ORD100069,2024-03-03,Ananya Iyer,22.0,m,Kolkata,Footwear,Running Shoes,1.0,,5.0,3.0,Credit Card,5.0,80.0,,
ORD101572,2024-01-17,Navya Kulkarni,32.0,m,Kolkata,Footwear,Sandals,1.0,548.26,0.0,5.0,Debit Card,3.0,,,
ORD100808,2023-12-23,Rohan Gupta,28.0,Male,Chandigarh,Electronics,Power Bank 10000mAh,1.0,1746.55,10.0,8.0,Cash on Delivery,5.0,60.0,,
ORD100011,2025-06-07,Rohan Menon,31.0,Female,Nagpur,Footwear,Formal Leather Shoes,3.0,1223.76,0.0,9.0,,4.0,100.0,,
ORD102025,2023-01-15,Vivaan Singh,36.0,Male,Delhi,Electronics,Wireless Mouse,1.0,,10.0,4.0,Credit Card,5.0,,,
ORD102192,2023-11-01,Ishita Shah,35.0,Other,Indore,Footwear,Sandals,2.0,939.8,25.0,3.0,UPI,4.0,,WELCOME50,
ORD100917,2024-12-15,Vivaan Patel,35.0,F,,Grocery,Basmati Rice 5kg,1.0,454.59,0.0,5.0,Credit Card,1.0,60.0,WELCOME50,
ORD101451,2023-02-07,Aadhya Bhat,45.0,m,Nagpur,Apparel,Women Kurti,1.0,786.67,0.0,6.0,,,60.0,,Quality Not as Expected
ORD102687,2024-05-29,Aadhya Nair,19.0,F,Kolkata,Electronics,Portable Speaker,2.0,517.81,5.0,6.0,,2.0,60.0,,
ORD100176,2024-10-15,Sneha Chopra,33.0,Male,Kochi,Grocery,Green Tea Pack,1.0,533.76,0.0,4.0,Debit Card,2.0,40.0,,
ORD100994,2024-04-27,Arjun Pillai,27.0,M,Indore,Electronics,Smartphone Cover,3.0,2011.43,5.0,7.0,Debit Card,3.0,,,
ORD102488,2024-04-23,Ishita Rao,34.0,M,Bengaluru,Beauty & Personal Care,Herbal Shampoo,4.0,454.36,20.0,2.0,,3.0,,,
ORD102569,2025-04-24,Amit Shah,15.0,Female,Ahmedabad,Apparel,Woolen Sweater,2.0,1009.54,10.0,6.0,Debit Card,,100.0,,
ORD101255,2023-11-01,Krishna Mehta,42.0,Male,Ahmedabad,Beauty & Personal Care,Beard Trimmer,1.0,753.49,0.0,8.0,,5.0,,,
ORD101664,2023-12-14,Pooja Menon,26.0,Female,Ahmedabad,Home & Kitchen,Non-Stick Pan,2.0,1671.91,5.0,7.0,,3.0,0.0,,
ORD102191,2024-01-09,Krishna Chopra,41.0,Male,Hyderabad,Footwear,Sandals,1.0,1435.26,30.0,8.0,Net Banking,5.0,0.0,,
ORD102801,2024-02-10,Priya Singh,32.0,Male,Chennai,Home & Kitchen,Cotton Bedsheet Set,4.0,856.31,0.0,5.0,Credit Card,4.0,,,
ORD102567,2023-10-09,Navya Deshmukh,38.0,,Chandigarh,Apparel,Woolen Sweater,2.0,6923.277914198465,0.0,6.0,,,100.0,,
ORD101065,2024-12-01,Kabir Kulkarni,46.0,Female,Nagpur,Electronics,Bluetooth Earbuds,2.0,1374.83,25.0,2.0,,4.0,80.0,,
ORD101790,2023-10-11,Ishita Gupta,36.0,Female,,Electronics,Smartwatch Band,1.0,2418.91,5.0,2.0,,4.0,,,
ORD102476,2024-04-20,Priya Bhat,25.0,Male,Mumbai,Grocery,Basmati Rice 5kg,3.0,219.99,120.0,7.0,UPI,4.0,80.0,,
ORD102660,2024-02-01,Priya Mehta,33.0,M,Pune,Home & Kitchen,Cotton Bedsheet Set,2.0,811.77,0.0,8.0,UPI,1.0,0.0,,
ORD100156,2023-04-26,Vivaan Menon,,F,Kolkata,Home & Kitchen,Wall Clock,2.0,1353.41,0.0,6.0,Debit Card,,0.0,,
ORD102587,2023-10-20,Arjun Menon,42.0,Male ,Lucknow,Grocery,Assorted Dry Fruits,1.0,546.69,0.0,7.0,Credit Card,1.0,,,
ORD101460,2024-12-20,Kabir Rao,34.0,f,Chandigarh,Beauty & Personal Care,Sunscreen SPF50,2.0,3967.658797913769,15.0,7.0,UPI,5.0,40.0,NEWUSER15,
ORD102046,2024-01-01,Diya Menon,18.0,Male,Kochi,Apparel,Ethnic Saree,1.0,665.85,15.0,9.0,UPI,,,,Defective Product
ORD101850,2023-12-07,Myra Deshmukh,37.0,Male,Chandigarh,Apparel,Formal Shirt,2.0,1448.34,0.0,6.0,Credit Card,4.0,100.0,,Size Issue
ORD102509,2023-04-22,Kavya Mehta,31.0,Male,,Grocery,Instant Noodles Pack,1.0,664.66,5.0,5.0,Credit Card,,,,
ORD102624,2024-01-13,Sneha Mehta,19.0,Male,,Beauty & Personal Care,Herbal Shampoo,5.0,,5.0,2.0,UPI,,80.0,,
ORD102303,2025-03-11,Navya Nair,34.0,Female,Kolkata,Footwear,Formal Leather Shoes,1.0,1327.32,10.0,3.0,Credit Card,,60.0,,
ORD102005,2023-04-28,Amit Reddy,39.0,Male,Surat,Beauty & Personal Care,Lip Balm Pack,1.0,387.36,25.0,4.0,UPI,5.0,,,
ORD101185,2023-10-08,Karan Chopra,34.0,m,,Grocery,Cooking Oil 1L,2.0,405.0,25.0,5.0,UPI,3.0,60.0,FEST20,
ORD101006,2025-02-13,Sara Deshmukh,41.0,m,Chennai,Grocery,Cooking Oil 1L,1.0,3238.703164469841,20.0,4.0,,,100.0,,
ORD100560,2024-05-03,Myra Verma,22.0,Male,Surat,Grocery,Basmati Rice 5kg,1.0,153.66,0.0,6.0,UPI,4.0,100.0,WELCOME50,
ORD102256,2024-12-26,Aadhya Pillai,38.0,,Indore,Grocery,Green Tea Pack,1.0,249.87,25.0,4.0,Credit Card,1.0,,,
ORD100910,2024-12-02,Pooja Agarwal,33.0,Male,Chandigarh,Home & Kitchen,Wall Clock,4.0,874.64,5.0,8.0,Net Banking,4.0,40.0,,
ORD101311,2023-11-14,Ananya Sharma,49.0,F,Delhi,Grocery,Green Tea Pack,1.0,359.14,10.0,3.0,UPI,4.0,40.0,,
ORD102049,2024-08-24,Aarav Agarwal,35.0,Other,Delhi,Electronics,Smartwatch Band,1.0,1085.57,15.0,3.0,UPI,4.0,100.0,,
ORD100269,2024-06-22,Sai Joshi,51.0,Male,Kochi,Footwear,Formal Leather Shoes,1.0,1332.41,0.0,9.0,Credit Card,,80.0,FLAT100,
ORD101993,2024-08-05,Rahul Sharma,35.0,Female,Nagpur,Grocery,Green Tea Pack,3.0,665.88,5.0,6.0,UPI,4.0,,,
ORD100265,2024-06-13,Anika Chopra,32.0,Other,Surat,Grocery,Assorted Dry Fruits,4.0,80.35,15.0,8.0,Net Banking,5.0,,,
ORD100914,2024-06-23,Priya Agarwal,26.0,M,Bengaluru,Grocery,Basmati Rice 5kg,4.0,610.61,0.0,2.0,Credit Card,,,FLAT100,
ORD102278,2023-10-22,Navya Patel,39.0,f,Lucknow,Apparel,Woolen Sweater,5.0,380.85,5.0,8.0,Debit Card,5.0,80.0,,
ORD102231,2023-01-09,Anika Verma,42.0,m,Kochi,Electronics,Smartwatch Band,4.0,1450.73,5.0,5.0,UPI,3.0,0.0,,
ORD101265,2023-02-03,Reyansh Singh,28.0,F,Bengaluru,Apparel,Woolen Sweater,1.0,10373.905917076863,15.0,2.0,Credit Card,5.0,,,
ORD100873,2023-04-24,Aarav Menon,28.0,F,Jaipur,Electronics,Portable Speaker,2.0,2405.62,5.0,6.0,,2.0,0.0,NEWUSER15,
ORD102093,2023-06-30,Arjun Agarwal,40.0,m,Hyderabad,Home & Kitchen,Non-Stick Pan,5.0,1154.44,15.0,3.0,Debit Card,,,SAVE10,
ORD102446,2024-12-05,Rohan Gupta,30.0,,Hyderabad,Footwear,Sandals,3.0,1423.79,30.0,7.0,Debit Card,3.0,150.0,,
ORD100475,2024-12-15,Ishaan Singh,52.0,F,,Electronics,LED Bulb Smart,120.0,553.2,50.0,8.0,,4.0,80.0,,Changed Mind
ORD101652,2023-02-17,Pari Joshi,32.0,M,Lucknow,Apparel,Denim Jeans,1.0,1060.85,10.0,3.0,Credit Card,,,,
ORD101960,2024-01-16,Ananya Nair,,Male,,Beauty & Personal Care,Sunscreen SPF50,4.0,307.89,20.0,6.0,Debit Card,3.0,80.0,,
ORD100045,2025-06-03,Sneha Nair,24.0,Male,Surat,Grocery,Whole Wheat Atta 5kg,5.0,174.2,10.0,8.0,Debit Card,4.0,,,
ORD100161,2024-08-28,Rahul Chopra,35.0,female,Bengaluru,Footwear,Sandals,1.0,799.84,25.0,5.0,UPI,2.0,,,
ORD102775,2023-10-02,Karan Deshmukh,23.0,Female,Ahmedabad,Grocery,Spices Combo Pack,1.0,276.88,25.0,3.0,,2.0,,,
ORD102677,2023-12-05,Anika Verma,41.0,Female,Kolkata,Beauty & Personal Care,Beard Trimmer,3.0,843.17,10.0,2.0,Net Banking,1.0,,,
ORD100288,2024-05-08,Pooja Reddy,62.0,Female,Nagpur,Footwear,Flip Flops,2.0,982.32,15.0,8.0,Credit Card,5.0,100.0,,
ORD101596,2024-08-23,Riya Bhat,39.0,Female,Delhi,Footwear,Running Shoes,1.0,562.31,30.0,4.0,UPI,,0.0,,
ORD101948,2023-01-02,Sneha Mehta,22.0,F,Indore,Electronics,Wireless Mouse,2.0,2304.8,50.0,9.0,Debit Card,,100.0,,
ORD100575,2023-12-07,Ishaan Iyer,28.0,M,Ahmedabad,Beauty & Personal Care,Herbal Shampoo,3.0,365.05,10.0,4.0,Credit Card,5.0,,,
ORD100850,2023-10-23,Reyansh Kapoor,50.0,,Surat,Footwear,Formal Leather Shoes,1.0,1981.13,5.0,2.0,Cash on Delivery,3.0,0.0,,
ORD100911,2023-06-17,Arjun Agarwal,39.0,Female,Ahmedabad,Electronics,Portable Speaker,2.0,890.1,0.0,2.0,UPI,3.0,40.0,NEWUSER15,
ORD101254,2024-08-15,Sai Patel,35.0,Male,Indore,Beauty & Personal Care,Hair Oil 200ml,3.0,629.7,0.0,4.0,Credit Card,3.0,60.0,FLAT100,
ORD101833,2023-03-07,Neha Patel,24.0,Female,Nagpur,Beauty & Personal Care,Sunscreen SPF50,4.0,110.48,10.0,9.0,Debit Card,5.0,,,
ORD101722,2024-08-17,Rohan Agarwal,29.0,Female,Bengaluru,Footwear,Flip Flops,2.0,1100.71,0.0,3.0,UPI,5.0,0.0,,
ORD102133,2023-11-12,Aadhya Shah,37.0,m,Kochi,Beauty & Personal Care,Perfume 50ml,2.0,499.61,5.0,9.0,Debit Card,,,,
ORD101735,2024-12-28,Sneha Gupta,47.0,M,Delhi,Apparel,Men Cotton T-Shirt,4.0,1235.01,15.0,3.0,UPI,4.0,60.0,NEWUSER15,
ORD100932,2024-11-21,Anika Patel,50.0,m,Ahmedabad,Beauty & Personal Care,Herbal Shampoo,1.0,,10.0,4.0,Credit Card,5.0,80.0,NEWUSER15,
ORD101100,2024-03-13,Myra Iyer,29.0,m,Nagpur,Grocery,Assorted Dry Fruits,1.0,136.0,0.0,7.0,Credit Card,4.0,80.0,,
ORD101207,2023-11-23,Rahul Agarwal,33.0,female,Pune,Electronics,Portable Speaker,3.0,1034.07,5.0,3.0,Debit Card,4.0,100.0,,
ORD102295,2024-12-25,Amit Menon,31.0,Male,Kochi,Footwear,Running Shoes,1.0,1838.1,15.0,2.0,Debit Card,2.0,0.0,,
ORD101843,2024-01-10,Vivaan Gupta,,Female,Kochi,Beauty & Personal Care,Body Lotion,1.0,761.18,30.0,6.0,,5.0,40.0,,
ORD101848,2024-04-19,Aditya Joshi,,Male,Indore,Grocery,Cooking Oil 1L,1.0,312.6,20.0,5.0,UPI,4.0,,,
ORD102524,2023-02-26,Sara Menon,28.0,Male,Pune,Electronics,Bluetooth Earbuds,4.0,919.69,10.0,3.0,Debit Card,,0.0,WELCOME50,
ORD101694,2023-12-11,Ishaan Reddy,23.0,F,Indore,Beauty & Personal Care,Lip Balm Pack,1.0,567.26,5.0,3.0,,4.0,,,
ORD100085,2024-09-29,Rahul Nair,28.0,M,Bengaluru,Footwear,Flip Flops,1.0,1585.62,15.0,4.0,Debit Card,5.0,0.0,WELCOME50,
ORD100469,2023-01-02,Riya Sharma,30.0,Female,Kolkata,Electronics,LED Bulb Smart,1.0,1460.35,0.0,4.0,Credit Card,4.0,,WELCOME50,
ORD102273,2023-11-18,Aditya Menon,,M,Bengaluru,Home & Kitchen,Cotton Bedsheet Set,2.0,1155.14,25.0,8.0,,,,,Size Issue
ORD102822,2024-11-12,Rahul Chopra,20.0,Female,Hyderabad,Apparel,Formal Shirt,2.0,528.09,0.0,4.0,UPI,3.0,40.0,FLAT100,
ORD102379,2024-08-18,Nikhil Patel,32.0,F,,Home & Kitchen,Non-Stick Pan,2.0,1032.18,10.0,3.0,UPI,3.0,,,
ORD100233,2024-11-22,Krishna Chopra,34.0,Male,Hyderabad,Home & Kitchen,Wall Clock,2.0,971.26,5.0,3.0,Credit Card,2.0,0.0,FEST20,
ORD102636,2023-11-02,Nikhil Menon,46.0,M,Surat,Electronics,Smartwatch Band,1.0,1593.01,0.0,2.0,UPI,5.0,,,
ORD102523,2024-01-01,Sneha Joshi,49.0,Male ,Indore,Home & Kitchen,Kitchen Organizer,1.0,1014.74,0.0,8.0,Credit Card,4.0,0.0,,
ORD102087,2024-08-26,Vihaan Sharma,28.0,F,Kolkata,Home & Kitchen,LED Table Lamp,1.0,1559.9,50.0,9.0,Credit Card,,100.0,,
ORD102647,2024-01-09,Pooja Pillai,39.0,M,Chandigarh,Apparel,Denim Jeans,2.0,1026.54,20.0,3.0,UPI,,100.0,NEWUSER15,
ORD102469,2023-07-15,Navya Patel,34.0,f,Bengaluru,Home & Kitchen,Storage Container Set,1.0,611.36,15.0,6.0,UPI,,0.0,,
ORD101711,2023-11-26,Aadhya Singh,18.0,Male ,Mumbai,Grocery,Assorted Dry Fruits,1.0,186.06,0.0,4.0,Net Banking,3.0,80.0,,
ORD100182,2024-03-29,Myra Singh,46.0,Female,Hyderabad,Grocery,Spices Combo Pack,1.0,612.92,20.0,7.0,Credit Card,,40.0,FLAT100,
ORD100988,2023-10-22,Ishita Shah,39.0,F,Delhi,Apparel,Ethnic Saree,4.0,704.87,0.0,8.0,UPI,4.0,40.0,,Quality Not as Expected
ORD101000,2025-01-06,Navya Reddy,24.0,Male,Jaipur,Apparel,Women Kurti,5.0,1453.42,20.0,4.0,,5.0,100.0,,
ORD101641,2023-10-25,Ishaan Shah,27.0,,Delhi,Electronics,USB-C Cable,2.0,1315.84,0.0,2.0,,1.0,,,
ORD101356,2023-12-15,Kabir Joshi,95.0,Female,Kolkata,Electronics,Smartphone Cover,3.0,1769.62,15.0,3.0,UPI,5.0,,,
ORD101462,2023-10-05,Aditya Joshi,32.0,Female,Surat,Grocery,Instant Noodles Pack,5.0,158.06,20.0,8.0,Credit Card,3.0,,,
ORD100049,2024-12-10,Aadhya Gupta,28.0,f,Kochi,Apparel,Ethnic Saree,3.0,561.28,5.0,7.0,Debit Card,5.0,60.0,FLAT100,
ORD102947,2023-10-04,Diya Pillai,45.0,M,Indore,Grocery,Basmati Rice 5kg,4.0,594.52,15.0,5.0,UPI,5.0,150.0,,
ORD102577,2023-11-03,Pari Singh,49.0,Male,Delhi,Footwear,Running Shoes,3.0,741.83,15.0,4.0,UPI,,,,
ORD101258,2024-05-07,Kabir Singh,28.0,Other,Jaipur,Apparel,Denim Jeans,2.0,1101.89,-10.0,8.0,UPI,1.0,0.0,,
ORD100486,2023-11-01,Myra Bhat,26.0,Female,Bengaluru,Home & Kitchen,Wall Clock,1.0,959.7,5.0,5.0,Credit Card,,,,
ORD100126,2023-03-14,Aadhya Menon,32.0,M,Delhi,Beauty & Personal Care,Beard Trimmer,1.0,693.11,50.0,4.0,Cash on Delivery,2.0,60.0,,
ORD102545,2023-11-25,Ishaan Singh,27.0,,Pune,Apparel,Sports Track Pant,4.0,387.06,5.0,9.0,,,0.0,,
ORD101908,2023-02-03,Priya Patel,29.0,Male,Chennai,Beauty & Personal Care,Herbal Shampoo,1.0,682.98,20.0,6.0,UPI,1.0,,,
ORD100106,2024-12-11,Pari Gupta,20.0,F,Bengaluru,Home & Kitchen,Cotton Bedsheet Set,2.0,960.18,0.0,6.0,Debit Card,,150.0,,
ORD100443,2024-03-21,Ishaan Iyer,32.0,Male,Mumbai,Apparel,Formal Shirt,1.0,434.54,0.0,5.0,,3.0,,,
ORD101954,2025-06-03,Pari Iyer,20.0,Male,Surat,Grocery,Cooking Oil 1L,2.0,598.68,0.0,5.0,,2.0,,,Size Issue
ORD100646,2024-02-24,Reyansh Menon,34.0,f,Hyderabad,Apparel,Kids Hoodie,2.0,582.86,15.0,6.0,UPI,4.0,150.0,,
ORD101762,2023-11-23,Vivaan Reddy,51.0,F,,Footwear,Running Shoes,1.0,1765.75,10.0,9.0,UPI,,0.0,FEST20,
ORD100726,2024-10-19,Ishaan Kapoor,26.0,Female,,Electronics,Smartphone Cover,3.0,779.39,0.0,4.0,Credit Card,1.0,,,
ORD102238,2024-01-19,Ishaan Agarwal,24.0,Female,Kochi,Home & Kitchen,LED Table Lamp,3.0,1304.92,5.0,2.0,UPI,,0.0,NEWUSER15,
ORD101856,2023-12-08,Amit Sharma,50.0,m,Pune,Beauty & Personal Care,Herbal Shampoo,1.0,462.92,15.0,3.0,Debit Card,,60.0,FLAT100,
ORD102330,2023-03-01,Anika Verma,49.0,Female,Surat,Footwear,Running Shoes,1.0,1268.66,10.0,2.0,Cash on Delivery,1.0,0.0,,
ORD100029,2024-02-08,Neha Sharma,46.0,Male,Kochi,Apparel,Women Kurti,1.0,1169.91,10.0,3.0,,4.0,40.0,,
ORD100169,2023-01-21,Reyansh Iyer,22.0,M,Mumbai,Beauty & Personal Care,Perfume 50ml,3.0,321.91,5.0,8.0,,5.0,,NEWUSER15,
ORD101001,2024-11-02,Sai Joshi,19.0,Female,Hyderabad,Grocery,Assorted Dry Fruits,2.0,331.26,5.0,4.0,Debit Card,4.0,,,
ORD102148,2025-02-10,Aadhya Kulkarni,43.0,Male,Mumbai,Apparel,Men Cotton T-Shirt,1.0,8661.527552807433,30.0,7.0,Net Banking,5.0,80.0,,
ORD100197,2023-04-18,Arjun Reddy,35.0,Male,Ahmedabad,Electronics,Power Bank 10000mAh,1.0,854.42,40.0,4.0,Credit Card,5.0,,,
ORD100495,2024-01-11,Myra Iyer,49.0,Male,Lucknow,Beauty & Personal Care,Hair Oil 200ml,3.0,635.06,10.0,3.0,Debit Card,5.0,,,
ORD102026,2023-01-27,Rohan Nair,22.0,Male,Kochi,Beauty & Personal Care,Face Wash 100ml,4.0,100.15,15.0,8.0,,3.0,100.0,,
ORD100647,2023-10-26,Sai Joshi,21.0,Male,Bengaluru,Grocery,Spices Combo Pack,1.0,153.43,15.0,8.0,Credit Card,5.0,40.0,,
ORD100044,2023-03-03,Vivaan Verma,23.0,Female,Chandigarh,Home & Kitchen,Storage Container Set,2.0,1205.86,50.0,9.0,Credit Card,,80.0,,
ORD102758,2023-11-24,Karan Nair,33.0,Male,Mumbai,Home & Kitchen,Cotton Bedsheet Set,1.0,1088.48,15.0,2.0,,4.0,0.0,,
ORD100373,2023-12-07,Pooja Deshmukh,37.0,M,Chennai,Beauty & Personal Care,Sunscreen SPF50,2.0,377.7,0.0,3.0,,3.0,100.0,NEWUSER15,
ORD100678,2024-10-08,Anika Kulkarni,20.0,Male ,Bengaluru,Footwear,Sandals,4.0,1594.77,0.0,7.0,,3.0,,NEWUSER15,
ORD100566,2023-07-27,Aditya Agarwal,,Male,,Apparel,Ethnic Saree,3.0,1027.01,20.0,3.0,Debit Card,,,,Quality Not as Expected
ORD102895,2023-01-14,Aarav Bhat,33.0,,Kochi,Electronics,Wireless Mouse,3.0,1101.92,10.0,5.0,Debit Card,4.0,,,
ORD100460,2024-10-20,Ishaan Verma,54.0,Male,Nagpur,Electronics,Wireless Mouse,2.0,773.04,25.0,2.0,Debit Card,3.0,,SAVE10,
ORD101932,2025-01-30,Priya Kapoor,34.0,MALE,Chennai,Home & Kitchen,Non-Stick Pan,2.0,,10.0,4.0,Debit Card,,0.0,FEST20,
ORD101155,2024-06-18,Anika Rao,40.0,f,Kolkata,Electronics,Smartphone Cover,3.0,1553.19,0.0,2.0,UPI,1.0,40.0,,
ORD100039,2024-07-29,Vivaan Kulkarni,28.0,M,Surat,Grocery,Cooking Oil 1L,3.0,149.95,0.0,3.0,Credit Card,,0.0,,
ORD102482,2023-06-14,Navya Rao,46.0,Female,,Apparel,Sports Track Pant,1.0,967.45,0.0,9.0,Debit Card,,40.0,,
ORD100973,2024-03-07,Pooja Pillai,41.0,Female,Surat,Home & Kitchen,Wall Clock,1.0,1193.74,0.0,60.0,Debit Card,,60.0,,
ORD101786,2023-06-30,Priya Kulkarni,37.0,Male,Mumbai,Home & Kitchen,Wall Clock,1.0,602.28,20.0,3.0,,4.0,40.0,WELCOME50,
ORD101498,2024-03-01,Rohan Reddy,49.0,Male,Delhi,Electronics,USB-C Cable,2.0,2338.89,0.0,6.0,Cash on Delivery,,150.0,,
ORD102504,2023-02-16,Karan Menon,48.0,Male,,Grocery,Green Tea Pack,1.0,694.53,30.0,9.0,Credit Card,5.0,,,
ORD101835,2024-12-02,Aditya Shah,44.0,female,Hyderabad,Home & Kitchen,Wall Clock,2.0,411.51,20.0,2.0,,5.0,0.0,,
ORD102308,2024-12-02,Sai Pillai,34.0,Male,,Electronics,USB-C Cable,4.0,2084.66,5.0,2.0,UPI,3.0,80.0,,
ORD101840,2024-01-23,Aadhya Kapoor,31.0,f,Bengaluru,Electronics,Smartwatch Band,1.0,774.48,5.0,4.0,UPI,,80.0,,
ORD102083,2024-08-31,Ishita Joshi,31.0,,Kolkata,Beauty & Personal Care,Sunscreen SPF50,1.0,753.31,0.0,7.0,Credit Card,5.0,100.0,FLAT100,
ORD100827,2025-03-28,Amit Bhat,46.0,Male,Ahmedabad,Apparel,Sports Track Pant,1.0,569.68,15.0,8.0,,3.0,40.0,FEST20,Late Delivery
ORD101935,2023-05-30,Ishaan Mehta,40.0,Male,,Grocery,Green Tea Pack,1.0,268.4,30.0,8.0,UPI,,,,Quality Not as Expected
ORD102044,2023-09-11,Arjun Sharma,36.0,Other,Ahmedabad,Home & Kitchen,Wall Clock,1.0,1754.87,10.0,9.0,UPI,4.0,,,Wrong Item Delivered
ORD100309,2023-12-16,Myra Verma,40.0,Male,Indore,Beauty & Personal Care,Hair Oil 200ml,1.0,126.21,0.0,4.0,Cash on Delivery,,80.0,,
ORD100276,2024-03-01,Ishaan Agarwal,44.0,M,Bengaluru,Apparel,Men Cotton T-Shirt,4.0,849.41,20.0,8.0,Net Banking,,,,
ORD100636,2023-08-03,Krishna Menon,46.0,m,Jaipur,Footwear,Sandals,2.0,427.45,5.0,2.0,Credit Card,4.0,100.0,,
ORD100654,2024-05-18,Myra Chopra,20.0,Male,Pune,Home & Kitchen,LED Table Lamp,1.0,693.91,25.0,5.0,Cash on Delivery,,0.0,,
ORD100622,2024-12-11,Aditya Bhat,37.0,Female,Pune,Home & Kitchen,Cotton Bedsheet Set,1.0,445.2,0.0,5.0,Credit Card,2.0,0.0,,
ORD101859,2024-10-31,Aadhya Deshmukh,36.0,F,Pune,Home & Kitchen,Kitchen Organizer,1.0,372.6,10.0,4.0,Net Banking,4.0,40.0,FLAT100,
ORD100844,2023-01-05,Priya Nair,,,Chandigarh,Apparel,Kids Hoodie,3.0,676.84,25.0,5.0,Credit Card,4.0,40.0,,
ORD100393,2024-06-30,Ananya Reddy,33.0,Male,Mumbai,Electronics,Bluetooth Earbuds,3.0,930.04,10.0,5.0,Net Banking,,,,
ORD102155,2024-03-22,Amit Pillai,24.0,Female,Nagpur,Electronics,Wireless Mouse,2.0,1821.76,5.0,5.0,Credit Card,4.0,60.0,,
ORD100349,2023-05-30,Aadhya Pillai,29.0,Male,Jaipur,Beauty & Personal Care,Perfume 50ml,3.0,625.67,0.0,4.0,UPI,5.0,,NEWUSER15,
ORD102572,2024-10-27,Vivaan Singh,50.0,M,Chandigarh,Electronics,Wireless Mouse,1.0,634.64,20.0,9.0,,5.0,60.0,,Size Issue
ORD100784,2024-03-11,Pari Reddy,35.0,Other,Indore,Apparel,Kids Hoodie,1.0,888.4,10.0,7.0,,5.0,0.0,,
ORD100047,2023-11-05,Ananya Nair,39.0,Male,,Grocery,Green Tea Pack,1.0,495.7,15.0,2.0,,3.0,0.0,,
ORD101978,2024-11-09,Ishita Chopra,40.0,Male,Jaipur,Electronics,Smartphone Cover,1.0,724.35,5.0,4.0,UPI,,80.0,,
ORD102251,2024-05-18,Riya Gupta,40.0,M,Jaipur,Beauty & Personal Care,Lip Balm Pack,5.0,566.64,15.0,7.0,Debit Card,5.0,,WELCOME50,
ORD101655,2023-07-30,Aarav Iyer,33.0,M,Hyderabad,Apparel,Ethnic Saree,5.0,732.73,0.0,5.0,Net Banking,,,WELCOME50,
ORD102069,2024-01-17,Nikhil Nair,32.0,Female,Lucknow,Apparel,Denim Jeans,2.0,316.43,10.0,5.0,Cash on Delivery,4.0,,,
ORD100402,2023-10-19,Karan Chopra,35.0,Male ,Nagpur,Footwear,Formal Leather Shoes,1.0,2011.72,30.0,5.0,UPI,4.0,60.0,,
ORD101107,2025-04-06,Ishita Shah,23.0,m,Delhi,Home & Kitchen,Curtain Set,4.0,218.1,15.0,8.0,,2.0,,,
ORD101154,2023-10-05,Krishna Menon,47.0,Female,Nagpur,Home & Kitchen,Cotton Bedsheet Set,3.0,1592.86,20.0,5.0,,5.0,,,
ORD101439,2025-05-20,Kavya Rao,33.0,M,Lucknow,Apparel,Formal Shirt,2.0,1282.91,20.0,7.0,,4.0,0.0,WELCOME50,
ORD100282,2024-11-18,Arjun Shah,34.0,Male,Chandigarh,Home & Kitchen,Non-Stick Pan,1.0,1786.71,0.0,8.0,UPI,,,SAVE10,
ORD102001,2024-12-03,Rohan Nair,38.0,m,Mumbai,Electronics,LED Bulb Smart,5.0,1413.08,0.0,7.0,,4.0,,,
ORD100989,2024-12-18,Priya Menon,35.0,Female,,Electronics,LED Bulb Smart,1.0,1567.06,0.0,4.0,UPI,4.0,0.0,,
ORD101865,2023-12-13,Anika Nair,59.0,Female,Chandigarh,Footwear,Running Shoes,1.0,1967.02,5.0,3.0,,1.0,,,Quality Not as Expected
ORD102789,2023-01-14,Navya Nair,23.0,F,Delhi,Apparel,Formal Shirt,1.0,1100.43,0.0,7.0,Credit Card,4.0,,,
ORD101310,2024-04-22,Priya Gupta,29.0,Female,Jaipur,Grocery,Cooking Oil 1L,1.0,493.12,20.0,8.0,Credit Card,1.0,80.0,,
ORD100033,2023-10-22,Krishna Shah,29.0,F,Indore,Home & Kitchen,Wall Clock,1.0,513.36,10.0,2.0,Net Banking,,100.0,SAVE10,
ORD100787,2024-09-17,Ishaan Singh,25.0,F,Bengaluru,Footwear,Flip Flops,1.0,799.68,10.0,9.0,UPI,4.0,,,
ORD102971,2023-02-16,Ishita Menon,25.0,Female,Kochi,Grocery,Green Tea Pack,1.0,248.84,5.0,8.0,Credit Card,2.0,40.0,,
ORD101043,2023-12-06,Aarav Nair,27.0,Female,Delhi,Electronics,Portable Speaker,1.0,564.31,15.0,6.0,Credit Card,,,NEWUSER15,
ORD100481,2025-01-25,Reyansh Mehta,23.0,M,Kolkata,Beauty & Personal Care,Lip Balm Pack,2.0,635.53,40.0,9.0,UPI,4.0,,,
ORD101243,2023-12-18,Anika Kapoor,28.0,m,Indore,Grocery,Assorted Dry Fruits,1.0,219.78,20.0,4.0,,,100.0,,Size Issue
ORD102627,2023-01-05,Vihaan Kapoor,24.0,Female,Bengaluru,Home & Kitchen,Curtain Set,2.0,610.3,15.0,8.0,Debit Card,5.0,,,
ORD102529,2024-06-09,Rahul Bhat,21.0,Male,Hyderabad,Beauty & Personal Care,Herbal Shampoo,4.0,388.03,5.0,5.0,UPI,4.0,,,
ORD100931,2024-11-11,Vihaan Mehta,30.0,f,Chennai,Electronics,Smartwatch Band,4.0,1799.92,25.0,6.0,Credit Card,,,,
ORD102404,2023-12-16,Karan Shah,35.0,M,Lucknow,Beauty & Personal Care,Beard Trimmer,1.0,894.3,0.0,5.0,Credit Card,,,,
ORD101685,2024-04-18,Vivaan Kapoor,54.0,Male,Jaipur,Grocery,Honey 500g,4.0,273.52,0.0,2.0,Debit Card,5.0,60.0,,
ORD101248,2023-01-11,Ishita Agarwal,44.0,,Chennai,Home & Kitchen,Wall Clock,1.0,858.77,0.0,6.0,,5.0,,,
ORD100759,2024-10-26,Sara Iyer,31.0,F,Ahmedabad,Home & Kitchen,Non-Stick Pan,1.0,464.63,20.0,7.0,UPI,,0.0,,
ORD100092,2025-02-05,Riya Mehta,16.0,M,Bengaluru,Electronics,Portable Speaker,3.0,1216.19,10.0,4.0,,2.0,,,
ORD101175,2023-11-05,Ishaan Reddy,33.0,F,Lucknow,Electronics,Power Bank 10000mAh,1.0,1420.9,20.0,8.0,Credit Card,,100.0,,
ORD101415,2024-12-15,Rohan Kulkarni,31.0,F,Jaipur,Grocery,Instant Noodles Pack,1.0,137.62,30.0,5.0,Credit Card,,0.0,,Late Delivery
ORD101341,2023-05-05,Sai Shah,36.0,Male,Chennai,Beauty & Personal Care,Lip Balm Pack,1.0,452.19,10.0,3.0,Credit Card,,60.0,,
ORD101472,2023-01-11,Arjun Iyer,36.0,f,,Beauty & Personal Care,Herbal Shampoo,1.0,597.74,25.0,3.0,Debit Card,5.0,40.0,,
ORD102851,2023-12-23,Vihaan Shah,43.0,Female,Kolkata,Footwear,Running Shoes,2.0,1816.39,10.0,9.0,UPI,,,,
ORD102793,2024-05-02,Pari Menon,28.0,Female,Surat,Grocery,Green Tea Pack,2.0,135.91,25.0,2.0,Debit Card,,60.0,FEST20,
ORD102327,2023-06-03,Aditya Bhat,25.0,M,Kochi,Home & Kitchen,Steel Water Bottle,1.0,,0.0,7.0,UPI,5.0,,,
ORD101607,2024-06-24,Reyansh Rao,44.0,,Nagpur,Home & Kitchen,Curtain Set,1.0,780.45,5.0,6.0,Cash on Delivery,4.0,60.0,,
ORD100764,2023-11-25,Karan Patel,54.0,F,Pune,Electronics,Smartphone Cover,3.0,2332.79,25.0,7.0,Credit Card,4.0,,,
ORD102652,2023-12-04,Arjun Pillai,48.0,Female,Bengaluru,Grocery,Spices Combo Pack,3.0,278.31,15.0,5.0,,5.0,60.0,,
ORD102177,2024-03-13,Vivaan Gupta,27.0,M,Surat,Beauty & Personal Care,Face Wash 100ml,3.0,840.74,20.0,8.0,Debit Card,4.0,,,
ORD101373,2023-12-03,Riya Mehta,24.0,F,Bengaluru,Electronics,LED Bulb Smart,1.0,655.64,0.0,9.0,UPI,,,,
ORD101951,2024-07-08,Arjun Agarwal,45.0,m,Bengaluru,Electronics,Smartphone Cover,1.0,,20.0,9.0,UPI,,40.0,,
ORD102448,2024-12-09,Karan Iyer,36.0,m,Pune,Beauty & Personal Care,Perfume 50ml,1.0,314.32,25.0,5.0,Debit Card,2.0,0.0,,
ORD101728,2023-01-16,Aarav Shah,41.0,M,Bengaluru,Grocery,Honey 500g,3.0,,0.0,3.0,UPI,4.0,100.0,,
ORD100257,2023-04-05,Kavya Singh,36.0,M,Indore,Home & Kitchen,Non-Stick Pan,1.0,1768.71,5.0,8.0,Net Banking,5.0,,,
ORD100944,2024-01-17,Sneha Deshmukh,35.0,Male,Indore,Apparel,Women Kurti,1.0,1331.58,0.0,3.0,Credit Card,5.0,0.0,FLAT100,
ORD101219,2024-02-05,Reyansh Joshi,42.0,m,Pune,Electronics,Smartwatch Band,2.0,719.06,15.0,2.0,Credit Card,,80.0,FLAT100,Wrong Item Delivered
ORD101161,2024-03-30,Aditya Sharma,27.0,m,Pune,Electronics,Smartphone Cover,1.0,794.8,20.0,7.0,,5.0,,WELCOME50,
ORD102542,2025-05-21,Rahul Shah,35.0,Female,Chennai,Electronics,USB-C Cable,3.0,739.02,5.0,4.0,Credit Card,,,,
ORD100772,2023-01-05,Aarav Verma,23.0,Female,,Grocery,Assorted Dry Fruits,2.0,473.41,0.0,2.0,Credit Card,5.0,0.0,,
ORD102598,2025-06-01,Anika Kulkarni,38.0,Female,Lucknow,Beauty & Personal Care,Body Lotion,3.0,142.75,15.0,7.0,,,80.0,,
ORD101486,2023-05-29,Sara Iyer,29.0,F,Chandigarh,Electronics,USB-C Cable,5.0,2194.13,20.0,8.0,UPI,,60.0,,
ORD102249,2024-01-21,Riya Agarwal,31.0,Female,,Beauty & Personal Care,Sunscreen SPF50,1.0,542.31,10.0,3.0,UPI,,80.0,SAVE10,
ORD100312,2023-04-19,Ananya Mehta,43.0,m,Indore,Home & Kitchen,Storage Container Set,1.0,852.76,20.0,5.0,Credit Card,,,FLAT100,
ORD100290,2025-01-05,Krishna Nair,36.0,Female,Delhi,Home & Kitchen,Wall Clock,1.0,1370.34,15.0,2.0,Debit Card,2.0,40.0,,Quality Not as Expected
ORD100763,2024-12-26,Sneha Deshmukh,39.0,Female,Ahmedabad,Grocery,Green Tea Pack,3.0,214.73,10.0,2.0,UPI,2.0,80.0,,
ORD102997,2023-11-13,Vivaan Gupta,27.0,m,Jaipur,Beauty & Personal Care,Face Wash 100ml,1.0,768.74,0.0,9.0,UPI,,40.0,WELCOME50,
ORD100183,2024-09-26,Neha Singh,21.0,m,Nagpur,Apparel,Woolen Sweater,2.0,886.25,20.0,5.0,Cash on Delivery,3.0,,,
ORD101176,2023-12-16,Aditya Kulkarni,22.0,,Hyderabad,Home & Kitchen,Non-Stick Pan,1.0,1700.82,25.0,6.0,Debit Card,5.0,40.0,FEST20,
ORD101349,2024-06-26,Riya Deshmukh,30.0,F,Surat,Beauty & Personal Care,Sunscreen SPF50,1.0,856.11,0.0,2.0,,,40.0,,
ORD102298,2023-07-22,Ananya Chopra,31.0,Male,Mumbai,Apparel,Men Cotton T-Shirt,5.0,1454.45,10.0,3.0,Net Banking,,0.0,,
ORD102871,2025-06-07,Aditya Nair,37.0,F,Jaipur,Apparel,Men Cotton T-Shirt,3.0,966.95,15.0,4.0,Credit Card,,60.0,,
ORD101099,2024-01-09,Vivaan Agarwal,,Male,Chandigarh,Grocery,Honey 500g,5.0,476.57,10.0,4.0,Credit Card,5.0,60.0,WELCOME50,Late Delivery
ORD102988,2025-04-02,Sara Joshi,31.0,f,Chandigarh,Electronics,LED Bulb Smart,3.0,983.97,15.0,3.0,,5.0,100.0,,
ORD100391,2024-01-07,Rahul Bhat,21.0,Female,Lucknow,Electronics,Smartphone Cover,1.0,2008.07,5.0,3.0,Debit Card,,100.0,,
ORD101919,2023-11-22,Rohan Agarwal,24.0,Male,Pune,Footwear,Formal Leather Shoes,5.0,1796.16,0.0,3.0,UPI,5.0,100.0,,
ORD101456,2024-10-09,Navya Verma,36.0,Female,Chennai,Electronics,Power Bank 10000mAh,2.0,1480.94,10.0,5.0,Credit Card,3.0,150.0,,
ORD101092,2025-02-06,Arjun Mehta,37.0,m,Kochi,Electronics,Wireless Mouse,1.0,1755.18,15.0,8.0,UPI,,,,
ORD102022,2024-08-22,Kabir Nair,30.0,F,Lucknow,Home & Kitchen,Kitchen Organizer,2.0,1411.84,30.0,6.0,Credit Card,4.0,80.0,,
ORD100904,2024-12-12,Ishaan Kapoor,30.0,Male,Hyderabad,Footwear,Running Shoes,5.0,1747.22,30.0,3.0,Cash on Delivery,,,,
ORD102778,2024-12-17,Ananya Agarwal,30.0,M,Jaipur,Beauty & Personal Care,Face Wash 100ml,3.0,210.93,30.0,7.0,Net Banking,2.0,,,Defective Product
ORD102602,2024-12-12,Nikhil Mehta,33.0,M,,Electronics,Power Bank 10000mAh,2.0,,30.0,4.0,UPI,,60.0,,
ORD100366,2024-03-03,Reyansh Kulkarni,15.0,F,Kolkata,Electronics,Bluetooth Earbuds,2.0,805.48,20.0,7.0,Debit Card,4.0,40.0,,
ORD100345,2024-10-18,Myra Patel,32.0,M,Pune,Grocery,Spices Combo Pack,4.0,649.03,15.0,7.0,Debit Card,,,FEST20,
ORD102583,2023-12-20,Aditya Joshi,46.0,Female,,Apparel,Sports Track Pant,2.0,660.4,5.0,8.0,UPI,5.0,60.0,FLAT100,
ORD101372,2024-02-14,Pari Kapoor,41.0,F,Chennai,Home & Kitchen,Non-Stick Pan,1.0,579.15,5.0,2.0,,3.0,0.0,,
ORD101639,2023-01-04,Karan Deshmukh,17.0,F,Delhi,Apparel,Formal Shirt,2.0,569.21,-10.0,6.0,Credit Card,2.0,0.0,,Defective Product
ORD100919,2024-08-02,Navya Singh,30.0,M,,Home & Kitchen,Non-Stick Pan,2.0,867.5,15.0,2.0,UPI,3.0,40.0,SAVE10,
ORD100211,2024-10-15,Amit Menon,49.0,Female,Kochi,Home & Kitchen,Storage Container Set,3.0,655.7,0.0,5.0,UPI,5.0,60.0,,
ORD101603,2023-10-16,Reyansh Deshmukh,24.0,MALE,Delhi,Apparel,Sports Track Pant,1.0,468.47,20.0,5.0,Credit Card,,,,Size Issue
ORD102550,2024-11-13,Anika Kulkarni,48.0,f,Jaipur,Home & Kitchen,Non-Stick Pan,4.0,1360.28,5.0,5.0,Cash on Delivery,5.0,,,
ORD100537,2023-04-16,Myra Bhat,33.0,Female,Chandigarh,Beauty & Personal Care,Hair Oil 200ml,2.0,695.55,50.0,8.0,UPI,,80.0,,
ORD101220,2024-08-14,Reyansh Iyer,24.0,f,,Grocery,Instant Noodles Pack,1.0,608.3,25.0,6.0,Credit Card,4.0,,SAVE10,
ORD100175,2024-02-25,Sneha Kulkarni,38.0,,Ahmedabad,Beauty & Personal Care,Hair Oil 200ml,3.0,,20.0,3.0,UPI,,,,
